"config","cfg_id","n","p","h","rep","seed","ver_hsets_oficial","r_set1","r_set2","r_set3","r_set4","r_set5","r_k01_igual","r_k10_igual","nsets_can_vs_off","t_off","t_can","t_can_r6","rho_off","rho_can","crit_off","crit_can","iBest_off","iBest_can","logobj_off","logobj_can","logobj_can_rhooff","chk_logobj","best_igual","solape_best","relF_can_off","maxabs_can_off","cov_identica","rho_identico","n_atip","atip_en_best_off","atip_en_best_can","auc_off","auc_can","sens01_nsets","sens01_best","sens01_relF","sens10_nsets","sens10_best","sens10_relF","off_pert_hsets","off_pert_nsets","off_pert_best","off_pert_rho","off_pert_cov","off_pert_maxdrho","off_pert_maxrelF","off_pert_maxabs","off_pert_maxdcrit","can_pert_hsets","can_pert_nsets","can_pert_best","can_pert_rho","can_pert_cov","can_pert_maxdrho","can_pert_maxrelF","can_pert_maxabs","can_pert_maxdcrit"
"I_50x200",1,50,200,25,1,20263001,TRUE,49,49,49,50,24,TRUE,TRUE,5,1.618,1.545,1.259,0.217502,0.2280758526,-222.8857136,-214.6092457,"5","4",-1.128232362,-1.086840423,-1.127269842,2.220446049e-16,FALSE,0.92,0.382506621,0.5049555907,FALSE,FALSE,0,NA,NA,NA,NA,0,0,0,0,0,0,3,3,0,2,2,0.003602108644,0.00418873491,0.003372682332,2.799054961,0,0,0,0,0,1.609823386e-15,8.210621445e-15,2.842170943e-14,1.250555215e-12
"I_50x200",1,50,200,25,2,20263002,TRUE,49,49,49,50,24,TRUE,TRUE,5,1.329,1.382,1.272,0.23454723,0.2344622348,-215.4750831,-215.5411714,"5","4",-1.059041471,-1.059371524,-1.059063592,-2.220446049e-16,FALSE,0.84,0.5680028509,0.5701758858,FALSE,FALSE,0,NA,NA,NA,NA,0,0,0,0,0,0,3,6,0,1,1,0.0009891182316,0.001172487005,0.000859202344,0.7179314277,0,0,0,0,0,5.551115123e-16,7.874480218e-15,2.575717417e-14,8.242295735e-13
"I_50x200",1,50,200,25,3,20263003,TRUE,49,49,49,50,24,TRUE,TRUE,5,1.43,1.274,1.204,0.2262171081,0.2317665837,-218.5617184,-214.2272054,"5","4",-1.091007636,-1.069331326,-1.089943703,-4.440892099e-16,FALSE,0.92,0.3980918216,0.4248858827,FALSE,FALSE,0,NA,NA,NA,NA,0,0,0,0,0,0,3,6,0,0,0,2.91433544e-15,8.908866173e-15,5.684341886e-14,1.449507181e-12,0,0,0,0,0,2.581268532e-15,8.803260135e-15,5.884182031e-14,2.01794137e-12
"I_50x200",1,50,200,25,4,20263004,TRUE,49,49,49,50,24,TRUE,TRUE,5,1.3,1.234,1.177,0.229798169,0.2302316529,-216.4055442,-215.9431155,"5","4",-1.0783456,-1.076034625,-1.077637246,-2.220446049e-16,FALSE,0.92,0.4027111617,0.4397198306,FALSE,FALSE,0,NA,NA,NA,NA,0,0,0,0,0,0,3,5,0,2,2,0.002054821874,0.002423155757,0.002155662296,1.527661523,0,0,0,0,0,5.523359548e-15,1.049915232e-14,2.464695115e-14,3.808509064e-12
"I_50x200",1,50,200,25,5,20263005,TRUE,49,49,49,50,24,TRUE,TRUE,5,1.434,1.277,1.216,0.232523069,0.2360603869,-213.0675763,-210.5025352,"5","4",-1.067775432,-1.054946522,-1.067775432,2.220446049e-16,TRUE,1,0.004179313749,0.003463402703,FALSE,FALSE,0,NA,NA,NA,NA,0,0,0,0,0,0,3,6,0,3,3,0.001408582734,0.001664229614,0.001379149231,1.032785624,0,0,0,0,0,1.637578961e-15,8.174658433e-15,3.375077995e-14,1.108446668e-12
"I_50x200",1,50,200,25,6,20263006,TRUE,49,49,49,50,24,TRUE,TRUE,5,1.35,1.393,1.284,0.233454589,0.2363095121,-215.7234663,-213.4432553,"5","4",-1.062880003,-1.051478319,-1.061803538,0,FALSE,0.92,0.3980767394,0.5262038679,FALSE,FALSE,0,NA,NA,NA,NA,0,0,0,0,0,0,3,3,1,1,1,0.002592940215,0.7496444511,0.9426744397,1.426195523,0,0,0,0,0,1.498801083e-15,8.335794931e-15,3.17523785e-14,8.242295735e-13
"I_50x200",1,50,200,25,7,20263007,TRUE,49,49,49,50,24,TRUE,TRUE,5,1.727,1.67,1.603,0.2240859,0.2245030363,-219.5240077,-219.4706724,"4","1",-1.100535124,-1.100266014,-1.101849623,2.220446049e-16,FALSE,0.8,0.6293567278,0.6232724904,FALSE,FALSE,0,NA,NA,NA,NA,0,0,0,0,0,0,3,4,3,1,3,0.003548283264,0.7561314697,0.7282575461,2.233870857,0,0,0,0,0,7.771561172e-16,7.92697644e-15,4.04121181e-14,1.705302566e-13
"I_50x200",1,50,200,25,8,20263008,TRUE,49,49,49,50,24,TRUE,TRUE,5,1.623,1.44,1.38,0.2386249384,0.2386249384,-212.5457923,-212.3529178,"5","4",-1.047664268,-1.04670176,-1.04670176,4.440892099e-16,FALSE,0.92,0.4063835228,0.4357426783,FALSE,TRUE,0,NA,NA,NA,NA,0,0,0,0,0,0,3,6,0,0,0,1.998401444e-15,8.329449914e-15,3.896882816e-14,1.278976924e-12,0,0,0,0,0,1.998401444e-15,8.349109322e-15,3.708144902e-14,9.663381206e-13
"I_50x200",1,50,200,25,9,20263009,TRUE,49,49,49,50,24,TRUE,TRUE,5,1.293,1.256,1.199,0.223929546,0.2235829019,-223.7988163,-224.1296639,"5","1",-1.10097485,-1.10262819,-1.101309057,-2.220446049e-16,FALSE,0.88,0.4887088777,0.4801298416,FALSE,FALSE,0,NA,NA,NA,NA,0,0,0,0,0,0,3,6,2,2,2,0.002551725162,0.6857793232,0.6239294693,1.562029966,0,0,0,0,0,2.303712776e-15,8.920039734e-15,3.108624469e-14,1.278976924e-12
"I_50x200",1,50,200,25,10,20263010,TRUE,49,49,49,50,24,TRUE,TRUE,5,1.37,1.229,1.123,0.2272589733,0.229951837,-218.0108044,-216.1628746,"4","4",-1.08645425,-1.07721175,-1.087231864,0,FALSE,0.8,0.6235291612,0.6792882235,FALSE,FALSE,0,NA,NA,NA,NA,0,0,0,0,0,0,3,6,3,2,3,0.0008678859858,0.7596077708,0.9845693197,0.5935527164,0,0,0,0,0,2.02615702e-15,8.227121749e-15,3.663735981e-14,2.01794137e-12
"I_50x200",1,50,200,25,11,20263011,TRUE,49,49,49,50,24,TRUE,TRUE,5,1.368,1.236,1.178,0.22716953,0.2302347271,-218.2616641,-216.4868553,"6","4",-1.083628675,-1.074746748,-1.086147192,-4.440892099e-16,FALSE,0.64,0.815855316,0.7815500844,FALSE,FALSE,0,NA,NA,NA,NA,0,0,0,0,0,0,3,6,3,2,3,0.0008820417133,0.7794624855,0.642363907,0.5347740952,0,0,0,0,0,8.326672685e-16,8.018479774e-15,3.17523785e-14,7.389644452e-13
"I_50x200",1,50,200,25,12,20263012,TRUE,49,49,49,50,24,TRUE,TRUE,5,1.372,1.298,1.234,0.2264256419,0.2278350807,-217.0248355,-215.8349788,"5","2",-1.092358584,-1.086408604,-1.091689225,2.220446049e-16,FALSE,0.84,0.5509958651,0.59631486,FALSE,FALSE,0,NA,NA,NA,NA,0,0,0,0,0,0,3,6,1,3,3,0.003132581472,0.4810875066,0.4763675261,2.069806298,0,0,0,0,0,3.247402347e-15,8.59388915e-15,2.886579864e-14,2.529532139e-12
"I_50x200",1,50,200,25,13,20263013,TRUE,49,49,49,50,24,TRUE,TRUE,5,1.229,1.277,1.185,0.2251409159,0.2449021992,-219.7264902,-205.598295,"1","4",-1.095170152,-1.024507456,-1.095991681,-2.220446049e-16,FALSE,0.88,0.4898551653,0.5146531772,FALSE,FALSE,0,NA,NA,NA,NA,0,0,0,0,0,0,3,5,3,3,3,0.005784353356,0.5648959872,0.5479381208,4.111429695,0,0,0,0,0,1.498801083e-15,8.399841029e-15,3.019806627e-14,1.193711796e-12
"I_50x200",1,50,200,25,14,20263014,TRUE,49,49,49,50,24,TRUE,TRUE,5,1.386,1.264,1.217,0.2227791814,0.2283009738,-222.5860483,-218.6005549,"2","4",-1.103516668,-1.083581041,-1.104421045,2.220446049e-16,FALSE,0.84,0.5550984648,0.5032867091,FALSE,FALSE,0,NA,NA,NA,NA,0,0,0,0,0,0,3,6,0,0,0,6.383782392e-16,8.041056953e-15,2.997602166e-14,5.400124792e-13,0,0,0,0,0,1.026956298e-15,7.981247547e-15,3.019806627e-14,8.810729923e-13
"I_50x200",1,50,200,25,15,20263015,TRUE,49,49,49,50,24,TRUE,TRUE,5,1.364,1.258,1.192,0.2301131511,0.2202854838,-216.2861028,-223.6265163,"5","4",-1.078745739,-1.115458543,-1.078302778,0,FALSE,0.92,0.401727948,0.4900831903,FALSE,FALSE,0,NA,NA,NA,NA,0,0,0,0,0,0,3,6,0,3,3,0.002295412917,0.002703563101,0.002148383699,1.705197811,0,0,0,0,0,2.2759572e-15,8.25098572e-15,2.842170943e-14,2.330580173e-12
"I_50x200",1,50,200,25,16,20263016,TRUE,49,49,49,50,24,TRUE,TRUE,5,1.436,1.281,1.181,0.2239795807,0.2279573149,-223.2495993,-220.4123369,"5","4",-1.09898053,-1.084787675,-1.099769945,0,FALSE,0.96,0.2792085062,0.3399625452,FALSE,FALSE,0,NA,NA,NA,NA,0,0,0,0,0,0,3,4,0,1,1,0.001715476018,0.002008124888,0.001666087084,1.30896345,0,0,0,0,0,4.94049246e-15,9.987777861e-15,3.130828929e-14,3.666400517e-12
"I_50x200",1,50,200,25,17,20263017,TRUE,49,49,49,50,24,TRUE,TRUE,5,1.451,1.274,1.21,0.2259708237,0.2270847549,-222.5896673,-221.009362,"5","2",-1.096365007,-1.088469045,-1.092653971,0,FALSE,0.68,0.8121665264,0.6537478915,FALSE,FALSE,0,NA,NA,NA,NA,0,0,0,0,0,0,3,6,0,1,1,0.0001194640724,0.0001402349042,0.000116494778,0.09001524166,0,0,0,0,0,3.247402347e-15,9.013561918e-15,3.241851232e-14,2.50111043e-12
"I_50x200",1,50,200,25,18,20263018,TRUE,49,49,49,50,24,TRUE,TRUE,5,1.39,1.275,1.218,0.2356154242,0.2324673253,-211.1041047,-213.2306278,"5","4",-1.05655202,-1.067189447,-1.055758942,0,FALSE,0.88,0.4659385627,0.4189629867,FALSE,FALSE,0,NA,NA,NA,NA,0,0,0,0,0,0,3,6,0,2,2,0.001653886613,0.001963789034,0.001594172903,1.196739229,0,0,0,0,0,7.771561172e-16,8.052256118e-15,3.574918139e-14,5.684341886e-13
"I_50x200",1,50,200,25,19,20263019,TRUE,49,49,49,50,24,TRUE,TRUE,5,1.332,1.307,1.213,0.220397248,0.2382893168,-221.5721354,-208.5628851,"1","4",-1.113094412,-1.048027407,-1.11442352,2.220446049e-16,FALSE,0.76,0.6645277058,0.5462943131,FALSE,FALSE,0,NA,NA,NA,NA,0,0,0,0,0,0,3,6,3,3,3,0.0005270113732,0.4985368074,0.4857331312,0.4112075808,0,0,0,0,0,1.554312234e-15,8.292485571e-15,3.419486916e-14,9.663381206e-13
"I_50x200",1,50,200,25,20,20263020,TRUE,49,49,49,50,24,TRUE,TRUE,5,1.414,1.21,1.15,0.227641411,0.2293872447,-216.6192301,-215.0685703,"5","4",-1.085566696,-1.077814035,-1.084312377,0,FALSE,0.8,0.6283843639,0.6530386864,FALSE,FALSE,0,NA,NA,NA,NA,0,0,0,0,0,0,3,6,0,1,1,0.000208616945,0.0002455668229,0.0002017538867,0.1558198859,0,0,0,0,0,1.970645869e-15,8.392991004e-15,3.352873534e-14,1.080024958e-12
"I_50x200",1,50,200,25,21,20263021,TRUE,49,49,49,50,24,TRUE,TRUE,5,1.344,1.236,1.173,0.2266770267,0.2367148819,-224.3772336,-217.3190046,"2","4",-1.088499277,-1.053193215,-1.090034791,0,FALSE,0.76,0.6849293527,0.5606280801,FALSE,FALSE,0,NA,NA,NA,NA,0,0,0,0,0,0,3,6,3,0,3,4.607425552e-15,0.4029093879,0.4615100462,0.0813539374,0,0,0,0,0,1.304512054e-15,8.061754182e-15,3.874678356e-14,1.023181539e-12
"I_50x200",1,50,200,25,22,20263022,TRUE,49,49,49,50,24,TRUE,TRUE,5,1.337,1.354,1.304,0.2247044945,0.2274620768,-219.4823794,-217.671118,"1|2","4",-1.095139557,-1.086078002,-1.096457953,-4.440892099e-16,FALSE,0.8,0.6122103094,0.7950361506,FALSE,FALSE,0,NA,NA,NA,NA,0,0,0,0,0,0,3,5,2,2,2,0.002757563528,0.6255420974,0.8155813667,2.135865758,0,0,0,0,0,3.552713679e-15,8.866358264e-15,2.464695115e-14,3.041122909e-12
"I_50x200",1,50,200,25,23,20263023,TRUE,49,49,49,50,24,TRUE,TRUE,5,1.399,1.22,1.161,0.2216812941,0.2286139781,-228.6051185,-223.3828253,"5","4",-1.106810013,-1.080690332,-1.106899844,-2.220446049e-16,FALSE,0.92,0.4067780199,0.3985453922,FALSE,FALSE,0,NA,NA,NA,NA,0,0,0,0,0,0,3,5,0,1,1,0.002095391092,0.00244893094,0.001921264866,1.617520367,0,0,0,0,0,1.942890293e-15,8.127676059e-15,2.953193246e-14,1.47792889e-12
"I_50x200",1,50,200,25,24,20263024,TRUE,49,49,49,50,24,TRUE,TRUE,5,1.37,1.257,1.193,0.2190377578,0.2268339617,-222.5392553,-217.0845029,"2","4",-1.117713403,-1.090427492,-1.120212218,0,FALSE,0.84,0.5729795755,0.5060993871,FALSE,FALSE,0,NA,NA,NA,NA,0,0,0,0,0,0,3,5,1,1,2,0.0005220021371,0.4255499003,0.4816810128,0.4055301413,0,0,0,0,0,1.804112415e-15,8.290080217e-15,3.352873534e-14,1.733724275e-12
"I_50x200",1,50,200,25,25,20263025,TRUE,49,49,49,50,24,TRUE,TRUE,5,1.429,1.526,1.461,0.2365566322,0.2326089767,-217.6447821,-219.9740087,"5","2",-1.052712467,-1.064365428,-1.050068463,0,FALSE,0.8,0.6216620009,0.4859373873,FALSE,FALSE,0,NA,NA,NA,NA,0,0,0,0,0,0,3,6,1,3,3,0.0007052848475,0.6987260285,0.7011477691,0.2917434099,0,0,0,0,0,4.163336342e-16,8.053253146e-15,3.042011087e-14,3.97903932e-13
"I_50x200",1,50,200,25,26,20263026,TRUE,49,49,49,50,24,TRUE,TRUE,5,1.655,1.557,1.256,0.230582444,0.2231919964,-214.8369074,-220.3866943,"2","1",-1.070320489,-1.098076011,-1.070362949,2.220446049e-16,FALSE,0.64,0.8173555664,0.7685538368,FALSE,FALSE,0,NA,NA,NA,NA,0,0,0,0,0,0,3,4,0,1,1,0.004330842786,0.005123380791,0.004569905008,3.224152244,0,0,0,0,0,2.609024108e-15,8.519187704e-15,3.108624469e-14,2.131628207e-12
"I_50x200",1,50,200,25,27,20263027,TRUE,49,49,49,50,24,TRUE,TRUE,5,1.357,1.34,1.275,0.2365848558,0.2356869338,-213.3669852,-213.6408908,"5","4",-1.055384495,-1.05675941,-1.053529204,-2.220446049e-16,FALSE,0.84,0.5524604182,0.5203772524,FALSE,FALSE,0,NA,NA,NA,NA,0,0,0,0,0,0,3,4,0,2,2,0.0008979220338,0.001065218748,0.0008511455803,0.6459560601,0,0,0,0,0,2.192690474e-15,8.353965012e-15,3.486100297e-14,1.620037438e-12
"I_50x200",1,50,200,25,28,20263028,TRUE,49,49,49,50,24,TRUE,TRUE,5,1.377,1.247,1.181,0.2216758487,0.2205404397,-219.3497253,-220.1231176,"5","4",-1.109846712,-1.11371564,-1.109341178,-2.220446049e-16,FALSE,0.92,0.4040915662,0.5049653984,FALSE,FALSE,0,NA,NA,NA,NA,0,0,0,0,0,0,3,6,0,0,0,1.360023205e-15,8.085091624e-15,3.774758284e-14,1.051603249e-12,0,0,0,0,0,2.109423747e-15,8.21058613e-15,3.641531521e-14,1.165290087e-12
"I_50x200",1,50,200,25,29,20263029,TRUE,49,49,49,50,24,TRUE,TRUE,5,1.449,1.3,1.214,0.2250283815,0.2310429291,-224.4989382,-219.9698663,"5","4",-1.092465077,-1.069813493,-1.092247859,0,FALSE,0.92,0.4066644828,0.4249681485,FALSE,FALSE,0,NA,NA,NA,NA,0,0,0,0,0,0,3,6,0,1,1,0.0048869672,0.005723988638,0.004251786813,3.654041215,0,0,0,0,0,1.942890293e-15,8.219792195e-15,2.531308496e-14,1.449507181e-12
"I_50x200",1,50,200,25,30,20263030,TRUE,49,49,49,50,24,TRUE,TRUE,5,1.529,1.301,1.244,0.2316309588,0.2372534768,-219.3525524,-215.2468952,"5","4",-1.073051968,-1.052517773,-1.07289974,4.440892099e-16,FALSE,0.96,0.2855208189,0.3883715035,FALSE,FALSE,0,NA,NA,NA,NA,0,0,0,0,0,0,3,4,0,3,3,0.001631583722,0.001927289014,0.001411013333,1.201933901,0,0,0,0,0,8.881784197e-16,8.073012265e-15,3.730349363e-14,5.96855898e-13
"I_50x200",1,50,200,25,31,20263031,TRUE,49,49,49,50,24,TRUE,TRUE,5,1.41,1.394,1.318,0.2243241412,0.2290246596,-221.715071,-217.9278469,"5","4",-1.098983474,-1.080045795,-1.097691977,0,FALSE,0.84,0.5476037674,0.6281380921,FALSE,FALSE,0,NA,NA,NA,NA,0,0,0,0,0,0,3,6,0,0,0,2.02615702e-15,8.181875024e-15,3.086420008e-14,1.705302566e-12,0,0,0,0,0,5.273559367e-16,7.908598512e-15,3.15303339e-14,4.831690603e-13
"I_50x200",1,50,200,25,32,20263032,TRUE,49,49,49,50,24,TRUE,TRUE,5,1.685,1.687,1.604,0.2246818441,0.2242051551,-221.392843,-221.6258513,"5","4",-1.098923778,-1.100091065,-1.098282819,0,FALSE,0.92,0.3942282491,0.3976089744,FALSE,FALSE,0,NA,NA,NA,NA,0,0,0,0,0,0,3,6,0,2,2,0.001645933613,0.001932355982,0.00160597692,1.242337334,0,0,0,0,0,8.049116929e-16,8.08053257e-15,3.264055692e-14,4.547473509e-13
"I_50x200",1,50,200,25,33,20263033,TRUE,49,49,49,50,24,TRUE,TRUE,5,1.584,1.459,1.368,0.2241780379,0.2210907026,-225.3345375,-227.7081278,"5","4",-1.100656282,-1.112527041,-1.100715965,-2.220446049e-16,FALSE,0.96,0.281536841,0.295641005,FALSE,FALSE,0,NA,NA,NA,NA,0,0,0,0,0,0,3,5,0,2,2,0.001114983602,0.001304970323,0.001137639733,0.8489326385,0,0,0,0,0,3.719247132e-15,8.802081199e-15,3.308464613e-14,2.671640686e-12
"I_50x200",1,50,200,25,34,20263034,TRUE,49,49,49,50,24,TRUE,TRUE,5,1.456,1.332,1.277,0.2187290109,0.2278557493,-226.1278377,-219.0652515,"5","4",-1.119116396,-1.083794569,-1.118599419,2.220446049e-16,FALSE,0.84,0.5664120415,0.5380647182,FALSE,FALSE,0,NA,NA,NA,NA,0,0,0,0,0,0,3,6,0,3,3,0.00518385385,0.006042225855,0.004425510975,3.989031065,0,0,0,0,0,2.02615702e-15,8.359716867e-15,3.064215548e-14,1.762145985e-12
"I_50x200",1,50,200,25,35,20263035,TRUE,49,49,49,50,24,TRUE,TRUE,5,1.369,1.332,1.273,0.2234306041,0.2256543834,-223.2915852,-221.8333025,"2","4",-1.099874914,-1.092579581,-1.101010361,-2.220446049e-16,FALSE,0.76,0.6639865557,0.5718543133,FALSE,FALSE,0,NA,NA,NA,NA,0,0,0,0,0,0,3,5,0,0,0,3.025357742e-15,8.475938314e-15,3.808064974e-14,2.47268872e-12,0,0,0,0,0,1.998401444e-15,8.242013155e-15,3.574918139e-14,1.818989404e-12
"I_50x200",1,50,200,25,36,20263036,TRUE,49,49,49,50,24,TRUE,TRUE,5,1.305,1.294,1.238,0.2219740526,0.2310970414,-230.3049694,-223.3594874,"5","4",-1.106760648,-1.072023709,-1.106296756,2.220446049e-16,FALSE,0.84,0.5397890071,0.4907019984,FALSE,FALSE,0,NA,NA,NA,NA,0,0,0,0,0,0,3,6,0,3,3,0.004564523569,0.00533955439,0.004047000015,3.464600994,0,0,0,0,0,1.1379786e-15,8.015479065e-15,2.908784325e-14,8.526512829e-13
"I_50x200",1,50,200,25,37,20263037,TRUE,49,49,49,50,24,TRUE,TRUE,5,1.364,1.326,1.217,0.2359025244,0.2273579999,-210.1507597,-216.2995683,"5","4",-1.054472554,-1.085227128,-1.053866539,0,FALSE,0.92,0.3956894089,0.3530549136,FALSE,FALSE,0,NA,NA,NA,NA,0,0,0,0,0,0,3,5,0,2,2,0.01171774972,0.01391478994,0.0104666626,8.662420982,0,0,0,0,0,1.887379142e-15,8.134463632e-15,3.463895837e-14,1.421085472e-12
"I_50x200",1,50,200,25,38,20263038,TRUE,49,49,49,50,24,TRUE,TRUE,5,1.383,1.218,1.161,0.2279326194,0.2317101323,-219.5857778,-216.6499206,"5","4",-1.086382263,-1.07170068,-1.085680004,0,FALSE,0.92,0.3808602186,0.6142720167,FALSE,FALSE,0,NA,NA,NA,NA,0,0,0,0,0,0,3,6,0,2,2,0.001795692101,0.002110888075,0.001973578694,1.334738959,0,0,0,0,0,1.082467449e-15,8.111741285e-15,3.264055692e-14,1.136868377e-13
"I_50x200",1,50,200,25,39,20263039,TRUE,49,49,49,50,24,TRUE,TRUE,5,1.359,1.213,1.155,0.228540208,0.228540208,-218.5233962,-218.4997664,"5","4",-1.084410313,-1.084292203,-1.084292203,2.220446049e-16,FALSE,0.92,0.3915911342,0.5098566783,FALSE,TRUE,0,NA,NA,NA,NA,0,0,0,0,0,0,3,6,0,3,3,0.009088341757,0.01067520635,0.008000411403,6.9083694,0,0,0,0,0,1.748601264e-15,8.331737395e-15,3.019806627e-14,1.165290087e-12
"I_50x200",1,50,200,25,40,20263040,TRUE,49,49,49,50,24,TRUE,TRUE,5,1.356,1.241,1.147,0.2273757352,0.2365083527,-220.5055408,-213.5526341,"5","2",-1.085859861,-1.051086243,-1.084561798,0,FALSE,0.8,0.6231468355,0.5844535294,FALSE,FALSE,0,NA,NA,NA,NA,0,0,0,0,0,0,3,5,0,2,2,0.002316142855,0.002726816637,0.002026679786,1.742141935,0,0,0,0,0,8.604228441e-16,8.090960451e-15,4.085620731e-14,4.831690603e-13
"I_50x200",1,50,200,25,41,20263041,TRUE,49,49,49,50,24,TRUE,TRUE,5,1.466,1.25,1.189,0.2239202695,0.2246069207,-220.9938222,-220.3183743,"5","4",-1.102443608,-1.099068088,-1.101674989,2.220446049e-16,FALSE,0.88,0.4801395107,0.582265913,FALSE,FALSE,0,NA,NA,NA,NA,0,0,0,0,0,0,3,6,0,2,2,0.004047301938,0.004743537655,0.00399331181,3.048851949,0,0,0,0,0,3.691491557e-15,8.682870779e-15,2.642330799e-14,2.955857781e-12
"I_50x200",1,50,200,25,42,20263042,TRUE,49,49,49,50,24,TRUE,TRUE,5,1.441,1.247,1.185,0.2321765601,0.2253699785,-215.2682262,-220.2806947,"5","4",-1.06895242,-1.094022193,-1.068711603,0,FALSE,0.88,0.5045605041,0.5043153218,FALSE,FALSE,0,NA,NA,NA,NA,0,0,0,0,0,0,3,6,0,3,3,0.001591312401,0.0018837694,0.001436765234,1.160818038,0,0,0,0,0,1.915134717e-15,8.34836081e-15,3.641531521e-14,8.810729923e-13
"I_50x200",1,50,200,25,43,20263043,TRUE,49,49,49,50,24,TRUE,TRUE,5,1.377,1.286,1.228,0.2240247244,0.2290028832,-222.500565,-218.7367555,"5","4",-1.099206725,-1.08038226,-1.099083949,-2.220446049e-16,FALSE,0.96,0.2863075207,0.4456253315,FALSE,FALSE,0,NA,NA,NA,NA,0,0,0,0,0,0,3,6,0,3,3,0.004359567371,0.005100405811,0.00431160023,3.279265396,0,0,0,0,0,1.804112415e-15,8.35241256e-15,3.974598428e-14,1.563194019e-12
"I_50x200",1,50,200,25,44,20263044,TRUE,49,49,49,50,24,TRUE,TRUE,5,1.422,1.318,1.204,0.2377534667,0.2377534667,-213.0593496,-212.9843458,"5","4",-1.051411057,-1.051036554,-1.051036554,0,FALSE,0.92,0.4067410477,0.4659392158,FALSE,TRUE,0,NA,NA,NA,NA,0,0,0,0,0,0,3,4,0,0,0,2.91433544e-15,8.691703394e-15,3.530509218e-14,1.875832822e-12,0,0,0,0,0,2.91433544e-15,8.65234812e-15,3.61932706e-14,2.074784788e-12
"I_50x200",1,50,200,25,45,20263045,TRUE,49,49,49,50,24,TRUE,TRUE,5,1.373,1.22,1.175,0.2267920833,0.224129896,-222.9161287,-224.8819965,"5","4",-1.091677477,-1.101509974,-1.091458214,0,FALSE,0.92,0.3938747386,0.3625545923,FALSE,FALSE,0,NA,NA,NA,NA,0,0,0,0,0,0,3,5,0,3,3,0.005390652967,0.00633120269,0.005651018002,4.095646387,0,0,0,0,0,2.664535259e-15,8.580458748e-15,2.509104036e-14,2.330580173e-12
"I_50x200",1,50,200,25,46,20263046,TRUE,49,49,49,50,24,TRUE,TRUE,5,1.333,1.301,1.245,0.2313387383,0.234321795,-218.1665438,-215.9382866,"5","4",-1.073572867,-1.062428113,-1.073318732,0,FALSE,0.92,0.4051373494,0.5459809394,FALSE,FALSE,0,NA,NA,NA,NA,0,0,0,0,0,0,3,5,0,3,3,0.002365408891,0.002792171759,0.002412160138,1.747564278,0,0,0,0,0,3.247402347e-15,8.883083671e-15,2.819966483e-14,2.188471626e-12
"I_50x200",1,50,200,25,47,20263047,TRUE,49,49,49,50,24,TRUE,TRUE,5,1.342,1.307,1.242,0.2309997131,0.23910389,-215.7829702,-209.9236383,"1","1",-1.072671077,-1.04336665,-1.072662178,-2.220446049e-16,FALSE,0.72,0.7442056991,0.8067871541,FALSE,FALSE,0,NA,NA,NA,NA,0,0,0,0,0,0,3,5,2,1,2,0.001035103146,0.6216045235,0.5044623926,0.1932924351,0,0,0,0,0,8.604228441e-16,8.038043115e-15,3.241851232e-14,5.96855898e-13
"I_50x200",1,50,200,25,48,20263048,TRUE,49,49,49,50,24,TRUE,TRUE,5,1.357,1.181,1.127,0.2188151326,0.2218154635,-220.7695289,-218.3343821,"5","2",-1.121180078,-1.109002244,-1.120605097,6.661338148e-16,FALSE,0.88,0.4974438869,0.5738168627,FALSE,FALSE,0,NA,NA,NA,NA,0,0,0,0,0,0,3,6,0,3,3,0.003000330835,0.003487670612,0.003190637594,2.32003768,0,0,0,0,0,9.325873407e-15,1.33366177e-14,2.864375404e-14,7.048583939e-12
"I_50x200",1,50,200,25,49,20263049,TRUE,49,49,49,50,24,TRUE,TRUE,5,1.316,1.266,1.203,0.2290894829,0.2338431253,-219.4969011,-216.1025577,"5","4",-1.08009469,-1.063116141,-1.080577629,0,FALSE,0.92,0.3906122404,0.4348049438,FALSE,FALSE,0,NA,NA,NA,NA,0,0,0,0,0,0,3,6,0,1,1,0.00801861525,0.009449461191,0.008292165822,6.063724191,0,0,0,0,0,1.637578961e-15,8.169977999e-15,3.197442311e-14,9.947598301e-13
"I_50x200",1,50,200,25,50,20263050,TRUE,49,49,49,50,24,TRUE,TRUE,5,1.391,1.563,1.504,0.2326930114,0.235835002,-215.2522686,-213.4624003,"2","1",-1.062042713,-1.053080025,-1.064477192,-2.220446049e-16,FALSE,0.68,0.7825645366,0.7913638404,FALSE,FALSE,0,NA,NA,NA,NA,0,0,0,0,0,0,3,6,2,3,3,0.002774607411,0.7762206028,0.6665264567,2.013213069,0,0,0,0,0,3.247402347e-15,8.57531413e-15,2.442490654e-14,2.728484105e-12
"I_100x200",2,100,200,50,1,20264001,TRUE,99,99,99,100,49,TRUE,TRUE,5,2.788,2.65,2.363,0.1485492259,0.1524490176,-232.4827264,-228.5200427,"5","4",-1.161809884,-1.141990842,-1.160842131,0,FALSE,0.96,0.2594916184,0.2244368907,FALSE,FALSE,0,NA,NA,NA,NA,0,0,0,0,0,0,3,5,0,3,3,0.001292726733,0.001309456111,0.0008987140203,1.260803544,0,0,0,0,0,1.054711873e-15,7.571820625e-15,2.287059431e-14,1.335820343e-12
"I_100x200",2,100,200,50,2,20264002,TRUE,99,99,99,100,49,TRUE,TRUE,5,2.608,2.432,2.362,0.154714666,0.153675033,-222.7108727,-223.7412168,"5","4",-1.128178776,-1.133332059,-1.128434558,2.220446049e-16,FALSE,0.98,0.1817470566,0.1904818143,FALSE,FALSE,0,NA,NA,NA,NA,0,0,0,0,0,0,3,6,0,2,2,0.002997070218,0.003048419154,0.001910961373,2.841376254,0,0,0,0,0,9.714451465e-16,7.633806455e-15,2.420286194e-14,7.105427358e-13
"I_100x200",2,100,200,50,3,20264003,TRUE,99,99,99,100,49,TRUE,TRUE,5,2.542,2.531,2.46,0.1509693825,0.1536591263,-226.2414388,-223.6027862,"5","4",-1.149204773,-1.136006716,-1.148845912,-4.440892099e-16,FALSE,0.96,0.2702959549,0.2115815527,FALSE,FALSE,0,NA,NA,NA,NA,0,0,0,0,0,0,3,6,0,3,3,0.001468929707,0.001488429443,0.0009211337646,1.407693226,0,0,0,0,0,4.440892099e-16,7.542602558e-15,2.486899575e-14,4.831690603e-13
"I_100x200",2,100,200,50,4,20264004,TRUE,99,99,99,100,49,TRUE,TRUE,5,2.82,2.838,2.66,0.146231861,0.1498938481,-229.7851582,-227.5187188,"2","4",-1.164340533,-1.152993528,-1.170994292,-4.440892099e-16,FALSE,0.76,0.6417259411,0.46813097,FALSE,FALSE,0,NA,NA,NA,NA,0,0,0,0,0,0,3,6,2,1,2,0.001928585978,0.3784107442,0.2890214262,1.671758575,0,0,0,0,0,1.276756478e-15,7.443448425e-15,1.931788063e-14,6.821210263e-13
"I_100x200",2,100,200,50,5,20264005,TRUE,99,99,99,100,49,TRUE,TRUE,5,2.718,2.456,2.366,0.1500537034,0.1500537034,-229.4542667,-229.3511682,"5","4",-1.146099867,-1.145585121,-1.145585121,-2.220446049e-16,FALSE,0.94,0.3183956922,0.2919446407,FALSE,TRUE,0,NA,NA,NA,NA,0,0,0,0,0,0,3,6,0,3,3,0.001992122273,0.00201643545,0.001277568721,1.916278367,0,0,0,0,0,3.885780586e-16,7.530727339e-15,2.24265051e-14,6.536993169e-13
"I_100x200",2,100,200,50,6,20264006,TRUE,99,99,99,100,49,TRUE,TRUE,5,2.638,2.464,2.353,0.1513325643,0.1564069417,-229.0304322,-223.9812249,"5","4",-1.143685335,-1.118431792,-1.142388571,0,FALSE,0.94,0.315934435,0.2339402421,FALSE,FALSE,0,NA,NA,NA,NA,0,0,0,0,0,0,3,6,0,3,3,0.0007801352052,0.0007912095818,0.0004625493902,0.7513086962,0,0,0,0,0,1.387778781e-15,7.603795458e-15,1.709743458e-14,1.591615728e-12
"I_100x200",2,100,200,50,7,20264007,TRUE,99,99,99,100,49,TRUE,TRUE,5,2.529,2.229,2.151,0.1536667832,0.1567463827,-225.8632475,-222.9484457,"5","4",-1.134750965,-1.120170826,-1.134584898,0,FALSE,0.98,0.1899533739,0.1520141466,FALSE,FALSE,0,NA,NA,NA,NA,0,0,0,0,0,0,3,6,0,3,3,0.001865976187,0.001897331239,0.00111916095,1.775493867,0,0,0,0,0,1.1379786e-15,7.634200405e-15,1.976196984e-14,6.536993169e-13
"I_100x200",2,100,200,50,8,20264008,TRUE,99,99,99,100,49,TRUE,TRUE,5,2.491,2.5,2.381,0.1549386831,0.1548185437,-222.2138234,-222.3823981,"5","4",-1.132435324,-1.133278036,-1.13271428,2.220446049e-16,FALSE,0.96,0.2597340044,0.208692475,FALSE,FALSE,0,NA,NA,NA,NA,0,0,0,0,0,0,3,6,0,1,1,0.0001962137347,0.0001996831592,0.0001351684654,0.1838668479,0,0,0,0,0,7.771561172e-16,7.520961029e-15,2.176037128e-14,5.684341886e-13
"I_100x200",2,100,200,50,9,20264009,TRUE,99,99,99,100,49,TRUE,TRUE,5,2.568,2.394,2.314,0.1514105614,0.1501583903,-228.6186258,-229.5154342,"5","4",-1.145757863,-1.150247147,-1.144208327,2.220446049e-16,FALSE,0.94,0.3323920603,0.21090605,FALSE,FALSE,0,NA,NA,NA,NA,0,0,0,0,0,0,3,6,0,3,3,0.001038150812,0.001053355837,0.0006164425305,1.000411951,0,0,0,0,0,6.383782392e-16,7.532671267e-15,2.24265051e-14,4.831690603e-13
"I_100x200",2,100,200,50,10,20264010,TRUE,99,99,99,100,49,TRUE,TRUE,5,2.516,2.359,2.282,0.1512872885,0.1532141622,-232.3042158,-230.4022085,"5","4",-1.142263326,-1.132749772,-1.141945668,-2.220446049e-16,FALSE,0.96,0.2662400409,0.2510644395,FALSE,FALSE,0,NA,NA,NA,NA,0,0,0,0,0,0,3,6,0,2,2,0.001611009432,0.001635075369,0.0009461765894,1.555959463,0,0,0,0,0,7.21644966e-16,7.61790867e-15,1.987299214e-14,7.389644452e-13
"I_100x200",2,100,200,50,11,20264011,TRUE,99,99,99,100,49,TRUE,TRUE,5,2.486,2.438,2.338,0.1500167803,0.1526036223,-228.034949,-226.1961537,"2","4",-1.146268939,-1.13706808,-1.149495222,2.220446049e-16,FALSE,0.76,0.6267219046,0.4655161972,FALSE,FALSE,0,NA,NA,NA,NA,0,0,0,0,0,0,3,6,1,2,2,0.0008479695257,0.605667421,0.4449837895,0.476414429,0,0,0,0,0,6.106226635e-16,7.560350075e-15,2.109423747e-14,9.094947018e-13
"I_100x200",2,100,200,50,12,20264012,TRUE,99,99,99,100,49,TRUE,TRUE,5,2.687,2.487,2.423,0.1516042413,0.1520031736,-229.6264955,-229.5966696,"2","1",-1.139985551,-1.139832828,-1.141743426,-4.440892099e-16,FALSE,0.8,0.5860583457,0.6184504004,FALSE,FALSE,0,NA,NA,NA,NA,0,0,0,0,0,0,3,6,0,1,1,0.001378118953,0.001397493183,0.0008996888852,1.327324809,0,0,0,0,0,1.360023205e-15,7.47421996e-15,2.109423747e-14,7.958078641e-13
"I_100x200",2,100,200,50,13,20264013,TRUE,99,99,99,100,49,TRUE,TRUE,5,2.561,2.435,2.355,0.1507014995,0.1518683964,-230.9315872,-229.768344,"5","4",-1.147363799,-1.141545817,-1.147154529,2.220446049e-16,FALSE,0.98,0.1908268997,0.2277440048,FALSE,FALSE,0,NA,NA,NA,NA,0,0,0,0,0,0,3,6,0,0,0,8.881784197e-16,7.472958347e-15,2.131628207e-14,2.273736754e-13,0,0,0,0,0,8.881784197e-16,7.489294892e-15,2.131628207e-14,6.821210263e-13
"I_100x200",2,100,200,50,14,20264014,TRUE,99,99,99,100,49,TRUE,TRUE,5,2.947,2.528,2.439,0.1503398818,0.152111418,-232.0453202,-230.1395614,"5","4",-1.153384951,-1.143854742,-1.152376893,4.440892099e-16,FALSE,0.96,0.2587728589,0.2484938294,FALSE,FALSE,0,NA,NA,NA,NA,0,0,0,0,0,0,3,6,0,3,3,0.001529017718,0.001550249724,0.0009144918344,1.471965535,0,0,0,0,0,6.938893904e-16,7.574735746e-15,1.776356839e-14,3.694822226e-13
"I_100x200",2,100,200,50,15,20264015,TRUE,99,99,99,100,49,TRUE,TRUE,5,2.528,2.355,2.282,0.1491327382,0.1503616806,-226.2114257,-225.1147584,"5","4",-1.155511933,-1.150024223,-1.155993853,0,FALSE,0.94,0.3265161509,0.2195684385,FALSE,FALSE,0,NA,NA,NA,NA,0,0,0,0,0,0,3,6,0,1,1,0.000319015802,0.0003224897657,0.000196867748,0.3107363029,0,0,0,0,0,1.33226763e-15,7.640364048e-15,1.953992523e-14,1.307398634e-12
"I_100x200",2,100,200,50,16,20264016,TRUE,99,99,99,100,49,TRUE,TRUE,5,2.567,2.393,2.303,0.1458784838,0.1515206041,-234.6089973,-229.0794495,"5","4",-1.169889513,-1.142231297,-1.169835125,2.220446049e-16,FALSE,0.94,0.318737632,0.3004357049,FALSE,FALSE,0,NA,NA,NA,NA,0,0,0,0,0,0,3,6,0,3,3,0.001554971189,0.001565230286,0.0009585525075,1.542895728,0,0,0,0,0,3.885780586e-16,7.54228741e-15,2.797762022e-14,3.694822226e-13
"I_100x200",2,100,200,50,17,20264017,TRUE,99,99,99,100,49,TRUE,TRUE,5,2.417,2.46,2.359,0.1528051805,0.157469881,-227.9954729,-223.606068,"5","4",-1.138648169,-1.116691895,-1.138534335,-2.220446049e-16,FALSE,0.96,0.2625739461,0.2087993419,FALSE,FALSE,0,NA,NA,NA,NA,0,0,0,0,0,0,3,5,0,3,3,0.001770457529,0.001799316896,0.001068931455,1.693886043,0,0,0,0,0,3.330669074e-16,7.421416462e-15,1.887379142e-14,4.263256415e-13
"I_100x200",2,100,200,50,18,20264018,TRUE,99,99,99,100,49,TRUE,TRUE,5,2.483,2.356,2.293,0.1529369792,0.1538490131,-224.8826188,-225.0598812,"1","4",-1.134667261,-1.135544662,-1.139866564,2.220446049e-16,FALSE,0.82,0.5571105941,0.3336880911,FALSE,FALSE,0,NA,NA,NA,NA,0,0,0,0,0,0,3,5,3,3,3,0.0020828498,0.7161858524,0.586940035,2.024729933,0,0,0,0,0,7.494005416e-16,7.435294907e-15,2.575717417e-14,8.242295735e-13
"I_100x200",2,100,200,50,19,20264019,TRUE,99,99,99,100,49,TRUE,TRUE,5,2.461,2.395,2.285,0.1551521095,0.1586493629,-225.0304781,-222.6889736,"2","4",-1.123063767,-1.111343827,-1.127533419,2.220446049e-16,FALSE,0.8,0.5678333842,0.3947520913,FALSE,FALSE,0,NA,NA,NA,NA,0,0,0,0,0,0,3,6,0,3,3,0.000789961503,0.0008073966571,0.0005331741119,0.7412986729,0,0,0,0,0,7.494005416e-16,7.619190128e-15,2.70894418e-14,6.536993169e-13
"I_100x200",2,100,200,50,20,20264020,TRUE,99,99,99,100,49,TRUE,TRUE,5,2.401,2.371,2.302,0.1503841426,0.1492858711,-226.1226236,-227.8510031,"6","4",-1.145511041,-1.154156477,-1.148825677,0,FALSE,0.7,0.7136304057,0.4546175946,FALSE,FALSE,0,NA,NA,NA,NA,0,0,0,0,0,0,3,6,1,3,3,0.000412343622,0.6620841354,0.474251237,0.3137813523,0,0,0,0,0,6.938893904e-16,7.506243023e-15,2.353672812e-14,8.526512829e-13
"I_100x200",2,100,200,50,21,20264021,TRUE,99,99,99,100,49,TRUE,TRUE,5,2.456,2.407,2.282,0.1542792082,0.1572028215,-227.6091697,-224.8109634,"5","4",-1.132142039,-1.118145522,-1.131780901,4.440892099e-16,FALSE,0.92,0.3758689844,0.381661382,FALSE,FALSE,0,NA,NA,NA,NA,0,0,0,0,0,0,3,6,0,2,2,0.001399772509,0.001425683139,0.001009308402,1.31182572,0,0,0,0,0,5.828670879e-16,7.560405929e-15,2.020605905e-14,5.96855898e-13
"I_100x200",2,100,200,50,22,20264022,TRUE,99,99,99,100,49,TRUE,TRUE,5,2.545,2.411,2.319,0.1564809614,0.1542227812,-226.2809173,-228.3331852,"5","4",-1.119841308,-1.130107119,-1.119549281,2.220446049e-16,FALSE,0.98,0.1836681905,0.171370293,FALSE,FALSE,0,NA,NA,NA,NA,0,0,0,0,0,0,3,6,0,3,3,0.000535017076,0.0005466164277,0.0003301614277,0.4971823952,0,0,0,0,0,1.082467449e-15,7.467927322e-15,1.987299214e-14,6.536993169e-13
"I_100x200",2,100,200,50,23,20264023,TRUE,99,99,99,100,49,TRUE,TRUE,5,2.434,2.361,2.247,0.1535695607,0.1589174877,-226.8258814,-221.8845288,"5","4",-1.135103611,-1.110385673,-1.135242253,0,FALSE,0.98,0.1809822839,0.2396205798,FALSE,FALSE,0,NA,NA,NA,NA,0,0,0,0,0,0,3,6,0,0,0,8.049116929e-16,7.533943448e-15,1.887379142e-14,7.673861546e-13,0,0,0,0,0,6.661338148e-16,7.587728929e-15,1.931788063e-14,7.958078641e-13
"I_100x200",2,100,200,50,24,20264024,TRUE,99,99,99,100,49,TRUE,TRUE,5,2.556,2.255,2.174,0.1577549204,0.1573845236,-222.4207318,-222.5940223,"5","4",-1.115280717,-1.116148277,-1.114442154,2.220446049e-16,FALSE,0.92,0.3694569365,0.300154074,FALSE,FALSE,0,NA,NA,NA,NA,0,0,0,0,0,0,3,6,0,0,0,6.938893904e-16,7.515431207e-15,2.176037128e-14,7.673861546e-13,0,0,0,0,0,9.992007222e-16,7.562208766e-15,2.131628207e-14,6.821210263e-13
"I_100x200",2,100,200,50,25,20264025,TRUE,99,99,99,100,49,TRUE,TRUE,5,2.497,2.382,2.318,0.152906892,0.1536889525,-229.1401286,-228.3854327,"5","4",-1.136621693,-1.132846657,-1.13655402,-6.661338148e-16,FALSE,0.96,0.2634181702,0.1907237871,FALSE,FALSE,0,NA,NA,NA,NA,0,0,0,0,0,0,3,4,0,2,2,0.0009990085377,0.001015857738,0.0006771501814,0.9460715953,0,0,0,0,0,6.938893904e-16,7.534388911e-15,1.80966353e-14,5.96855898e-13
"I_100x200",2,100,200,50,26,20264026,TRUE,99,99,99,100,49,TRUE,TRUE,5,2.586,2.696,2.383,0.150623664,0.1548514262,-232.2315948,-228.1139635,"5","4",-1.144548092,-1.123952634,-1.144060957,0,FALSE,0.94,0.3266101034,0.2546454983,FALSE,FALSE,0,NA,NA,NA,NA,0,0,0,0,0,0,3,6,0,2,2,0.001328214612,0.001344774086,0.001101991503,1.275604791,0,0,0,0,0,1.33226763e-15,7.596486911e-15,1.887379142e-14,7.673861546e-13
"I_100x200",2,100,200,50,27,20264027,TRUE,99,99,99,100,49,TRUE,TRUE,5,2.637,2.413,2.335,0.1561824976,0.153853158,-227.4597164,-229.6110371,"5","4",-1.121202218,-1.131963134,-1.121048805,-2.220446049e-16,FALSE,0.98,0.1905396087,0.1404486871,FALSE,FALSE,0,NA,NA,NA,NA,0,0,0,0,0,0,3,6,0,3,3,0.003891506964,0.003967480973,0.002283375697,3.664635768,0,0,0,0,0,3.330669074e-16,7.530967355e-15,1.865174681e-14,3.126388037e-13
"I_100x200",2,100,200,50,28,20264028,TRUE,99,99,99,100,49,TRUE,TRUE,5,2.448,2.586,2.464,0.1526036638,0.1530887617,-226.8598278,-226.7746006,"1","4",-1.131462839,-1.131035128,-1.133340236,0,FALSE,0.76,0.6200833721,0.4434196184,FALSE,FALSE,0,NA,NA,NA,NA,0,0,0,0,0,0,3,6,3,3,3,0.00399539952,0.4216824948,0.3048685748,3.842766717,0,0,0,0,0,8.049116929e-16,7.474667429e-15,2.065014826e-14,1.051603249e-12
"I_100x200",2,100,200,50,29,20264029,TRUE,99,99,99,100,49,TRUE,TRUE,5,2.882,2.77,2.643,0.1578971509,0.1549658029,-227.1918966,-229.9062468,"5","4",-1.110602857,-1.124179624,-1.110577978,2.220446049e-16,FALSE,0.96,0.2616909514,0.2164637971,FALSE,FALSE,0,NA,NA,NA,NA,0,0,0,0,0,0,3,5,0,2,2,0.001336662958,0.001362798006,0.0008117441024,1.233253057,0,0,0,0,0,8.326672685e-16,7.549544275e-15,2.176037128e-14,5.96855898e-13
"I_100x200",2,100,200,50,30,20264030,TRUE,99,99,99,100,49,TRUE,TRUE,5,2.524,2.397,2.337,0.1495876348,0.1507727038,-232.8540921,-232.4976445,"1","4",-1.155107112,-1.153318853,-1.15906173,0,FALSE,0.84,0.5188717021,0.3966549514,FALSE,FALSE,0,NA,NA,NA,NA,0,0,0,0,0,0,3,6,3,3,3,0.001139619794,0.2792620032,0.2295642411,1.299381923,0,0,0,0,0,3.330669074e-16,7.414211262e-15,2.065014826e-14,5.400124792e-13
"I_100x200",2,100,200,50,31,20264031,TRUE,99,99,99,100,49,TRUE,TRUE,5,2.584,2.486,2.404,0.1525599664,0.1531518081,-231.3461105,-230.8241704,"5","4",-1.142264821,-1.139653284,-1.142468352,0,FALSE,0.96,0.2660604263,0.2509001201,FALSE,FALSE,0,NA,NA,NA,NA,0,0,0,0,0,0,3,6,0,1,1,0.005326870263,0.005410818473,0.003536965235,5.169951996,0,0,0,0,0,7.21644966e-16,7.456717872e-15,2.042810365e-14,5.115907697e-13
"I_100x200",2,100,200,50,32,20264032,TRUE,99,99,99,100,49,TRUE,TRUE,5,2.453,2.318,2.219,0.1501163851,0.1548807281,-228.6930697,-224.1328949,"5","4",-1.148445425,-1.125635894,-1.148340447,2.220446049e-16,FALSE,0.94,0.3194322998,0.2716779052,FALSE,FALSE,0,NA,NA,NA,NA,0,0,0,0,0,0,3,6,0,2,2,0.001862117221,0.001887138906,0.001239110281,1.791818036,0,0,0,0,0,8.049116929e-16,7.656531905e-15,2.70894418e-14,6.252776075e-13
"I_100x200",2,100,200,50,33,20264033,TRUE,99,99,99,100,49,TRUE,TRUE,5,2.476,2.294,2.22,0.1532246487,0.1610321115,-228.0468883,-220.7687461,"5","4",-1.13392993,-1.097524956,-1.133595809,0,FALSE,0.98,0.1871896786,0.1747767582,FALSE,FALSE,0,NA,NA,NA,NA,0,0,0,0,0,0,3,6,0,0,0,1.665334537e-15,7.72931995e-15,2.331468352e-14,1.335820343e-12,0,0,0,0,0,5.273559367e-16,7.620039706e-15,2.353672812e-14,3.97903932e-13
"I_100x200",2,100,200,50,34,20264034,TRUE,99,99,99,100,49,TRUE,TRUE,5,2.466,2.502,2.4,0.1494598485,0.1494598485,-229.5482034,-229.665963,"5","4",-1.156595744,-1.157183561,-1.157183561,6.661338148e-16,FALSE,0.94,0.3237985515,0.2266668733,FALSE,TRUE,0,NA,NA,NA,NA,0,0,0,0,0,0,3,5,0,2,2,0.002111087025,0.002138407976,0.00140190707,2.040044453,0,0,0,0,0,4.163336342e-16,7.465180922e-15,1.80966353e-14,4.547473509e-13
"I_100x200",2,100,200,50,35,20264035,TRUE,99,99,99,100,49,TRUE,TRUE,5,2.585,2.36,2.288,0.150787693,0.1517689832,-229.7740055,-228.8172006,"5","4",-1.147254053,-1.142468399,-1.147185015,2.220446049e-16,FALSE,0.98,0.1861570698,0.1686307748,FALSE,FALSE,0,NA,NA,NA,NA,0,0,0,0,0,0,3,6,0,3,3,0.0007109223434,0.000720287486,0.0004397781307,0.6871635436,0,0,0,0,0,1.193489751e-15,7.498153545e-15,1.754152379e-14,1.080024958e-12
"I_100x200",2,100,200,50,36,20264036,TRUE,99,99,99,100,49,TRUE,TRUE,5,2.482,2.452,2.383,0.1510503905,0.1630994495,-231.3361097,-220.1711251,"5","4",-1.143692072,-1.087844062,-1.143541872,-4.440892099e-16,FALSE,0.96,0.2672177778,0.2749066716,FALSE,FALSE,0,NA,NA,NA,NA,0,0,0,0,0,0,3,6,0,1,1,0.002809123819,0.002847057579,0.001809049463,2.677044893,0,0,0,0,0,1.471045508e-15,7.718547998e-15,2.287059431e-14,1.051603249e-12
"I_100x200",2,100,200,50,37,20264037,TRUE,99,99,99,100,49,TRUE,TRUE,5,2.627,2.412,2.339,0.1494811913,0.1498760735,-229.9286724,-230.0672959,"1","1",-1.153839496,-1.154528133,-1.156448054,-2.220446049e-16,FALSE,0.82,0.5436036751,0.3893593713,FALSE,FALSE,0,NA,NA,NA,NA,0,0,0,0,0,0,3,6,3,3,3,0.001970498967,0.3694839706,0.2721071034,1.973677005,0,0,0,0,0,4.996003611e-16,7.471564117e-15,2.231548279e-14,4.831690603e-13
"I_100x200",2,100,200,50,38,20264038,TRUE,99,99,99,100,49,TRUE,TRUE,5,2.477,2.376,2.312,0.1524622659,0.1554859782,-224.2103649,-222.7269014,"6","4",-1.136876957,-1.12944363,-1.143719789,0,FALSE,0.8,0.5854866951,0.4170657262,FALSE,FALSE,0,NA,NA,NA,NA,0,0,0,0,0,0,3,6,3,3,3,0.003321680956,0.6437713342,0.5064646534,3.528444462,0,0,0,0,0,8.326672685e-16,7.542687876e-15,2.464695115e-14,5.400124792e-13
"I_100x200",2,100,200,50,39,20264039,TRUE,99,99,99,100,49,TRUE,TRUE,5,2.512,2.863,2.787,0.1530952012,0.1576410552,-230.5984807,-226.2700517,"5","4",-1.136381018,-1.114730161,-1.135984279,-4.440892099e-16,FALSE,0.96,0.2605890972,0.2746316323,FALSE,FALSE,0,NA,NA,NA,NA,0,0,0,0,0,0,3,5,0,2,2,0.0008147790506,0.0008298658092,0.000566830084,0.7712083528,0,0,0,0,0,3.330669074e-16,7.429235801e-15,2.442490654e-14,5.115907697e-13
"I_100x200",2,100,200,50,40,20264040,TRUE,99,99,99,100,49,TRUE,TRUE,5,2.525,2.377,2.311,0.1513071313,0.1513596531,-230.0371783,-229.7552869,"5","4",-1.142374728,-1.140967499,-1.141219704,-2.220446049e-16,FALSE,0.96,0.268324201,0.2595993117,FALSE,FALSE,0,NA,NA,NA,NA,0,0,0,0,0,0,3,6,0,1,1,0.001357699147,0.001375587216,0.0008830813787,1.310016521,0,0,0,0,0,3.885780586e-16,7.643368159e-15,2.042810365e-14,4.547473509e-13
"I_100x200",2,100,200,50,41,20264041,TRUE,99,99,99,100,49,TRUE,TRUE,5,2.772,2.569,2.442,0.1497455071,0.156998384,-227.5733284,-220.7268759,"5","4",-1.151740317,-1.117493272,-1.151865523,0,FALSE,0.98,0.1835345025,0.1863380326,FALSE,FALSE,0,NA,NA,NA,NA,0,0,0,0,0,0,3,6,0,3,3,0.003535853792,0.003586202264,0.002464939794,3.392228767,0,0,0,0,0,1.387778781e-15,7.573227956e-15,1.976196984e-14,8.242295735e-13
"I_100x200",2,100,200,50,42,20264042,TRUE,99,99,99,100,49,TRUE,TRUE,5,2.474,2.42,2.351,0.1510885541,0.1510292064,-226.0558961,-227.0002696,"2","1",-1.139756675,-1.14447295,-1.144187271,-4.440892099e-16,FALSE,0.7,0.6961501985,0.4920599372,FALSE,FALSE,0,NA,NA,NA,NA,0,0,0,0,0,0,3,6,2,3,3,0.0006171871872,0.4825286317,0.3629423661,0.9565362581,0,0,0,0,0,8.881784197e-16,7.441504464e-15,2.797762022e-14,3.97903932e-13
"I_100x200",2,100,200,50,43,20264043,TRUE,99,99,99,100,49,TRUE,TRUE,5,2.46,2.416,2.299,0.1479965628,0.1547770771,-232.3337452,-226.8405407,"1","4",-1.156860613,-1.129376581,-1.161953179,0,FALSE,0.74,0.6390367521,0.5166508006,FALSE,FALSE,0,NA,NA,NA,NA,0,0,0,0,0,0,3,6,3,3,3,0.0005423283383,0.5913832994,0.5168952965,0.7620076523,0,0,0,0,0,4.996003611e-16,7.425452853e-15,1.842970221e-14,5.400124792e-13
"I_100x200",2,100,200,50,44,20264044,TRUE,99,99,99,100,49,TRUE,TRUE,5,2.476,2.365,2.294,0.1614687011,0.163944499,-219.0060267,-216.8793695,"5","4",-1.096104895,-1.08546571,-1.096495125,4.440892099e-16,FALSE,0.98,0.1908866845,0.2026923814,FALSE,FALSE,0,NA,NA,NA,NA,0,0,0,0,0,0,3,6,0,0,0,1.026956298e-15,7.504348304e-15,2.176037128e-14,8.526512829e-13,0,0,0,0,0,1.498801083e-15,7.594140207e-15,2.24265051e-14,1.335820343e-12
"I_100x200",2,100,200,50,45,20264045,TRUE,99,99,99,100,49,TRUE,TRUE,5,2.394,2.392,2.29,0.152301414,0.1553434853,-230.8189378,-227.7833277,"5","4",-1.141309866,-1.126128387,-1.140498991,0,FALSE,0.96,0.2675598099,0.282430851,FALSE,FALSE,0,NA,NA,NA,NA,0,0,0,0,0,0,3,6,0,1,1,0.00249275042,0.002531692282,0.001669424516,2.359003275,0,0,0,0,0,9.159339953e-16,7.685542031e-15,2.220446049e-14,5.96855898e-13
"I_100x200",2,100,200,50,46,20264046,TRUE,99,99,99,100,49,TRUE,TRUE,5,2.495,2.367,2.302,0.1520793841,0.1530852107,-228.423259,-227.5525149,"1","2",-1.142510073,-1.138152385,-1.142945002,2.220446049e-16,FALSE,0.82,0.5631268579,0.4568453896,FALSE,FALSE,0,NA,NA,NA,NA,0,0,0,0,0,0,3,6,3,3,3,0.001149320877,0.1977524908,0.2371057093,1.135785631,0,0,0,0,0,9.436895709e-16,7.485383105e-15,2.164934898e-14,7.673861546e-13
"I_100x200",2,100,200,50,47,20264047,TRUE,99,99,99,100,49,TRUE,TRUE,5,2.469,2.436,2.338,0.1537727511,0.1549340834,-222.7055226,-221.5620847,"5","4",-1.133721984,-1.128003085,-1.133468863,0,FALSE,0.96,0.2621541386,0.2438952396,FALSE,FALSE,0,NA,NA,NA,NA,0,0,0,0,0,0,3,6,0,1,1,0.001161332332,0.001181506588,0.0006691158447,1.092751406,0,0,0,0,0,5.273559367e-16,7.339570468e-15,1.82076576e-14,7.673861546e-13
"I_100x200",2,100,200,50,48,20264048,TRUE,99,99,99,100,49,TRUE,TRUE,5,2.449,2.387,2.289,0.1519881864,0.1529572456,-231.9861334,-231.0580772,"5","4",-1.142169589,-1.137528242,-1.142148453,0,FALSE,0.9,0.4205228314,0.6123102018,FALSE,FALSE,0,NA,NA,NA,NA,0,0,0,0,0,0,3,6,0,1,1,0.0008437254174,0.0008569052157,0.0005277669779,0.809273867,0,0,0,0,0,1.276756478e-15,7.402956921e-15,1.765254609e-14,7.673861546e-13
"I_100x200",2,100,200,50,49,20264049,TRUE,99,99,99,100,49,TRUE,TRUE,5,2.713,2.404,2.322,0.146572367,0.1491499074,-231.4975611,-228.9562043,"5","4",-1.168319186,-1.155607458,-1.168295792,0,FALSE,0.96,0.2615361519,0.2229759273,FALSE,FALSE,0,NA,NA,NA,NA,0,0,0,0,0,0,3,6,0,3,3,0.001590449808,0.001604251087,0.0009949042874,1.570674248,0,0,0,0,0,7.494005416e-16,7.544412891e-15,2.331468352e-14,6.252776075e-13
"I_100x200",2,100,200,50,50,20264050,TRUE,99,99,99,100,49,TRUE,TRUE,5,2.493,2.43,2.324,0.1455257404,0.1479096358,-231.8006725,-230.3118225,"2","4",-1.170282202,-1.162829795,-1.174658974,0,FALSE,0.76,0.6378402504,0.4837091086,FALSE,FALSE,0,NA,NA,NA,NA,0,0,0,0,0,0,3,6,1,1,1,0.0009998109769,0.3166700416,0.2538872016,1.024034147,0,0,0,0,0,7.21644966e-16,7.584600516e-15,2.509104036e-14,3.126388037e-13
"I_50x250",3,50,250,25,1,20265001,TRUE,49,49,49,50,24,TRUE,TRUE,5,2.39,2.248,1.938,0.2533466215,0.252191925,-258.7754437,-259.5776576,"1","1",-1.050665016,-1.053875936,-1.049873422,0,FALSE,0.84,0.5583980284,0.5779530348,FALSE,FALSE,0,NA,NA,NA,NA,0,0,0,0,0,0,3,6,3,0,3,3.941291737e-15,0.4014360637,0.4991619839,0.297701741,0,0,0,0,0,1.720845688e-15,8.396392628e-15,3.774758284e-14,1.47792889e-12
"I_50x250",3,50,250,25,2,20265002,TRUE,49,49,49,50,24,TRUE,TRUE,5,2.112,2.124,2.027,0.2598634294,0.2678648353,-257.6093612,-250.8337813,"5","4",-1.025903887,-0.9987970469,-1.025315352,0,FALSE,0.88,0.4850013516,0.4930827584,FALSE,FALSE,0,NA,NA,NA,NA,0,0,0,0,0,0,3,5,0,3,3,0.003308349379,0.004106770362,0.003364213371,2.803166744,0,0,0,0,0,1.110223025e-15,8.33005366e-15,6.283862319e-14,9.947598301e-13
"I_50x250",3,50,250,25,3,20265003,TRUE,49,49,49,50,24,TRUE,TRUE,5,2.142,1.99,1.885,0.2580588464,0.2590355957,-258.3390151,-257.3595231,"5","4",-1.033438042,-1.029520664,-1.032827335,0,FALSE,0.84,0.5757183048,0.7144016597,FALSE,FALSE,0,NA,NA,NA,NA,0,0,0,0,0,0,3,6,0,2,2,0.0009767493204,0.001210822315,0.0009335066322,0.8265344036,0,0,0,0,0,2.331468352e-15,8.310795541e-15,3.641531521e-14,1.534772309e-12
"I_50x250",3,50,250,25,4,20265004,TRUE,49,49,49,50,24,TRUE,TRUE,5,2.214,1.942,1.862,0.2579070307,0.2653124063,-256.0087994,-250.3188668,"1","4",-1.032140325,-1.009372681,-1.034140051,-2.220446049e-16,FALSE,0.8,0.6258886785,0.5152235337,FALSE,FALSE,0,NA,NA,NA,NA,0,0,0,0,0,0,3,6,3,3,3,0.00537588885,0.6780326391,0.5381770812,4.059959022,0,0,0,0,0,2.72004641e-15,8.815557511e-15,4.174438573e-14,2.01794137e-12
"I_50x250",3,50,250,25,5,20265005,TRUE,49,49,49,50,24,TRUE,TRUE,5,2.668,2.24,2.122,0.2594418527,0.2617003636,-255.7121315,-253.8054908,"5","4",-1.028487458,-1.020858518,-1.0284429,0,FALSE,0.88,0.4978361751,0.5250055744,FALSE,FALSE,0,NA,NA,NA,NA,0,0,0,0,0,0,3,6,0,3,3,0.004697454783,0.005828759616,0.005334956466,3.923634444,0,0,0,0,0,2.442490654e-15,8.660337931e-15,2.775557562e-14,2.216893336e-12
"I_50x250",3,50,250,25,6,20265006,TRUE,49,49,49,50,24,TRUE,TRUE,5,2.279,2.081,1.952,0.2626775179,0.2533155374,-259.3891169,-267.2277106,"5","4",-1.018507842,-1.049869548,-1.018099364,2.220446049e-16,FALSE,0.92,0.3967596549,0.3960145247,FALSE,FALSE,0,NA,NA,NA,NA,0,0,0,0,0,0,3,6,0,2,2,0.00291702351,0.003634318626,0.003423818209,2.442207443,0,0,0,0,0,3.053113318e-15,9.324756642e-15,4.329869796e-14,2.330580173e-12
"I_50x250",3,50,250,25,7,20265007,TRUE,49,49,49,50,24,TRUE,TRUE,5,2.149,2.094,1.915,0.2619934831,0.2619934831,-261.2250689,-261.123797,"5","4",-1.020579568,-1.020175116,-1.020175116,0,FALSE,0.88,0.4801677892,0.4297045572,FALSE,TRUE,0,NA,NA,NA,NA,0,0,0,0,0,0,3,5,0,2,2,0.001583783722,0.001973566267,0.001702023538,1.326045125,0,0,0,0,0,4.218847494e-15,9.830136999e-15,3.197442311e-14,3.410605132e-12
"I_50x250",3,50,250,25,8,20265008,TRUE,49,49,49,50,24,TRUE,TRUE,5,2.133,1.978,1.869,0.2646250708,0.2697790622,-257.2758322,-253.0120351,"5","4",-1.010089492,-0.9930304039,-1.009888626,0,FALSE,0.84,0.5689869515,0.4464693905,FALSE,FALSE,0,NA,NA,NA,NA,0,0,0,0,0,0,3,6,0,3,3,0.001956022689,0.002438706759,0.002051584491,1.621624904,0,0,0,0,0,6.383782392e-15,1.158079437e-14,4.440892099e-14,5.201172826e-12
"I_50x250",3,50,250,25,9,20265009,TRUE,49,49,49,50,24,TRUE,TRUE,5,2.181,1.969,1.888,0.2646512428,0.2816301909,-252.2049845,-238.2787344,"1","6",-1.007746005,-0.9520318635,-1.006310306,4.440892099e-16,FALSE,0.88,0.4634667835,0.4618639216,FALSE,FALSE,0,NA,NA,NA,NA,0,0,0,0,0,0,3,6,3,3,3,0.007337678754,0.7832944766,0.73992193,6.133578698,0,0,0,0,0,7.66053887e-15,1.290957249e-14,4.06341627e-14,5.513811629e-12
"I_50x250",3,50,250,25,10,20265010,TRUE,49,49,49,50,24,TRUE,TRUE,5,2.088,1.894,1.815,0.2584876544,0.255927371,-262.9881522,-265.0876213,"5","4",-1.032269199,-1.040669396,-1.031954443,2.220446049e-16,FALSE,0.96,0.2794812622,0.4194742193,FALSE,FALSE,0,NA,NA,NA,NA,0,0,0,0,0,0,3,5,0,3,3,0.000602207087,0.000745778867,0.0005858682011,0.5103364464,0,0,0,0,0,5.329070518e-15,1.050165393e-14,3.58602037e-14,4.263256415e-12
"I_50x250",3,50,250,25,11,20265011,TRUE,49,49,49,50,24,TRUE,TRUE,5,2.139,1.923,1.829,0.2591521511,0.2686328937,-261.3073256,-253.44595,"5","2",-1.027354655,-0.9959014335,-1.027320361,0,FALSE,0.8,0.6409955693,0.6354156031,FALSE,FALSE,0,NA,NA,NA,NA,0,0,0,0,0,0,3,6,0,3,3,0.01324909831,0.01644018816,0.01260531962,10.89385928,0,0,0,0,0,4.05231404e-15,9.661235887e-15,3.630429291e-14,3.694822226e-12
"I_50x250",3,50,250,25,12,20265012,TRUE,49,49,49,50,24,TRUE,TRUE,5,2.106,2.008,1.902,0.258718343,0.2655933204,-256.2930812,-250.5056364,"5","4",-1.030369788,-1.007215514,-1.030156658,2.220446049e-16,FALSE,0.92,0.4103630294,0.521887215,FALSE,FALSE,0,NA,NA,NA,NA,0,0,0,0,0,0,3,6,0,1,1,3.73525165e-05,4.636663206e-05,3.483873421e-05,0.03158686076,0,0,0,0,0,2.331468352e-15,8.482535002e-15,3.708144902e-14,2.046363079e-12
"I_50x250",3,50,250,25,13,20265013,TRUE,49,49,49,50,24,TRUE,TRUE,5,2.02,2.007,1.92,0.2643594635,0.2674721565,-256.9148213,-254.8728157,"1","1",-1.010659309,-1.002485916,-1.012719996,4.440892099e-16,FALSE,0.8,0.6520496183,0.6505626837,FALSE,FALSE,0,NA,NA,NA,NA,0,0,0,0,0,0,3,6,3,3,3,0.003114547498,0.8857294601,1.153585999,2.675654085,0,0,0,0,0,2.053912596e-15,8.593373098e-15,3.508304758e-14,1.790567694e-12
"I_50x250",3,50,250,25,14,20265014,TRUE,49,49,49,50,24,TRUE,TRUE,5,1.985,2.132,2.046,0.2606661128,0.266257069,-254.7982484,-250.4236406,"2","4",-1.023471609,-1.005966771,-1.024528026,2.220446049e-16,FALSE,0.76,0.6848364306,0.6560260752,FALSE,FALSE,0,NA,NA,NA,NA,0,0,0,0,0,0,3,5,3,3,3,0.0004925605418,0.6348561919,0.5369388584,0.619275664,0,0,0,0,0,8.326672685e-16,8.129383535e-15,3.042011087e-14,7.673861546e-13
"I_50x250",3,50,250,25,15,20265015,TRUE,49,49,49,50,24,TRUE,TRUE,5,2.118,2.037,1.896,0.2585160191,0.2567194905,-257.5102903,-258.9613097,"5","4",-1.031706967,-1.037512874,-1.03140782,2.220446049e-16,FALSE,0.92,0.3995176966,0.4023735951,FALSE,FALSE,0,NA,NA,NA,NA,0,0,0,0,0,0,3,4,0,2,2,0.001019185944,0.001264998247,0.0009638796537,0.8607902115,0,0,0,0,0,6.050715484e-15,1.089727709e-14,4.352074257e-14,5.570655048e-12
"I_50x250",3,50,250,25,16,20265016,TRUE,49,49,49,50,24,TRUE,TRUE,5,2.042,1.947,1.851,0.2687623794,0.2644616,-249.5134437,-253.1084319,"5","4",-0.9960626147,-1.010444384,-0.99634383,-1.110223025e-16,FALSE,0.88,0.4872168716,0.4604879833,FALSE,FALSE,0,NA,NA,NA,NA,0,0,0,0,0,0,3,6,0,3,3,0.01062747214,0.01334205693,0.009806059928,8.818822617,0,0,0,0,0,4.218847494e-15,9.521619385e-15,4.019007349e-14,3.836930773e-12
"I_50x250",3,50,250,25,17,20265017,TRUE,49,49,49,50,24,TRUE,TRUE,5,2.194,2.009,1.927,0.2611595342,0.2645181723,-258.6552967,-255.8425242,"5","4",-1.023681682,-1.012427911,-1.023605562,2.220446049e-16,FALSE,0.92,0.3921002739,0.4664550332,FALSE,FALSE,0,NA,NA,NA,NA,0,0,0,0,0,0,3,6,0,3,3,0.0055224415,0.006857636606,0.005924082468,4.6761926,0,0,0,0,0,1.554312234e-15,8.324262083e-15,3.15303339e-14,1.733724275e-12
"I_50x250",3,50,250,25,18,20265018,TRUE,49,49,49,50,24,TRUE,TRUE,5,2.102,1.979,1.891,0.2623223617,0.2643378312,-260.4878433,-258.6444339,"5","4",-1.017515349,-1.010141622,-1.016834836,0,FALSE,0.88,0.4921209135,0.594180821,FALSE,FALSE,0,NA,NA,NA,NA,0,0,0,0,0,0,3,6,0,3,3,0.0009553256912,0.001190198218,0.0009212446747,0.7977068171,0,0,0,0,0,4.551914401e-15,9.987389379e-15,4.085620731e-14,4.547473509e-12
"I_50x250",3,50,250,25,19,20265019,TRUE,49,49,49,50,24,TRUE,TRUE,5,2.16,2.002,1.914,0.2552435229,0.2634689064,-262.5639294,-255.6138415,"5","4",-1.04162764,-1.013821507,-1.041578071,4.440892099e-16,FALSE,0.88,0.4838823741,0.4826296962,FALSE,FALSE,0,NA,NA,NA,NA,0,0,0,0,0,0,3,5,0,2,2,0.003537444123,0.004368467247,0.003333127478,3.055649423,0,0,0,0,0,4.218847494e-15,9.667444247e-15,2.864375404e-14,2.955857781e-12
"I_50x250",3,50,250,25,20,20265020,TRUE,49,49,49,50,24,TRUE,TRUE,5,2.124,1.968,1.886,0.2503363173,0.2513334212,-263.293212,-262.2699204,"5","4",-1.059891944,-1.055799356,-1.059283082,-2.220446049e-16,FALSE,0.84,0.5752417628,0.5937024204,FALSE,FALSE,0,NA,NA,NA,NA,0,0,0,0,0,0,3,4,0,3,3,0.001165762794,0.001433392398,0.001167418194,1.022682469,0,0,0,0,0,8.271161533e-15,1.274902811e-14,2.864375404e-14,6.707523426e-12
"I_50x250",3,50,250,25,21,20265021,TRUE,49,49,49,50,24,TRUE,TRUE,5,2.121,1.979,1.886,0.2602610684,0.2607813,-253.5484791,-253.3596023,"1","2",-1.023858432,-1.023100708,-1.024847936,2.220446049e-16,FALSE,0.68,0.7841177202,0.7718058649,FALSE,FALSE,0,NA,NA,NA,NA,0,0,0,0,0,0,3,4,1,1,1,0.0006881080477,0.7991661581,0.6473144867,0.7455389173,0,0,0,0,0,4.218847494e-15,9.421047295e-15,4.707345624e-14,4.064304449e-12
"I_50x250",3,50,250,25,22,20265022,TRUE,49,49,49,50,24,TRUE,TRUE,5,2.092,1.978,1.883,0.2611184354,0.2672822244,-257.0003438,-251.8983235,"5","4",-1.021354866,-1.000942495,-1.021342824,2.220446049e-16,FALSE,0.88,0.4913579655,0.5774026565,FALSE,FALSE,0,NA,NA,NA,NA,0,0,0,0,0,0,3,6,0,3,3,0.0003995432346,0.0004971764553,0.0003667821481,0.3348494907,0,0,0,0,0,1.243449788e-14,1.756324759e-14,3.241851232e-14,1.006128514e-11
"I_50x250",3,50,250,25,23,20265023,TRUE,49,49,49,50,24,TRUE,TRUE,5,2.144,2.09,1.999,0.2638737957,0.2726416316,-252.7025205,-245.8115883,"1","4",-1.014512227,-0.9869400688,-1.015510236,0,FALSE,0.88,0.4796964697,0.5369893181,FALSE,FALSE,0,NA,NA,NA,NA,0,0,0,0,0,0,3,6,3,3,3,0.001368942668,0.412764695,0.4464153914,1.214756213,0,0,0,0,0,2.220446049e-15,8.63892792e-15,3.663735981e-14,1.961097951e-12
"I_50x250",3,50,250,25,24,20265024,TRUE,49,49,49,50,24,TRUE,TRUE,5,2.083,1.95,1.863,0.2550252709,0.2565043295,-264.8770995,-263.5616394,"5","4",-1.044705606,-1.039442916,-1.044507216,0,FALSE,0.88,0.4972439008,0.459421582,FALSE,FALSE,0,NA,NA,NA,NA,0,0,0,0,0,0,3,6,0,3,3,0.002246722686,0.002769092309,0.002150418854,1.937519008,0,0,0,0,0,8.326672685e-16,8.199338863e-15,4.174438573e-14,6.252776075e-13
"I_50x250",3,50,250,25,25,20265025,TRUE,49,49,49,50,24,TRUE,TRUE,5,2.105,1.909,1.822,0.2569704867,0.2596786937,-262.1453111,-259.7493023,"5","4",-1.038147884,-1.028562494,-1.037739856,-2.220446049e-16,FALSE,0.92,0.3929555726,0.3905601333,FALSE,FALSE,0,NA,NA,NA,NA,0,0,0,0,0,0,3,6,0,1,1,9.819293445e-05,0.0001215026486,8.948413358e-05,0.08364423075,0,0,0,0,0,4.107825191e-15,9.550092581e-15,3.574918139e-14,3.751665645e-12
"I_50x250",3,50,250,25,26,20265026,TRUE,49,49,49,50,24,TRUE,TRUE,5,2.274,2.214,1.905,0.2656344355,0.2593558872,-258.7546335,-263.9753311,"2","4",-1.006357454,-1.027244608,-1.006322962,-2.220446049e-16,FALSE,0.76,0.6827024265,0.6937584064,FALSE,FALSE,0,NA,NA,NA,NA,0,0,0,0,0,0,3,4,1,1,1,0.003662432869,0.4219960455,0.4532239839,2.950390487,0,0,0,0,0,1.537658889e-14,2.103802768e-14,3.61932706e-14,1.335820343e-11
"I_50x250",3,50,250,25,27,20265027,TRUE,49,49,49,50,24,TRUE,TRUE,5,2.127,2.152,2.053,0.2562013791,0.2608524179,-262.9695018,-258.9747418,"5","4",-1.040934358,-1.024952469,-1.040701183,4.440892099e-16,FALSE,0.96,0.2903598267,0.3549727579,FALSE,FALSE,0,NA,NA,NA,NA,0,0,0,0,0,0,3,4,0,3,3,0.003475815569,0.004293171548,0.003824187103,2.948715491,0,0,0,0,0,8.326672685e-16,8.200437388e-15,3.308464613e-14,7.389644452e-13
"I_50x250",3,50,250,25,28,20265028,TRUE,49,49,49,50,24,TRUE,TRUE,5,2.163,1.959,1.867,0.2605638663,0.2611488459,-259.8447186,-259.819309,"1","4",-1.021152295,-1.021047953,-1.023009829,2.220446049e-16,FALSE,0.76,0.6692951331,0.6814749874,FALSE,FALSE,0,NA,NA,NA,NA,0,0,0,0,0,0,3,5,2,3,3,0.0005849795522,0.279138029,0.4251667062,0.4903250078,0,0,0,0,0,4.107825191e-15,9.358750749e-15,2.975397706e-14,2.955857781e-12
"I_50x250",3,50,250,25,29,20265029,TRUE,49,49,49,50,24,TRUE,TRUE,5,2.178,1.934,1.857,0.2778273138,0.2788234084,-244.4829216,-243.5418688,"5","4",-0.9689872951,-0.9652235618,-0.9683456481,-1.110223025e-16,FALSE,0.96,0.2849872829,0.342281851,FALSE,FALSE,0,NA,NA,NA,NA,0,0,0,0,0,0,3,6,3,3,3,0.003093491869,0.6450008772,0.8564706478,2.141580927,0,0,0,0,0,3.219646771e-15,9.193493942e-15,4.574118861e-14,2.188471626e-12
"I_50x250",3,50,250,25,30,20265030,TRUE,49,49,49,50,24,TRUE,TRUE,5,2.604,2.245,2.111,0.2542494769,0.2641255562,-263.2348371,-254.716507,"5","4",-1.047500823,-1.013421877,-1.046775487,0,FALSE,0.92,0.3972043247,0.3828169487,FALSE,FALSE,0,NA,NA,NA,NA,0,0,0,0,0,0,3,6,0,1,1,9.466580692e-05,0.0001166840238,0.0001084710411,0.08150655739,0,0,0,0,0,3.885780586e-15,9.435047811e-15,3.552713679e-14,2.785327524e-12
"I_50x250",3,50,250,25,31,20265031,TRUE,49,49,49,50,24,TRUE,TRUE,5,2.209,1.966,1.869,0.2506487717,0.2576416604,-262.47696,-256.3446524,"5","4",-1.060928778,-1.036395457,-1.06050125,0,FALSE,0.96,0.284504931,0.4393662786,FALSE,FALSE,0,NA,NA,NA,NA,0,0,0,0,0,0,3,5,2,2,2,0.00266091726,0.6452656726,0.6410477108,2.121077646,0,0,0,0,0,8.215650382e-15,1.31471158e-14,4.796163466e-14,6.878053682e-12
"I_50x250",3,50,250,25,32,20265032,TRUE,49,49,49,50,24,TRUE,TRUE,5,2.096,2.096,1.947,0.2624909378,0.2547161995,-253.4970502,-259.772619,"5","4",-1.018310234,-1.043420077,-1.017104958,-2.220446049e-16,FALSE,0.8,0.6265608694,0.6411583797,FALSE,FALSE,0,NA,NA,NA,NA,0,0,0,0,0,0,3,6,0,3,3,0.007697615738,0.009579008265,0.007999636505,6.511650827,0,0,0,0,0,6.217248938e-15,1.120826979e-14,4.551914401e-14,5.343281373e-12
"I_50x250",3,50,250,25,33,20265033,TRUE,49,49,49,50,24,TRUE,TRUE,5,2.123,2.011,1.87,0.2475856153,0.2566541963,-260.398766,-252.5121824,"2","2",-1.068595355,-1.037042766,-1.068562271,0,FALSE,0.84,0.5667122777,0.8314560788,FALSE,FALSE,0,NA,NA,NA,NA,0,0,0,0,0,0,3,5,0,2,2,0.003614231397,0.004428417964,0.003311386966,3.175310369,0,0,0,0,0,9.214851104e-15,1.376229685e-14,3.241851232e-14,7.929656931e-12
"I_50x250",3,50,250,25,34,20265034,TRUE,49,49,49,50,24,TRUE,TRUE,5,1.999,2.037,1.917,0.2615549152,0.2644242694,-262.6756424,-260.2730626,"5","4",-1.021107708,-1.011494833,-1.02103815,-2.220446049e-16,FALSE,0.88,0.4821786092,0.5880200759,FALSE,FALSE,0,NA,NA,NA,NA,0,0,0,0,0,0,3,6,0,1,1,0.0005870553908,0.0007314064994,0.0006003139739,0.4902297598,0,0,0,0,0,2.609024108e-15,8.697636774e-15,3.219646771e-14,1.762145985e-12
"I_50x250",3,50,250,25,35,20265035,TRUE,49,49,49,50,24,TRUE,TRUE,5,2.062,1.941,1.852,0.2557984522,0.2600513973,-260.8011988,-256.8238762,"5","1",-1.041392523,-1.025482879,-1.039916775,4.440892099e-16,FALSE,0.8,0.6286324862,0.6382551691,FALSE,FALSE,0,NA,NA,NA,NA,0,0,0,0,0,0,3,5,0,1,1,0.001756683905,0.002170223063,0.001793057947,1.497849908,0,0,0,0,0,4.996003611e-15,1.009138822e-14,3.563815909e-14,4.092726158e-12
"I_50x250",3,50,250,25,36,20265036,TRUE,49,49,49,50,24,TRUE,TRUE,5,2.082,1.889,1.797,0.2698928766,0.2689215034,-251.3506227,-252.2820824,"1","4",-0.9915383581,-0.9952652909,-0.9921153478,-1.110223025e-16,FALSE,0.68,0.7915302128,0.93527962,FALSE,FALSE,0,NA,NA,NA,NA,0,0,0,0,0,0,3,6,3,3,3,0.001513829427,0.7791645213,0.6626571123,1.263388394,0,0,0,0,0,5.662137426e-15,1.05334989e-14,4.374278717e-14,4.149569577e-12
"I_50x250",3,50,250,25,37,20265037,TRUE,49,49,49,50,24,TRUE,TRUE,5,2.087,1.977,1.899,0.258717649,0.2658096758,-262.236484,-256.0876053,"5","4",-1.031903267,-1.007304089,-1.030961049,0,FALSE,0.88,0.5034669717,0.4743802354,FALSE,FALSE,0,NA,NA,NA,NA,0,0,0,0,0,0,3,5,0,2,2,0.0009137725361,0.001133464106,0.0009722158311,0.7713281519,0,0,0,0,0,4.996003611e-16,8.160332751e-15,3.974598428e-14,3.97903932e-13
"I_50x250",3,50,250,25,38,20265038,TRUE,49,49,49,50,24,TRUE,TRUE,5,2.012,2.066,1.945,0.2565743477,0.259703117,-260.8866454,-258.1104394,"5","4",-1.040784741,-1.029678986,-1.040290184,2.220446049e-16,FALSE,0.92,0.4102849075,0.4205463275,FALSE,FALSE,0,NA,NA,NA,NA,0,0,0,0,0,0,3,6,0,3,3,0.002831668244,0.003501880409,0.002660802282,2.429724503,0,0,0,0,0,7.771561172e-15,1.262155495e-14,4.640732243e-14,6.764366844e-12
"I_50x250",3,50,250,25,39,20265039,TRUE,49,49,49,50,24,TRUE,TRUE,5,2.088,2.011,1.91,0.256512322,0.2632643594,-261.9834877,-256.2710051,"5","4",-1.039341621,-1.016486893,-1.039225076,-2.220446049e-16,FALSE,0.92,0.4133324442,0.4696705662,FALSE,FALSE,0,NA,NA,NA,NA,0,0,0,0,0,0,3,5,0,3,3,0.007735128364,0.009567529383,0.008078992673,6.49812736,0,0,0,0,0,7.21644966e-16,8.196766506e-15,4.174438573e-14,1.023181539e-12
"I_50x250",3,50,250,25,40,20265040,TRUE,49,49,49,50,24,TRUE,TRUE,5,2.037,1.997,1.908,0.2546920545,0.2548149,-263.5237057,-263.3898737,"5","4",-1.046328451,-1.045793359,-1.046215735,0,FALSE,0.96,0.2818000159,0.2824987238,FALSE,FALSE,0,NA,NA,NA,NA,0,0,0,0,0,0,3,6,1,1,1,0.0005423682033,0.6666286362,0.6025011997,0.2506218442,0,0,0,0,0,3.60822483e-15,9.415054454e-15,4.751754545e-14,2.50111043e-12
"I_50x250",3,50,250,25,41,20265041,TRUE,49,49,49,50,24,TRUE,TRUE,5,2.09,2.003,1.887,0.2718617593,0.2751329905,-245.6317685,-243.0022692,"5","4",-0.9867047697,-0.9761838511,-0.9866269072,0,FALSE,0.88,0.5002699934,0.4671515053,FALSE,FALSE,0,NA,NA,NA,NA,0,0,0,0,0,0,3,6,0,3,3,0.001851557564,0.002336396805,0.001873370482,1.491967864,0,0,0,0,0,4.996003611e-16,8.057191965e-15,4.085620731e-14,4.547473509e-13
"I_50x250",3,50,250,25,42,20265042,TRUE,49,49,49,50,24,TRUE,TRUE,5,2.196,2.065,1.979,0.2587901761,0.2556408389,-268.1322258,-270.7344313,"5","4",-1.031667481,-1.042079284,-1.031358712,6.661338148e-16,FALSE,0.92,0.3983165209,0.4148840607,FALSE,FALSE,0,NA,NA,NA,NA,0,0,0,0,0,0,3,4,0,1,1,0.003149337288,0.003909420858,0.003155925146,2.67964825,0,0,0,0,0,2.164934898e-15,8.537544156e-15,3.641531521e-14,1.875832822e-12
"I_50x250",3,50,250,25,43,20265043,TRUE,49,49,49,50,24,TRUE,TRUE,5,2.128,1.996,1.876,0.2693670793,0.2701207717,-254.2316588,-253.9034711,"1","4",-0.9934629384,-0.9921470604,-0.9945881591,5.551115123e-16,FALSE,0.76,0.6853991687,0.5725715319,FALSE,FALSE,0,NA,NA,NA,NA,0,0,0,0,0,0,3,6,3,0,3,2.942091015e-15,0.4913159381,0.4764303031,0.1340858368,0,0,0,0,0,2.942091015e-15,8.915576469e-15,4.06341627e-14,2.50111043e-12
"I_50x250",3,50,250,25,44,20265044,TRUE,49,49,49,50,24,TRUE,TRUE,5,2.352,2.047,1.94,0.2609212303,0.2609212303,-256.2372126,-256.1446516,"5","4",-1.023252144,-1.022882108,-1.022882108,2.220446049e-16,FALSE,0.92,0.4072213354,0.4691831357,FALSE,TRUE,0,NA,NA,NA,NA,0,0,0,0,0,0,3,6,0,1,1,0.001926596281,0.002390879407,0.00190302776,1.620948691,0,0,0,0,0,2.664535259e-15,8.873214416e-15,2.986499936e-14,2.103206498e-12
"I_50x250",3,50,250,25,45,20265045,TRUE,49,49,49,50,24,TRUE,TRUE,5,2.071,1.938,1.852,0.2640895252,0.2612834641,-257.7381449,-260.0683486,"5","4",-1.010943754,-1.020266711,-1.010924071,0,FALSE,0.96,0.2841746921,0.3590859127,FALSE,FALSE,0,NA,NA,NA,NA,0,0,0,0,0,0,3,6,0,3,3,0.001146083369,0.001430317957,0.001198167282,0.9506167733,0,0,0,0,0,5.995204333e-15,1.085816405e-14,3.796962744e-14,4.718003765e-12
"I_50x250",3,50,250,25,46,20265046,TRUE,49,49,49,50,24,TRUE,TRUE,5,2.137,1.967,1.874,0.2714798441,0.2688421411,-252.951483,-254.9620339,"5","4",-0.9890412634,-0.9970863333,-0.9885566315,-1.110223025e-16,FALSE,0.92,0.3995237619,0.4725139231,FALSE,FALSE,0,NA,NA,NA,NA,0,0,0,0,0,0,3,5,0,3,3,0.0006548992915,0.0008255214513,0.0007128864684,0.5273166938,0,0,0,0,0,2.386979503e-15,8.648277667e-15,4.796163466e-14,1.932676241e-12
"I_50x250",3,50,250,25,47,20265047,TRUE,49,49,49,50,24,TRUE,TRUE,5,2.065,1.915,1.829,0.2533441379,0.2557686781,-265.9012666,-263.7619512,"5","1",-1.051010323,-1.042450913,-1.050794021,4.440892099e-16,FALSE,0.8,0.6323610538,0.6408982519,FALSE,FALSE,0,NA,NA,NA,NA,0,0,0,0,0,0,3,5,0,3,3,0.000740353686,0.0009106676736,0.0008285799675,0.6389645265,0,0,0,0,0,3.275157923e-15,8.871122769e-15,3.486100297e-14,3.126388037e-12
"I_50x250",3,50,250,25,48,20265048,TRUE,49,49,49,50,24,TRUE,TRUE,5,2.142,2.138,2.04,0.2634990675,0.2591563426,-258.4359215,-261.9312095,"5","1",-1.014557089,-1.028541774,-1.014002762,0,FALSE,0.88,0.478503706,0.5075151913,FALSE,FALSE,0,NA,NA,NA,NA,0,0,0,0,0,0,3,5,0,1,1,0.001059414717,0.001319742743,0.001110665376,0.8770429518,0,0,0,0,0,8.326672685e-16,8.099370999e-15,3.61932706e-14,6.252776075e-13
"I_50x250",3,50,250,25,49,20265049,TRUE,49,49,49,50,24,TRUE,TRUE,5,2.075,1.98,1.9,0.2567533393,0.2598315911,-264.9382242,-262.3669372,"5","4",-1.036288315,-1.026000749,-1.036432074,0,FALSE,0.92,0.3967282524,0.4371046077,FALSE,FALSE,0,NA,NA,NA,NA,0,0,0,0,0,0,3,6,0,3,3,0.002175243052,0.002689841443,0.002300401913,1.845775823,0,0,0,0,0,7.66053887e-15,1.215975614e-14,3.375077995e-14,6.99174052e-12
"I_50x250",3,50,250,25,50,20265050,TRUE,49,49,49,50,24,TRUE,TRUE,5,2.154,1.925,1.826,0.2649959546,0.2556452617,-254.0271516,-261.8721135,"5","4",-1.011983584,-1.043370441,-1.011932989,2.220446049e-16,FALSE,0.96,0.2941880778,0.2717518699,FALSE,FALSE,0,NA,NA,NA,NA,0,0,0,0,0,0,3,6,0,3,3,0.00328745785,0.004098190423,0.002936449949,2.729126191,0,0,0,0,0,4.94049246e-15,9.698160578e-15,3.441691376e-14,4.547473509e-12
"I_100x250",4,100,250,50,1,20266001,TRUE,99,99,99,100,49,TRUE,TRUE,5,3.98,3.994,3.614,0.1742975367,0.1763164687,-283.6240753,-281.5023127,"5","4",-1.140197262,-1.131706896,-1.140624674,0,FALSE,0.94,0.3369211972,0.2499440414,FALSE,FALSE,0,NA,NA,NA,NA,0,0,0,0,0,0,3,6,0,2,2,0.0004655786267,0.0004947853569,0.0002973450212,0.5163296892,0,0,0,0,0,4.996003611e-16,7.671474699e-15,2.176037128e-14,5.115907697e-13
"I_100x250",4,100,250,50,2,20266002,TRUE,99,99,99,100,49,TRUE,TRUE,5,4.004,3.719,3.63,0.1783979321,0.1787453643,-278.347505,-277.8457084,"5","4",-1.118975329,-1.116968861,-1.118473672,2.220446049e-16,FALSE,0.94,0.330319291,0.2897307197,FALSE,FALSE,0,NA,NA,NA,NA,0,0,0,0,0,0,3,6,0,1,1,0.001111212412,0.001187678445,0.0007217767224,1.208151419,0,0,0,0,0,6.383782392e-16,7.702511256e-15,2.375877273e-14,6.252776075e-13
"I_100x250",4,100,250,50,3,20266003,TRUE,99,99,99,100,49,TRUE,TRUE,5,4.368,4.526,4.392,0.1753017471,0.1716922048,-283.607323,-287.4530768,"5","4",-1.132360713,-1.147749353,-1.131636612,0,FALSE,0.94,0.3352674906,0.2935770554,FALSE,FALSE,0,NA,NA,NA,NA,0,0,0,0,0,0,3,6,0,3,3,0.002669816324,0.002848459188,0.001625876386,2.970419636,0,0,0,0,0,4.996003611e-16,7.650004747e-15,1.998401444e-14,5.684341886e-13
"I_100x250",4,100,250,50,4,20266004,TRUE,99,99,99,100,49,TRUE,TRUE,5,3.946,3.773,3.681,0.1728047498,0.1740135932,-285.132658,-283.4993962,"5","4",-1.145592504,-1.139060001,-1.144458574,2.220446049e-16,FALSE,0.92,0.3818173832,0.3211555266,FALSE,FALSE,0,NA,NA,NA,NA,0,0,0,0,0,0,3,6,0,3,3,0.003123170612,0.003314177321,0.001854408386,3.532650664,0,0,0,0,0,3.053113318e-16,7.689313424e-15,3.330669074e-14,7.958078641e-13
"I_100x250",4,100,250,50,5,20266005,TRUE,99,99,99,100,49,TRUE,TRUE,5,3.857,3.71,3.603,0.1755715462,0.1782028355,-282.8072093,-280.0465537,"5","4",-1.130771537,-1.119723912,-1.131235623,2.220446049e-16,FALSE,0.92,0.3804226504,0.2695570974,FALSE,FALSE,0,NA,NA,NA,NA,0,0,0,0,0,0,3,6,0,3,3,0.002336592095,0.002492940953,0.001523353327,2.592568841,0,0,0,0,0,7.21644966e-16,7.538844698e-15,2.597921878e-14,9.663381206e-13
"I_100x250",4,100,250,50,6,20266006,TRUE,99,99,99,100,49,TRUE,TRUE,5,3.76,3.655,3.536,0.1759523896,0.1730716482,-281.5073512,-285.0679045,"4","4",-1.128038533,-1.1422849,-1.129504801,-2.220446049e-16,FALSE,0.8,0.5947679429,0.4362218621,FALSE,FALSE,0,NA,NA,NA,NA,0,0,0,0,0,0,3,6,3,3,3,0.00352253481,0.6656057524,0.4278532303,3.792983338,0,0,0,0,0,4.996003611e-16,7.548036424e-15,2.375877273e-14,5.684341886e-13
"I_100x250",4,100,250,50,7,20266007,TRUE,99,99,99,100,49,TRUE,TRUE,5,3.812,3.657,3.535,0.1741346576,0.1715998932,-285.487372,-288.1493429,"5","4",-1.13884541,-1.149497819,-1.138138903,2.220446049e-16,FALSE,0.94,0.3230148862,0.2577648967,FALSE,FALSE,0,NA,NA,NA,NA,0,0,0,0,0,0,3,6,0,1,1,0.001141909935,0.001215686318,0.0007365840367,1.273686626,0,0,0,0,0,8.881784197e-16,7.647950014e-15,3.086420008e-14,5.684341886e-13
"I_100x250",4,100,250,50,8,20266008,TRUE,99,99,99,100,49,TRUE,TRUE,5,3.758,3.939,3.794,0.1728112511,0.1774087616,-287.6187044,-282.443091,"5","4",-1.143939548,-1.123232374,-1.143558639,4.440892099e-16,FALSE,0.94,0.3335016488,0.2563981253,FALSE,FALSE,0,NA,NA,NA,NA,0,0,0,0,0,0,3,6,0,2,2,9.295891425e-05,9.886705104e-05,5.742984963e-05,0.1041178366,0,0,0,0,0,7.771561172e-16,7.761476432e-15,2.531308496e-14,7.958078641e-13
"I_100x250",4,100,250,50,9,20266009,TRUE,99,99,99,100,49,TRUE,TRUE,5,3.781,3.639,3.519,0.1752575445,0.1763207043,-284.5276216,-283.4102976,"5","4",-1.130721164,-1.12624993,-1.130930588,-4.440892099e-16,FALSE,0.98,0.1916522504,0.1542760902,FALSE,FALSE,0,NA,NA,NA,NA,0,0,0,0,0,0,3,6,0,3,3,0.001648403568,0.001756868456,0.001025652965,1.828455267,0,0,0,0,0,4.163336342e-16,7.667845713e-15,2.020605905e-14,4.547473509e-13
"I_100x250",4,100,250,50,10,20266010,TRUE,99,99,99,100,49,TRUE,TRUE,5,3.933,3.742,3.622,0.1703510015,0.1763089068,-289.0793978,-282.4997966,"5","4",-1.15805819,-1.131731501,-1.158363191,-2.220446049e-16,FALSE,0.96,0.2645036998,0.2483089241,FALSE,FALSE,0,NA,NA,NA,NA,0,0,0,0,0,0,3,6,0,1,1,0.001040916347,0.001103467393,0.0006361340764,1.187721473,0,0,0,0,0,1.026956298e-15,7.746010359e-15,2.997602166e-14,8.526512829e-13
"I_100x250",4,100,250,50,11,20266011,TRUE,99,99,99,100,49,TRUE,TRUE,5,3.862,3.668,3.569,0.176876566,0.177722521,-281.03233,-280.1098045,"5","4",-1.124752127,-1.121060961,-1.124752127,0,TRUE,1,0.0009018044307,0.0005595452338,FALSE,FALSE,0,NA,NA,NA,NA,0,0,0,0,0,0,3,6,1,1,1,0.0001391614875,0.6351001411,0.4096902334,0.006508973474,0,0,0,0,0,1.665334537e-15,8.01042822e-15,2.542410726e-14,1.364242053e-12
"I_100x250",4,100,250,50,12,20266012,TRUE,99,99,99,100,49,TRUE,TRUE,5,3.854,3.687,3.59,0.1766936344,0.1786861046,-282.4569206,-280.7977191,"4","4",-1.122912737,-1.116271937,-1.124946124,4.440892099e-16,FALSE,0.78,0.6089588136,0.42162615,FALSE,FALSE,0,NA,NA,NA,NA,0,0,0,0,0,0,3,6,3,3,3,0.0008211476913,0.6943586524,0.5217042166,0.5974947387,0,0,0,0,0,3.60822483e-16,7.680429441e-15,2.842170943e-14,3.410605132e-13
"I_100x250",4,100,250,50,13,20266013,TRUE,99,99,99,100,49,TRUE,TRUE,5,3.967,3.723,3.572,0.1703593266,0.1758620533,-293.010486,-286.5777595,"5","4",-1.15540265,-1.129667138,-1.154288839,2.220446049e-16,FALSE,0.9,0.4232487232,0.3134786194,FALSE,FALSE,0,NA,NA,NA,NA,0,0,0,0,0,0,3,6,0,1,1,0.0006759977636,0.000716598072,0.0004656496931,0.770381103,0,0,0,0,0,1.165734176e-15,7.697756338e-15,2.098321517e-14,1.534772309e-12
"I_100x250",4,100,250,50,14,20266014,TRUE,99,99,99,100,49,TRUE,TRUE,5,3.753,3.603,3.51,0.1701778412,0.1730800323,-290.8513677,-287.4927056,"5","4",-1.154961977,-1.141524192,-1.154625453,4.440892099e-16,FALSE,0.94,0.3339467201,0.2674528619,FALSE,FALSE,0,NA,NA,NA,NA,0,0,0,0,0,0,3,6,0,1,1,0.00166005297,0.001761535406,0.0009320736416,1.899335156,0,0,0,0,0,2.248201625e-15,7.948636286e-15,2.375877273e-14,2.50111043e-12
"I_100x250",4,100,250,50,15,20266015,TRUE,99,99,99,100,49,TRUE,TRUE,5,3.731,3.66,3.517,0.1699492952,0.1704336328,-293.3241607,-292.4560776,"5","4",-1.1571495,-1.153678737,-1.155884319,4.440892099e-16,FALSE,0.92,0.3847963823,0.4242789161,FALSE,FALSE,0,NA,NA,NA,NA,0,0,0,0,0,0,3,6,0,1,1,0.001496335774,0.001586277871,0.0009501967771,1.698067639,0,0,0,0,0,5.551115123e-16,7.631110847e-15,1.976196984e-14,8.526512829e-13
"I_100x250",4,100,250,50,16,20266016,TRUE,99,99,99,100,49,TRUE,TRUE,5,4.083,3.712,3.583,0.1787130192,0.1803726293,-281.4955458,-279.6106825,"5","4",-1.116164938,-1.108624486,-1.115771049,0,FALSE,0.96,0.2646890931,0.2562483643,FALSE,FALSE,0,NA,NA,NA,NA,0,0,0,0,0,0,3,6,0,0,0,2.775557562e-16,7.621210918e-15,2.664535259e-14,5.115907697e-13,0,0,0,0,0,4.440892099e-16,7.633771389e-15,2.642330799e-14,6.252776075e-13
"I_100x250",4,100,250,50,17,20266017,TRUE,99,99,99,100,49,TRUE,TRUE,5,3.808,3.781,3.651,0.170666086,0.1747287754,-287.180773,-283.3750365,"4","4",-1.153618468,-1.138387348,-1.15661471,-2.220446049e-16,FALSE,0.8,0.6047108865,0.4786286135,FALSE,FALSE,0,NA,NA,NA,NA,0,0,0,0,0,0,3,6,3,1,3,0.0002212513167,0.7702260111,0.5690307526,0.2263193411,0,0,0,0,0,1.193489751e-15,7.696089535e-15,2.26485497e-14,1.421085472e-12
"I_100x250",4,100,250,50,18,20266018,TRUE,99,99,99,100,49,TRUE,TRUE,5,3.693,3.6,3.467,0.1702734465,0.1703388093,-292.2951015,-291.9843584,"5","4",-1.156399558,-1.155158102,-1.155455588,4.440892099e-16,FALSE,0.94,0.3342329197,0.2360811064,FALSE,FALSE,0,NA,NA,NA,NA,0,0,0,0,0,0,3,6,0,3,3,0.0005738465477,0.0006086507346,0.000343011494,0.6518224676,0,0,0,0,0,6.661338148e-16,7.79561483e-15,2.076117056e-14,9.094947018e-13
"I_100x250",4,100,250,50,19,20266019,TRUE,99,99,99,100,49,TRUE,TRUE,5,3.981,3.177,3.097,0.1735611306,0.1782760267,-288.3967956,-283.1081163,"5","4",-1.142246635,-1.121086548,-1.141834792,2.220446049e-16,FALSE,0.96,0.2770609421,0.2518189318,FALSE,FALSE,0,NA,NA,NA,NA,0,0,0,0,0,0,3,6,0,3,3,0.0005022671223,0.0005345544944,0.0002868197347,0.5610876306,0,0,0,0,0,4.163336342e-16,7.641195283e-15,2.575717417e-14,3.97903932e-13
"I_100x250",4,100,250,50,20,20266020,TRUE,99,99,99,100,49,TRUE,TRUE,5,3.087,2.985,2.886,0.1739462147,0.173269633,-285.5371015,-286.397293,"5","4",-1.136653637,-1.140094539,-1.137077022,0,FALSE,0.98,0.1892339486,0.1696874009,FALSE,FALSE,0,NA,NA,NA,NA,0,0,0,0,0,0,3,6,1,3,3,0.002257799293,0.6000421082,0.3823861986,2.494572988,0,0,0,0,0,3.885780586e-16,7.677387953e-15,2.930988785e-14,5.684341886e-13
"I_100x250",4,100,250,50,21,20266021,TRUE,99,99,99,100,49,TRUE,TRUE,5,3.124,3.032,2.949,0.1770430352,0.1810033216,-282.3966507,-278.2829192,"5","4",-1.122033517,-1.105572172,-1.122678334,2.220446049e-16,FALSE,0.94,0.3317443268,0.2515198251,FALSE,FALSE,0,NA,NA,NA,NA,0,0,0,0,0,0,3,6,0,1,1,0.002364452998,0.002521196994,0.00166872624,2.564130043,0,0,0,0,0,5.828670879e-16,7.746609057e-15,2.25375274e-14,7.389644452e-13
"I_100x250",4,100,250,50,22,20266022,TRUE,99,99,99,100,49,TRUE,TRUE,5,3.076,2.942,2.867,0.1701036078,0.1704543801,-290.991351,-290.6663655,"5","4",-1.154178818,-1.152877897,-1.154474317,-2.220446049e-16,FALSE,0.94,0.3238451911,0.2276509316,FALSE,FALSE,0,NA,NA,NA,NA,0,0,0,0,0,0,3,6,0,3,3,0.004077309013,0.004315705152,0.002589635994,4.701653538,0,0,0,0,0,8.604228441e-16,7.739117991e-15,2.509104036e-14,7.389644452e-13
"I_100x250",4,100,250,50,23,20266023,TRUE,99,99,99,100,49,TRUE,TRUE,5,3.084,2.763,2.692,0.170639772,0.17931042,-294.809398,-285.0692326,"5","4",-1.152636922,-1.113666599,-1.152031507,-2.220446049e-16,FALSE,0.96,0.2739285167,0.2492346835,FALSE,FALSE,0,NA,NA,NA,NA,0,0,0,0,0,0,3,6,0,3,3,0.0003792796707,0.000402128949,0.0002488758913,0.4310129994,0,0,0,0,0,2.498001805e-16,7.74816335e-15,2.398081733e-14,5.115907697e-13
"I_100x250",4,100,250,50,24,20266024,TRUE,99,99,99,100,49,TRUE,TRUE,5,2.971,2.782,2.71,0.1726720763,0.1690504943,-285.8190034,-289.8205842,"5","4",-1.146064079,-1.162075093,-1.145645448,0,FALSE,0.92,0.3804528946,0.2873618159,FALSE,FALSE,0,NA,NA,NA,NA,0,0,0,0,0,0,3,6,0,3,3,0.001767111267,0.001877456195,0.001072370471,1.971107814,0,0,0,0,0,3.330669074e-16,7.917807683e-15,3.286260153e-14,3.97903932e-13
"I_100x250",4,100,250,50,25,20266025,TRUE,99,99,99,100,49,TRUE,TRUE,5,2.832,2.741,2.678,0.1722204747,0.1728266112,-290.3518509,-289.6591977,"5","4",-1.1447936,-1.142022227,-1.1447434,0,FALSE,0.96,0.2703561098,0.2042853252,FALSE,FALSE,0,NA,NA,NA,NA,0,0,0,0,0,0,3,6,0,3,3,0.001085050284,0.001151947772,0.0006970598691,1.22372602,0,0,0,0,0,4.440892099e-16,7.702365375e-15,2.842170943e-14,3.97903932e-13
"I_100x250",4,100,250,50,26,20266026,TRUE,99,99,99,100,49,TRUE,TRUE,5,3.943,4.144,3.755,0.1768230041,0.1775005128,-283.7023948,-283.0102139,"5","4",-1.128887127,-1.126116752,-1.12907671,2.220446049e-16,FALSE,0.94,0.3257669618,0.2438990517,FALSE,FALSE,0,NA,NA,NA,NA,0,0,0,0,0,0,3,6,0,3,3,0.003209038613,0.00342060832,0.002157973173,3.477841389,0,0,0,0,0,6.383782392e-16,7.609782343e-15,2.009503675e-14,6.252776075e-13
"I_100x250",4,100,250,50,27,20266027,TRUE,99,99,99,100,49,TRUE,TRUE,5,3.926,3.797,3.646,0.1813987999,0.1808768782,-276.290965,-276.7546703,"5","4",-1.103574803,-1.105431218,-1.103204674,4.440892099e-16,FALSE,0.88,0.4568662829,0.3237822556,FALSE,FALSE,0,NA,NA,NA,NA,0,0,0,0,0,0,3,6,0,3,3,0.000521921771,0.0005595036993,0.0003290114453,0.5565124957,0,0,0,0,0,6.938893904e-16,7.737478564e-15,2.398081733e-14,1.591615728e-12
"I_100x250",4,100,250,50,28,20266028,TRUE,99,99,99,100,49,TRUE,TRUE,5,4.358,4.479,4.359,0.173411305,0.1780413215,-286.7479916,-281.5751788,"5","4",-1.137718479,-1.117022048,-1.137409839,0,FALSE,0.94,0.3288962158,0.2860876644,FALSE,FALSE,0,NA,NA,NA,NA,0,0,0,0,0,0,3,6,2,2,2,0.003293041822,0.6606934453,0.3790132203,2.925667831,0,0,0,0,0,1.249000903e-15,7.639722972e-15,2.076117056e-14,1.307398634e-12
"I_100x250",4,100,250,50,29,20266029,TRUE,99,99,99,100,49,TRUE,TRUE,5,3.943,3.751,3.64,0.1746689851,0.1787584381,-283.0880417,-278.7751535,"5","4",-1.135676306,-1.118418282,-1.136329359,2.220446049e-16,FALSE,0.94,0.3190337301,0.2361967528,FALSE,FALSE,0,NA,NA,NA,NA,0,0,0,0,0,0,3,6,0,3,3,0.001059006511,0.00112698073,0.000697997764,1.169544058,0,0,0,0,0,6.106226635e-16,7.765938966e-15,2.464695115e-14,9.663381206e-13
"I_100x250",4,100,250,50,30,20266030,TRUE,99,99,99,100,49,TRUE,TRUE,5,3.76,3.66,3.563,0.1757453985,0.177561728,-285.435013,-283.6300657,"5","4",-1.12644706,-1.119223504,-1.127177713,2.220446049e-16,FALSE,0.92,0.3756065975,0.3121078052,FALSE,FALSE,0,NA,NA,NA,NA,0,0,0,0,0,0,3,6,0,3,3,0.001329874266,0.001416671834,0.0008341639578,1.457481087,0,0,0,0,0,1.609823386e-15,7.762317748e-15,3.264055692e-14,1.080024958e-12
"I_100x250",4,100,250,50,31,20266031,TRUE,99,99,99,100,49,TRUE,TRUE,5,3.792,3.625,3.504,0.1678653589,0.1662158994,-287.311182,-289.0820616,"5","4",-1.168848257,-1.175934989,-1.168273668,-2.220446049e-16,FALSE,0.96,0.2713544113,0.2148979331,FALSE,FALSE,0,NA,NA,NA,NA,0,0,0,0,0,0,3,6,0,2,2,0.0001812950928,0.0001917767646,0.0001079804403,0.2092813497,0,0,0,0,0,1.360023205e-15,7.743746453e-15,2.109423747e-14,2.046363079e-12
"I_100x250",4,100,250,50,32,20266032,TRUE,99,99,99,100,49,TRUE,TRUE,5,3.84,3.687,3.571,0.1703598451,0.1717679819,-289.4343573,-287.9762869,"5","4",-1.154956801,-1.149121491,-1.15550044,4.440892099e-16,FALSE,0.92,0.3835987403,0.2414937546,FALSE,FALSE,0,NA,NA,NA,NA,0,0,0,0,0,0,3,4,0,1,1,5.248464656e-05,5.561979618e-05,3.748296366e-05,0.05966383458,0,0,0,0,0,4.440892099e-16,7.638953683e-15,2.664535259e-14,9.094947018e-13
"I_100x250",4,100,250,50,33,20266033,TRUE,99,99,99,100,49,TRUE,TRUE,5,3.77,3.847,3.749,0.171327035,0.1763849948,-289.2812371,-284.6261792,"1","4",-1.148937024,-1.130306355,-1.152844528,-2.220446049e-16,FALSE,0.72,0.6856007991,0.4693200695,FALSE,FALSE,0,NA,NA,NA,NA,0,0,0,0,0,0,3,6,3,2,3,0.001398089272,0.2652023021,0.2373736174,1.781264489,0,0,0,0,0,8.881784197e-16,7.64906217e-15,2.575717417e-14,8.526512829e-13
"I_100x250",4,100,250,50,34,20266034,TRUE,99,99,99,100,49,TRUE,TRUE,5,3.774,3.647,3.555,0.1746474647,0.1769018845,-288.210864,-285.4422929,"5","4",-1.135697218,-1.124621906,-1.134549238,-4.440892099e-16,FALSE,0.92,0.3784580048,0.3403768901,FALSE,FALSE,0,NA,NA,NA,NA,0,0,0,0,0,0,3,5,0,2,2,0.0001388841642,0.000148199742,9.120944202e-05,0.1539645776,0,0,0,0,0,9.992007222e-16,7.675801745e-15,2.498001805e-14,6.821210263e-13
"I_100x250",4,100,250,50,35,20266035,TRUE,99,99,99,100,49,TRUE,TRUE,5,3.784,3.789,3.693,0.1729870191,0.1715991191,-280.6294023,-282.8378739,"1","2",-1.137942383,-1.146773827,-1.140533844,0,FALSE,0.72,0.7023993655,0.4629907046,FALSE,FALSE,0,NA,NA,NA,NA,0,0,0,0,0,0,3,6,3,3,3,0.0008960934684,0.7295246207,0.5194460234,0.1403298708,0,0,0,0,0,1.110223025e-16,7.639984025e-15,3.241851232e-14,3.97903932e-13
"I_100x250",4,100,250,50,36,20266036,TRUE,99,99,99,100,49,TRUE,TRUE,5,3.82,3.758,3.667,0.1686939382,0.1710812512,-296.9807873,-294.2168687,"5","1",-1.160899085,-1.149838786,-1.160731472,-2.220446049e-16,FALSE,0.8,0.6052579532,0.3949235881,FALSE,FALSE,0,NA,NA,NA,NA,0,0,0,0,0,0,3,6,1,2,2,0.006301251959,0.6320999276,0.3834492159,7.100191746,0,0,0,0,0,1.110223025e-15,7.626587819e-15,2.309263891e-14,8.526512829e-13
"I_100x250",4,100,250,50,37,20266037,TRUE,99,99,99,100,49,TRUE,TRUE,5,3.777,3.639,3.54,0.1720181517,0.1766190934,-289.4233886,-284.2994184,"5","4",-1.149360891,-1.128858766,-1.149302526,-4.440892099e-16,FALSE,0.94,0.3299959138,0.3064274129,FALSE,FALSE,0,NA,NA,NA,NA,0,0,0,0,0,0,3,6,0,2,2,0.0004256155203,0.0004519418352,0.0002559178396,0.4798363405,0,0,0,0,0,1.054711873e-15,7.6666925e-15,2.331468352e-14,1.591615728e-12
"I_100x250",4,100,250,50,38,20266038,TRUE,99,99,99,100,49,TRUE,TRUE,5,3.955,3.623,3.507,0.1692746618,0.1697309498,-286.0387354,-285.3085577,"5","2",-1.163567481,-1.160646569,-1.162734078,2.220446049e-16,FALSE,0.9,0.4269581844,0.3491929556,FALSE,FALSE,0,NA,NA,NA,NA,0,0,0,0,0,0,3,6,0,2,2,0.001833361956,0.001941111926,0.001265730119,2.087552246,0,0,0,0,0,3.60822483e-16,7.743477027e-15,2.864375404e-14,7.389644452e-13
"I_100x250",4,100,250,50,39,20266039,TRUE,99,99,99,100,49,TRUE,TRUE,5,3.811,3.612,3.514,0.1757080219,0.179066251,-283.3902155,-279.7952682,"5","4",-1.130643631,-1.116258642,-1.130907276,-2.220446049e-16,FALSE,0.94,0.3300726085,0.2572592771,FALSE,FALSE,0,NA,NA,NA,NA,0,0,0,0,0,0,3,4,0,1,1,0.001451704433,0.001546902435,0.0009949824241,1.591413587,0,0,0,0,0,1.193489751e-15,7.82435679e-15,2.309263891e-14,1.591615728e-12
"I_100x250",4,100,250,50,40,20266040,TRUE,99,99,99,100,49,TRUE,TRUE,5,3.766,3.57,3.473,0.1754582108,0.174640494,-286.840441,-287.6629282,"5","4",-1.13132408,-1.134615613,-1.130999576,0,FALSE,0.98,0.1879541856,0.206934767,FALSE,FALSE,0,NA,NA,NA,NA,0,0,0,0,0,0,3,6,0,1,1,0.003499517575,0.003728185197,0.002526801305,3.818762811,0,0,0,0,0,1.165734176e-15,7.692356862e-15,2.486899575e-14,8.526512829e-13
"I_100x250",4,100,250,50,41,20266041,TRUE,99,99,99,100,49,TRUE,TRUE,5,4.061,3.679,3.58,0.1676889074,0.1653528878,-291.6029602,-294.1939135,"5","4",-1.168766067,-1.179133599,-1.168249381,2.220446049e-16,FALSE,0.96,0.2737221452,0.2050914378,FALSE,FALSE,0,NA,NA,NA,NA,0,0,0,0,0,0,3,6,0,1,1,0.001554127899,0.001642227804,0.0009612412677,1.78811925,0,0,0,0,0,7.21644966e-16,7.718866555e-15,1.865174681e-14,5.115907697e-13
"I_100x250",4,100,250,50,42,20266042,TRUE,99,99,99,100,49,TRUE,TRUE,5,3.844,3.72,3.631,0.1692503738,0.1752858715,-291.5233465,-284.9194674,"4","4",-1.156452136,-1.130028712,-1.15716814,2.220446049e-16,FALSE,0.86,0.5045504451,0.3693595035,FALSE,FALSE,0,NA,NA,NA,NA,0,0,0,0,0,0,3,6,3,2,3,0.002395711155,0.7387129609,0.4911672071,3.36070533,0,0,0,0,0,9.159339953e-16,7.717959303e-15,2.70894418e-14,6.821210263e-13
"I_100x250",4,100,250,50,43,20266043,TRUE,99,99,99,100,49,TRUE,TRUE,5,3.868,3.578,3.48,0.1751257565,0.1742936192,-284.5801951,-285.3506718,"5","4",-1.134148111,-1.13723196,-1.133544324,2.220446049e-16,FALSE,0.9,0.4291253537,0.298811479,FALSE,FALSE,0,NA,NA,NA,NA,0,0,0,0,0,0,3,5,0,3,3,0.0009852114309,0.001048816081,0.0006176986938,1.091761089,0,0,0,0,0,3.053113318e-16,7.769272681e-15,2.819966483e-14,2.842170943e-13
"I_100x250",4,100,250,50,44,20266044,TRUE,99,99,99,100,49,TRUE,TRUE,5,3.928,3.452,3.372,0.168838989,0.16902718,-288.4004906,-288.322497,"5","4",-1.16312246,-1.162808785,-1.163672671,0,FALSE,0.96,0.2641605588,0.1983734709,FALSE,FALSE,0,NA,NA,NA,NA,0,0,0,0,0,0,3,6,0,0,0,4.718447855e-16,7.76771967e-15,2.620126338e-14,7.958078641e-13,0,0,0,0,0,3.275157923e-15,8.35398527e-15,2.68673972e-14,3.410605132e-12
"I_100x250",4,100,250,50,45,20266045,TRUE,99,99,99,100,49,TRUE,TRUE,5,3.084,3.015,2.939,0.1722445163,0.174985959,-284.9244832,-281.7772188,"5","4",-1.146778722,-1.134187095,-1.146415501,0,FALSE,0.98,0.1904030014,0.1713260165,FALSE,FALSE,0,NA,NA,NA,NA,0,0,0,0,0,0,3,6,0,3,3,0.002227452755,0.002366485284,0.001418834321,2.487224281,0,0,0,0,0,1.110223025e-15,7.680444044e-15,2.331468352e-14,9.094947018e-13
"I_100x250",4,100,250,50,46,20266046,TRUE,99,99,99,100,49,TRUE,TRUE,5,3.122,3.058,2.972,0.1741133715,0.1686958486,-284.7703688,-290.8885925,"5","4",-1.137552006,-1.162031723,-1.137540893,0,FALSE,0.96,0.2657317149,0.3185306614,FALSE,FALSE,0,NA,NA,NA,NA,0,0,0,0,0,0,3,6,0,3,3,0.003200900482,0.003402497149,0.002386110468,3.592112767,0,0,0,0,0,3.330669074e-16,7.623077281e-15,1.942890293e-14,1.705302566e-13
"I_100x250",4,100,250,50,47,20266047,TRUE,99,99,99,100,49,TRUE,TRUE,5,3.099,2.982,2.904,0.1749665775,0.1732764481,-282.5111128,-284.5623237,"1","2",-1.13172279,-1.139927615,-1.132410817,2.220446049e-16,FALSE,0.84,0.5308175304,0.3945644622,FALSE,FALSE,0,NA,NA,NA,NA,0,0,0,0,0,0,3,6,3,3,3,0.002429840426,0.6487828236,0.4759877544,2.720660258,0,0,0,0,0,6.383782392e-16,7.633701364e-15,2.842170943e-14,3.97903932e-13
"I_100x250",4,100,250,50,48,20266048,TRUE,99,99,99,100,49,TRUE,TRUE,5,3.124,2.768,2.702,0.1696026827,0.1749076211,-287.3559674,-281.331083,"5","4",-1.156766864,-1.132660815,-1.156516904,0,FALSE,0.92,0.3712529277,0.2819698578,FALSE,FALSE,0,NA,NA,NA,NA,0,0,0,0,0,0,3,6,0,1,1,1.209228419e-06,1.280085124e-06,8.013156266e-07,0.001381180996,0,0,0,0,0,1.637578961e-15,7.770015918e-15,2.131628207e-14,1.193711796e-12
"I_100x250",4,100,250,50,49,20266049,TRUE,99,99,99,100,49,TRUE,TRUE,5,2.961,2.806,2.742,0.1690330486,0.1696300912,-289.9548134,-289.2588872,"5","4",-1.164105075,-1.161320875,-1.164055019,4.440892099e-16,FALSE,0.98,0.1949010293,0.203848142,FALSE,FALSE,0,NA,NA,NA,NA,0,0,0,0,0,0,3,6,0,3,3,0.003069280141,0.00325166239,0.002233027214,3.486568218,0,0,0,0,0,6.383782392e-16,7.65209545e-15,3.330669074e-14,6.252776075e-13
"I_100x250",4,100,250,50,50,20266050,TRUE,99,99,99,100,49,TRUE,TRUE,5,2.884,2.779,2.713,0.1713493093,0.1713493093,-289.5041698,-289.4406727,"5","4",-1.152629456,-1.152376024,-1.152376024,0,FALSE,0.92,0.3810384845,0.2902197955,FALSE,TRUE,0,NA,NA,NA,NA,0,0,0,0,0,0,3,6,0,1,1,0.000476063268,0.0005048975037,0.0002992400139,0.5373796336,0,0,0,0,0,1.249000903e-15,7.793807433e-15,3.086420008e-14,7.958078641e-13
"AR1_50x200",5,50,200,25,1,20267001,TRUE,49,49,49,50,24,TRUE,TRUE,5,1.341,1.239,1.185,0.2915591885,0.2926602648,-185.1561535,-184.3914234,"5","4",-0.8927257897,-0.8889023567,-0.8920757083,0,FALSE,0.96,0.2764495575,0.3168958869,FALSE,FALSE,0,NA,NA,NA,NA,0,0,0,0,0,0,3,6,0,1,1,0.0005315072342,0.0006812922679,0.0005843158793,0.3071455075,0,0,0,0,0,8.326672685e-16,7.56580768e-15,3.574918139e-14,7.673861546e-13
"AR1_50x200",5,50,200,25,2,20267002,TRUE,49,49,49,50,24,TRUE,TRUE,5,1.323,1.267,1.2,0.2832748753,0.2883251719,-187.3720411,-184.5731125,"5","4",-0.9161795717,-0.9021742999,-0.9170722965,-1.110223025e-16,FALSE,0.96,0.2691743135,0.2927092187,FALSE,FALSE,0,NA,NA,NA,NA,0,0,0,0,0,0,3,6,0,1,1,0.001602853457,0.002035305299,0.002221677786,0.956827808,0,0,0,0,0,2.831068713e-15,8.31356545e-15,4.485301019e-14,1.591615728e-12
"AR1_50x200",5,50,200,25,3,20267003,TRUE,49,49,49,50,24,TRUE,TRUE,5,1.433,1.335,1.23,0.2743535137,0.2906821066,-186.1886916,-176.5232851,"5","4",-0.9479467044,-0.8995927843,-0.9483886074,-2.220446049e-16,FALSE,0.92,0.403411828,0.3947843064,FALSE,FALSE,0,NA,NA,NA,NA,0,0,0,0,0,0,3,6,3,3,3,0.001284357588,0.5702111442,0.5921671625,0.3660269091,0,0,0,0,0,8.326672685e-16,7.665116289e-15,3.752553823e-14,4.547473509e-13
"AR1_50x200",5,50,200,25,4,20267004,TRUE,49,49,49,50,24,TRUE,TRUE,5,1.455,1.288,1.231,0.2676985117,0.2806951531,-189.5115156,-181.3321896,"5","4",-0.9671135212,-0.9262014557,-0.9662698291,0,FALSE,0.96,0.2739480902,0.2284933558,FALSE,FALSE,0,NA,NA,NA,NA,0,0,0,0,0,0,3,6,0,3,3,0.01006553252,0.01252639725,0.01315613249,6.238912068,0,0,0,0,0,1.165734176e-15,7.954604628e-15,4.263256415e-14,5.96855898e-13
"AR1_50x200",5,50,200,25,5,20267005,TRUE,49,49,49,50,24,TRUE,TRUE,5,1.343,1.312,1.255,0.2826278134,0.2874853359,-183.9933608,-181.057139,"5","4",-0.9199506059,-0.9052615943,-0.919634326,-1.110223025e-16,FALSE,0.96,0.2581535444,0.2657729634,FALSE,FALSE,0,NA,NA,NA,NA,0,0,0,0,0,0,3,6,0,3,3,0.00583387479,0.007420178978,0.009266567091,3.520291553,0,0,0,0,0,6.661338148e-16,7.49396114e-15,4.374278717e-14,3.694822226e-13
"AR1_50x200",5,50,200,25,6,20267006,TRUE,49,49,49,50,24,TRUE,TRUE,5,1.419,1.266,1.211,0.2793252576,0.2966238055,-185.5965492,-175.4698928,"5","4",-0.9337540661,-0.8830952131,-0.9337540661,-1.110223025e-16,TRUE,1,0.0218444294,0.02374006688,FALSE,FALSE,0,NA,NA,NA,NA,0,0,0,0,0,0,3,3,0,1,1,0.002402632792,0.00303402012,0.003297309316,1.458761998,0,0,0,0,0,1.609823386e-15,7.76530964e-15,3.486100297e-14,9.947598301e-13
"AR1_50x200",5,50,200,25,7,20267007,TRUE,49,49,49,50,24,TRUE,TRUE,5,1.42,1.417,1.365,0.2778290959,0.27078901,-184.7934084,-189.0486748,"5","4",-0.9350181357,-0.9563062384,-0.9346155455,2.220446049e-16,FALSE,0.96,0.2763619561,0.2995865791,FALSE,FALSE,0,NA,NA,NA,NA,0,0,0,0,0,0,3,5,0,3,3,0.004663138587,0.00586525623,0.0062057703,2.859193138,0,0,0,0,0,8.326672685e-16,7.787284899e-15,4.563016631e-14,4.547473509e-13
"AR1_50x200",5,50,200,25,8,20267008,TRUE,49,49,49,50,24,TRUE,TRUE,5,1.331,1.316,1.218,0.2586611781,0.2621485256,-197.7996006,-195.422411,"3","4",-0.9959450946,-0.984060741,-0.9954071058,-1.110223025e-16,FALSE,0.8,0.5938224457,0.5132152857,FALSE,FALSE,0,NA,NA,NA,NA,0,0,0,0,0,0,3,5,0,2,2,0.009039103044,0.01115014848,0.01482161173,6.033539379,0,0,0,0,0,2.164934898e-15,8.036816389e-15,5.329070518e-14,1.563194019e-12
"AR1_50x200",5,50,200,25,9,20267009,TRUE,49,49,49,50,24,TRUE,TRUE,5,1.379,1.147,1.098,0.2583171244,0.2795642248,-200.7393639,-187.3829394,"6","4",-0.9986032614,-0.931791275,-0.9986688647,0,FALSE,0.84,0.5512735961,0.4170766497,FALSE,FALSE,0,NA,NA,NA,NA,0,0,0,0,0,0,3,6,0,2,2,0.0005129261801,0.0006310297057,0.0006621911096,0.3361836278,0,0,0,0,0,2.220446049e-16,7.844588854e-15,5.728750807e-14,7.958078641e-13
"AR1_50x200",5,50,200,25,10,20267010,TRUE,49,49,49,50,24,TRUE,TRUE,5,1.524,1.377,1.318,0.2615819604,0.2750911852,-212.9335875,-204.73227,"4","4",-0.9823434448,-0.9413136377,-0.9839036363,0,FALSE,0.84,0.5314141746,0.5373085554,FALSE,FALSE,0,NA,NA,NA,NA,0,0,0,0,0,0,3,5,3,3,3,0.00372535747,0.7352362369,0.5418318284,2.958689632,0,0,0,0,0,1.942890293e-15,8.039430792e-15,3.019806627e-14,6.252776075e-13
"AR1_50x200",5,50,200,25,11,20267011,TRUE,49,49,49,50,24,TRUE,TRUE,5,1.348,1.263,1.195,0.2686645346,0.2731746893,-187.7880323,-185.0016723,"5","4",-0.9617838985,-0.9478443558,-0.9619188106,3.330669074e-16,FALSE,0.96,0.280442968,0.2620994198,FALSE,FALSE,0,NA,NA,NA,NA,0,0,0,0,0,0,3,6,0,2,2,0.007770543997,0.009668841617,0.0131466688,4.966009488,0,0,0,0,0,1.609823386e-15,8.071306943e-15,3.441691376e-14,5.96855898e-13
"AR1_50x200",5,50,200,25,12,20267012,TRUE,49,49,49,50,24,TRUE,TRUE,5,1.274,1.21,1.152,0.2609505791,0.2649184749,-193.700685,-190.8549247,"2","6",-0.9888940776,-0.9746665441,-0.9874477779,0,FALSE,0.84,0.5489883186,0.4580992956,FALSE,FALSE,0,NA,NA,NA,NA,0,0,0,0,0,0,3,6,0,0,0,9.436895709e-16,7.81926942e-15,2.930988785e-14,7.105427358e-13,0,0,0,0,0,2.609024108e-15,8.560036764e-15,2.897682094e-14,1.421085472e-12
"AR1_50x200",5,50,200,25,13,20267013,TRUE,49,49,49,50,24,TRUE,TRUE,5,1.389,1.226,1.172,0.2694902413,0.2793008397,-189.8463134,-183.5217955,"5","4",-0.9622657825,-0.9306342785,-0.9608524146,-2.220446049e-16,FALSE,0.92,0.3810075846,0.3669607655,FALSE,FALSE,0,NA,NA,NA,NA,0,0,0,0,0,0,3,5,0,0,0,1.998401444e-15,7.718171521e-15,3.630429291e-14,6.536993169e-13,0,0,0,0,0,2.220446049e-16,7.517392072e-15,3.785860514e-14,4.831690603e-13
"AR1_50x200",5,50,200,25,14,20267014,TRUE,49,49,49,50,24,TRUE,TRUE,5,1.405,1.294,1.227,0.2858293722,0.2988905594,-183.57966,-176.0749811,"5","4",-0.9102738185,-0.8727314887,-0.9103500632,0,FALSE,0.92,0.382852162,0.3941011463,FALSE,FALSE,0,NA,NA,NA,NA,0,0,0,0,0,0,3,6,2,3,3,0.01065569537,0.6544325443,0.5061616535,6.605751495,0,0,0,0,0,6.106226635e-16,7.714771038e-15,3.819167205e-14,2.842170943e-13
"AR1_50x200",5,50,200,25,15,20267015,TRUE,49,49,49,50,24,TRUE,TRUE,5,1.31,1.221,1.163,0.2731818723,0.2881940539,-198.9056529,-189.8372506,"5","4",-0.9464059855,-0.9010415469,-0.9461795462,4.440892099e-16,FALSE,0.92,0.409981805,0.4014570821,FALSE,FALSE,0,NA,NA,NA,NA,0,0,0,0,0,0,3,6,0,2,2,0.0129813074,0.01626147834,0.01463244715,7.831689642,0,0,0,0,0,1.054711873e-15,7.951882573e-15,3.375077995e-14,5.96855898e-13
"AR1_50x200",5,50,200,25,16,20267016,TRUE,49,49,49,50,24,TRUE,TRUE,5,1.393,1.274,1.161,0.2706213187,0.2738826311,-187.3230903,-185.6873781,"2","1",-0.9532885657,-0.9450953375,-0.9552235327,0,FALSE,0.8,0.5654671101,0.5570046323,FALSE,FALSE,0,NA,NA,NA,NA,0,0,0,0,0,0,3,6,3,3,3,0.0008818175462,0.4340140057,0.5096244967,0.3545892079,0,0,0,0,0,3.330669074e-16,7.534382357e-15,4.629630013e-14,3.410605132e-13
"AR1_50x200",5,50,200,25,17,20267017,TRUE,49,49,49,50,24,TRUE,TRUE,5,1.33,1.254,1.188,0.2655449084,0.2885097988,-197.1698984,-183.1677253,"5","4",-0.971787344,-0.9017445557,-0.971787344,-1.110223025e-16,TRUE,1,0.02849196964,0.03109222537,FALSE,FALSE,0,NA,NA,NA,NA,0,0,0,0,0,0,3,5,0,3,3,0.001533166615,0.001902161775,0.002075758305,0.9798412646,0,0,0,0,0,1.998401444e-15,8.268339236e-15,3.907985047e-14,6.252776075e-13
"AR1_50x200",5,50,200,25,18,20267018,TRUE,49,49,49,50,24,TRUE,TRUE,5,1.351,1.282,1.221,0.2543968614,0.2669305103,-204.8263801,-196.4801434,"5","4",-1.013222192,-0.971476833,-1.01223478,0,FALSE,0.92,0.3786204781,0.4465525602,FALSE,FALSE,0,NA,NA,NA,NA,0,0,0,0,0,0,3,5,0,3,3,0.0004040267815,0.0004946277468,0.0005699454323,0.2692025262,0,0,0,0,0,1.221245327e-15,7.854575069e-15,3.685940442e-14,6.536993169e-13
"AR1_50x200",5,50,200,25,19,20267019,TRUE,49,49,49,50,24,TRUE,TRUE,5,1.359,1.255,1.189,0.273783469,0.2826266133,-197.5189071,-192.1819241,"1","4",-0.9411847641,-0.9144906613,-0.9413114059,-1.110223025e-16,FALSE,0.84,0.5162770184,0.4318202118,FALSE,FALSE,0,NA,NA,NA,NA,0,0,0,0,0,0,3,4,1,2,2,0.003692556258,0.2719867515,0.2789945295,2.185104427,0,0,0,0,0,1.720845688e-15,7.878602263e-15,2.842170943e-14,1.165290087e-12
"AR1_50x200",5,50,200,25,20,20267020,TRUE,49,49,49,50,24,TRUE,TRUE,5,1.388,1.276,1.218,0.2644031524,0.2703696199,-198.7418681,-194.893309,"5","4",-0.9765159438,-0.9572629706,-0.9761459308,1.110223025e-16,FALSE,0.84,0.564912698,0.4833712542,FALSE,FALSE,0,NA,NA,NA,NA,0,0,0,0,0,0,3,3,0,1,1,0.001546432683,0.001913656228,0.001910626778,0.99296908,0,0,0,0,0,1.165734176e-15,7.832165918e-15,4.596323322e-14,5.684341886e-13
"AR1_50x200",5,50,200,25,21,20267021,TRUE,49,49,49,50,24,TRUE,TRUE,5,1.374,1.314,1.258,0.2776713976,0.2925274072,-196.915378,-188.129848,"5","4",-0.9355961935,-0.8916472884,-0.9355961935,0,TRUE,1,0.01871294519,0.02178927127,FALSE,FALSE,0,NA,NA,NA,NA,0,0,0,0,0,0,3,6,0,1,1,0.009940934936,0.01252181275,0.01458034382,5.932175028,0,0,0,0,0,9.436895709e-16,7.953777924e-15,3.863576126e-14,4.547473509e-13
"AR1_50x200",5,50,200,25,22,20267022,TRUE,49,49,49,50,24,TRUE,TRUE,5,1.395,1.324,1.269,0.265735769,0.2750763415,-191.6004248,-186.1040676,"2","4",-0.9710371668,-0.9435416839,-0.9727558827,2.220446049e-16,FALSE,0.84,0.5437666889,0.5452237952,FALSE,FALSE,0,NA,NA,NA,NA,0,0,0,0,0,0,3,3,3,3,3,0.0002036634076,0.4839617835,0.4693570422,0.3231983154,0,0,0,0,0,1.554312234e-15,7.939445756e-15,5.284661597e-14,7.673861546e-13
"AR1_50x200",5,50,200,25,23,20267023,TRUE,49,49,49,50,24,TRUE,TRUE,5,1.397,1.353,1.237,0.2728254449,0.2907194047,-185.6003658,-175.0577001,"5","4",-0.9477799943,-0.8950376142,-0.9486406673,3.330669074e-16,FALSE,0.92,0.3706012287,0.3421381046,FALSE,FALSE,0,NA,NA,NA,NA,0,0,0,0,0,0,3,3,0,3,3,0.004974257761,0.006233622661,0.006824479087,3.051181409,0,0,0,0,0,7.771561172e-16,7.737714633e-15,3.708144902e-14,3.410605132e-13
"AR1_50x200",5,50,200,25,24,20267024,TRUE,49,49,49,50,24,TRUE,TRUE,5,1.383,1.3,1.229,0.2629509043,0.2678513781,-193.1204848,-189.985043,"5","4",-0.9786757128,-0.9629914617,-0.9786173535,5.551115123e-16,FALSE,0.96,0.275710513,0.3994953649,FALSE,FALSE,0,NA,NA,NA,NA,0,0,0,0,0,0,3,5,0,1,1,0.003122608388,0.003865045598,0.005547897705,1.997507913,0,0,0,0,0,2.997602166e-15,8.564785942e-15,3.397282455e-14,2.01794137e-12
"AR1_50x200",5,50,200,25,25,20267025,TRUE,49,49,49,50,24,TRUE,TRUE,5,1.37,1.325,1.224,0.287896774,0.271160406,-179.2650019,-189.0598833,"5","4",-0.9063799976,-0.9553832932,-0.9048242219,1.110223025e-16,FALSE,0.88,0.4953234569,0.4651726132,FALSE,FALSE,0,NA,NA,NA,NA,0,0,0,0,0,0,3,6,0,1,1,0.00356749366,0.004541876986,0.005769108043,2.101830208,0,0,0,0,0,2.386979503e-15,8.262909445e-15,3.330669074e-14,1.136868377e-12
"AR1_50x200",5,50,200,25,26,20267026,TRUE,49,49,49,50,24,TRUE,TRUE,5,1.395,1.355,1.302,0.2557399053,0.2647997918,-213.0531943,-207.258055,"5","4",-1.006443649,-0.9774536967,-1.006959157,0,FALSE,0.96,0.2798125001,0.2342542218,FALSE,FALSE,0,NA,NA,NA,NA,0,0,0,0,0,0,3,6,0,3,3,0.01096020517,0.01339933706,0.01451657268,7.108429972,0,0,0,0,0,1.054711873e-15,7.594380002e-15,3.641531521e-14,8.526512829e-13
"AR1_50x200",5,50,200,25,27,20267027,TRUE,49,49,49,50,24,TRUE,TRUE,5,1.318,1.312,1.263,0.2716188161,0.2763074082,-184.1976147,-181.2603912,"4","2",-0.9513457136,-0.9366516067,-0.9511117209,0,FALSE,0.76,0.6719219116,0.5257314141,FALSE,FALSE,0,NA,NA,NA,NA,0,0,0,0,0,0,3,3,3,2,3,0.004688592113,0.6146818067,0.5039847474,3.207316112,0,0,0,0,0,1.498801083e-15,7.721205264e-15,5.617728505e-14,9.947598301e-13
"AR1_50x200",5,50,200,25,28,20267028,TRUE,49,49,49,50,24,TRUE,TRUE,5,1.459,1.402,1.332,0.2623374483,0.2623374483,-192.5301373,-192.6515918,"5","1",-0.9826687737,-0.9832702815,-0.9832702815,1.110223025e-16,FALSE,0.84,0.5522771216,0.4742464202,FALSE,TRUE,0,NA,NA,NA,NA,0,0,0,0,0,0,3,6,0,2,2,0.00331847387,0.00410794743,0.004014466472,2.128036191,0,0,0,0,0,1.276756478e-15,7.630937448e-15,3.5971226e-14,7.958078641e-13
"AR1_50x200",5,50,200,25,29,20267029,TRUE,49,49,49,50,24,TRUE,TRUE,5,1.397,1.351,1.273,0.2643241943,0.2574247252,-192.2129416,-196.7642571,"6","2",-0.9760108723,-0.998775383,-0.9763641416,0,FALSE,0.8,0.6029656827,0.4805235489,FALSE,FALSE,0,NA,NA,NA,NA,0,0,0,0,0,0,3,6,0,3,3,0.001368515869,0.00169469766,0.001912410012,0.8740197647,0,0,0,0,0,6.661338148e-16,7.708876196e-15,2.908784325e-14,2.273736754e-13
"AR1_50x200",5,50,200,25,30,20267030,TRUE,49,49,49,50,24,TRUE,TRUE,5,1.414,1.293,1.216,0.249600241,0.2647520066,-207.7541074,-197.7969754,"5","4",-1.022242446,-0.9724343822,-1.022379508,2.220446049e-16,FALSE,0.88,0.4792379683,0.3683523349,FALSE,FALSE,0,NA,NA,NA,NA,0,0,0,0,0,0,3,6,0,3,3,0.007548842735,0.009168272131,0.01062499025,5.051403643,0,0,0,0,0,5.551115123e-16,7.754752644e-15,4.085620731e-14,4.263256415e-13
"AR1_50x200",5,50,200,25,31,20267031,TRUE,49,49,49,50,24,TRUE,TRUE,5,1.399,1.278,1.214,0.2683542322,0.2703328636,-194.4527953,-193.3258234,"5","4",-0.9642747345,-0.9586337266,-0.9648486539,1.110223025e-16,FALSE,0.92,0.3853169037,0.3984771255,FALSE,FALSE,0,NA,NA,NA,NA,0,0,0,0,0,0,3,6,0,1,1,0.002458757674,0.003069017515,0.003308876869,1.557209399,0,0,0,0,0,1.387778781e-15,7.804908505e-15,3.408384686e-14,3.126388037e-13
"AR1_50x200",5,50,200,25,32,20267032,TRUE,49,49,49,50,24,TRUE,TRUE,5,1.361,1.328,1.272,0.2937499054,0.3121923248,-188.2287145,-177.9700433,"5","4",-0.8855218692,-0.8342021902,-0.8853518442,-1.110223025e-16,FALSE,0.96,0.2671806455,0.26736444,FALSE,FALSE,0,NA,NA,NA,NA,0,0,0,0,0,0,3,5,0,0,0,1.276756478e-15,7.911937568e-15,3.685940442e-14,7.105427358e-13,0,0,0,0,0,1.221245327e-15,7.771295613e-15,3.907985047e-14,3.694822226e-13
"AR1_50x200",5,50,200,25,33,20267033,TRUE,49,49,49,50,24,TRUE,TRUE,5,1.312,1.275,1.221,0.2782233026,0.2955505248,-185.2460701,-175.1166117,"1","4",-0.9318996719,-0.881232681,-0.9321628084,-3.330669074e-16,FALSE,0.84,0.5137222621,0.6302049065,FALSE,FALSE,0,NA,NA,NA,NA,0,0,0,0,0,0,3,6,3,3,3,0.005113458189,0.3853873371,0.6108696876,2.95767098,0,0,0,0,0,6.106226635e-16,7.675258074e-15,3.441691376e-14,3.97903932e-13
"AR1_50x200",5,50,200,25,34,20267034,TRUE,49,49,49,50,24,TRUE,TRUE,5,1.374,1.201,1.148,0.2387037809,0.2643937644,-219.1496939,-202.3227531,"1|2","4",-1.063827419,-0.9796526492,-1.066430693,-4.440892099e-16,FALSE,0.84,0.5389726759,0.4984630689,FALSE,FALSE,0,NA,NA,NA,NA,0,0,0,0,0,0,3,4,1,1,1,0.001829788549,0.2709876672,0.322332918,1.063994784,0,0,0,0,0,7.771561172e-16,7.67054803e-15,4.218847494e-14,3.97903932e-13
"AR1_50x200",5,50,200,25,35,20267035,TRUE,49,49,49,50,24,TRUE,TRUE,5,1.501,1.411,1.34,0.2633542322,0.2653888682,-195.1068095,-193.7818805,"2","4",-0.9750235402,-0.9683991142,-0.9749113369,-4.440892099e-16,FALSE,0.84,0.5439269343,0.4633346566,FALSE,FALSE,0,NA,NA,NA,NA,0,0,0,0,0,0,3,5,0,1,1,0.00247775037,0.003072533959,0.003432449512,1.599987353,0,0,0,0,0,8.881784197e-16,7.997620312e-15,3.574918139e-14,1.136868377e-13
"AR1_50x200",5,50,200,25,36,20267036,TRUE,49,49,49,50,24,TRUE,TRUE,5,1.347,1.257,1.166,0.2571369509,0.2575529406,-195.917207,-195.5946564,"5","4",-1.001399256,-0.9997857627,-1.001156217,0,FALSE,0.96,0.259377942,0.3309904132,FALSE,FALSE,0,NA,NA,NA,NA,0,0,0,0,0,0,3,6,0,1,1,0.0004159897044,0.0005107717614,0.0005495229815,0.2739760875,0,0,0,0,0,1.165734176e-15,7.850742855e-15,3.397282455e-14,8.242295735e-13
"AR1_50x200",5,50,200,25,37,20267037,TRUE,49,49,49,50,24,TRUE,TRUE,5,1.32,1.31,1.217,0.2785526482,0.2840953362,-187.2024487,-183.9638908,"5","4",-0.9301692285,-0.913965231,-0.9305912581,0,FALSE,0.92,0.3710280556,0.3384386684,FALSE,FALSE,0,NA,NA,NA,NA,0,0,0,0,0,0,3,6,0,3,3,0.005513220272,0.006965166961,0.009023654514,3.305702021,0,0,0,0,0,1.165734176e-15,7.790080978e-15,3.863576126e-14,2.273736754e-13
"AR1_50x200",5,50,200,25,38,20267038,TRUE,49,49,49,50,24,TRUE,TRUE,5,1.416,1.327,1.259,0.2811728858,0.2792951537,-182.5825109,-183.7092953,"5","4",-0.9270160226,-0.9326529679,-0.9269946811,-2.220446049e-16,FALSE,0.96,0.2669810186,0.2872173378,FALSE,FALSE,0,NA,NA,NA,NA,0,0,0,0,0,0,3,6,0,2,2,0.001850912442,0.002348584037,0.002446837563,1.114909072,0,0,0,0,0,4.996003611e-16,7.561251358e-15,3.996802889e-14,3.126388037e-13
"AR1_50x200",5,50,200,25,39,20267039,TRUE,49,49,49,50,24,TRUE,TRUE,5,1.325,1.319,1.227,0.2658550038,0.2798469459,-190.3147388,-181.5679407,"2","4",-0.9665470871,-0.922797705,-0.9661194682,0,FALSE,0.8,0.5597848627,0.8042138409,FALSE,FALSE,0,NA,NA,NA,NA,0,0,0,0,0,0,3,6,0,2,2,0.004112017141,0.005099856922,0.007063867522,2.63710511,0,0,0,0,0,9.992007222e-16,7.882324729e-15,4.840572387e-14,9.379164112e-13
"AR1_50x200",5,50,200,25,40,20267040,TRUE,49,49,49,50,24,TRUE,TRUE,5,1.354,1.291,1.192,0.253017246,0.2669018382,-216.8282929,-207.8235329,"1","4",-1.01122386,-0.9661845681,-1.01143864,4.440892099e-16,FALSE,0.88,0.4742263348,0.5242748016,FALSE,FALSE,0,NA,NA,NA,NA,0,0,0,0,0,0,3,3,0,1,1,0.00445824131,0.005452111762,0.005661558873,3.016171215,0,0,0,0,0,1.498801083e-15,8.164721848e-15,4.418687638e-14,7.105427358e-13
"AR1_50x200",5,50,200,25,41,20267041,TRUE,49,49,49,50,24,TRUE,TRUE,5,1.401,1.381,1.32,0.2684021863,0.2598905477,-189.1996717,-194.6576213,"5","4",-0.9695132186,-0.9968151895,-0.9695132186,3.330669074e-16,TRUE,1,0.01058825785,0.01146739262,FALSE,FALSE,0,NA,NA,NA,NA,0,0,0,0,0,0,3,5,0,2,2,0.008511638601,0.01058825785,0.01146739262,5.457949628,0,0,0,0,0,9.436895709e-16,7.91630412e-15,4.840572387e-14,6.252776075e-13
"AR1_50x200",5,50,200,25,42,20267042,TRUE,49,49,49,50,24,TRUE,TRUE,5,1.339,1.25,1.201,0.2713672709,0.2699244628,-191.7773832,-192.8373197,"5","4",-0.9553911437,-0.9606882541,-0.9561785505,1.110223025e-16,FALSE,0.96,0.290457393,0.2981402934,FALSE,FALSE,0,NA,NA,NA,NA,0,0,0,0,0,0,3,5,0,2,2,0.002015753194,0.002517061935,0.002982749244,1.250887308,0,0,0,0,0,9.992007222e-16,7.597356987e-15,3.930189507e-14,1.421085472e-13
"AR1_50x200",5,50,200,25,43,20267043,TRUE,49,49,49,50,24,TRUE,TRUE,5,1.289,1.335,1.252,0.2838062531,0.2954463623,-191.5465414,-184.9070654,"2","4",-0.9123854073,-0.879172161,-0.9130168974,0,FALSE,0.8,0.5930578401,0.5034479774,FALSE,FALSE,0,NA,NA,NA,NA,0,0,0,0,0,0,3,6,1,1,1,0.00447349818,0.5472153402,0.4849841651,2.437868681,0,0,0,0,0,8.881784197e-16,7.651616869e-15,4.152234112e-14,3.97903932e-13
"AR1_50x200",5,50,200,25,44,20267044,TRUE,49,49,49,50,24,TRUE,TRUE,5,1.37,1.258,1.207,0.285422932,0.2929320536,-177.6100636,-173.2283907,"5","4",-0.9110145063,-0.8890958651,-0.9109793748,-2.220446049e-16,FALSE,0.92,0.3625244218,0.3229715294,FALSE,FALSE,0,NA,NA,NA,NA,0,0,0,0,0,0,3,6,0,2,2,0.003333017727,0.004246254972,0.005158515643,1.956601456,0,0,0,0,0,1.165734176e-15,7.832436663e-15,4.50750548e-14,3.97903932e-13
"AR1_50x200",5,50,200,25,45,20267045,TRUE,49,49,49,50,24,TRUE,TRUE,5,1.43,1.284,1.221,0.267189747,0.2930713156,-196.4337268,-180.8358031,"5","4",-0.9641409089,-0.8861152733,-0.9641409089,3.330669074e-16,TRUE,1,0.03225757731,0.03511014511,FALSE,FALSE,0,NA,NA,NA,NA,0,0,0,0,0,0,3,6,0,3,3,0.02161487588,0.02693977096,0.02932208017,13.12932218,0,0,0,0,0,3.885780586e-16,7.708226259e-15,3.885780586e-14,4.263256415e-13
"AR1_50x200",5,50,200,25,46,20267046,TRUE,49,49,49,50,24,TRUE,TRUE,5,1.346,1.159,1.08,0.2755192047,0.276018429,-190.265697,-189.962688,"5","4",-0.9452428701,-0.9437249754,-0.9452550678,-4.440892099e-16,FALSE,0.92,0.3737945473,0.341820245,FALSE,FALSE,0,NA,NA,NA,NA,0,0,0,0,0,0,3,6,0,3,3,0.01127967272,0.01416259744,0.0135632589,7.070448827,0,0,0,0,0,8.881784197e-16,7.390821112e-15,2.997602166e-14,8.242295735e-13
"AR1_50x200",5,50,200,25,47,20267047,TRUE,49,49,49,50,24,TRUE,TRUE,5,1.35,1.258,1.198,0.28655879,0.3093859633,-179.8336467,-166.7324824,"5","4",-0.9111407336,-0.8456047138,-0.9100919549,-2.220446049e-16,FALSE,0.96,0.2523339922,0.3052303776,FALSE,FALSE,0,NA,NA,NA,NA,0,0,0,0,0,0,3,6,1,2,2,0.002933069701,0.5897828392,0.4648479508,1.716450973,0,0,0,0,0,1.831867991e-15,8.241425108e-15,6.838973832e-14,5.96855898e-13
"AR1_50x200",5,50,200,25,48,20267048,TRUE,49,49,49,50,24,TRUE,TRUE,5,1.306,1.287,1.23,0.2712188186,0.2696637786,-193.3330409,-194.3249105,"5","4",-0.9551937953,-0.9601545851,-0.955291946,4.440892099e-16,FALSE,0.96,0.2956949855,0.3498976384,FALSE,FALSE,0,NA,NA,NA,NA,0,0,0,0,0,0,3,5,1,3,3,0.004745047807,0.4877169361,0.5150937018,3.132521295,0,0,0,0,0,7.771561172e-16,7.844751067e-15,4.085620731e-14,6.821210263e-13
"AR1_50x200",5,50,200,25,49,20267049,TRUE,49,49,49,50,24,TRUE,TRUE,5,1.37,1.275,1.21,0.2761657431,0.2732913398,-184.582535,-186.2708688,"5","4",-0.9398494402,-0.9482964731,-0.9394557795,0,FALSE,0.96,0.2768523093,0.4407219334,FALSE,FALSE,0,NA,NA,NA,NA,0,0,0,0,0,0,3,6,0,3,3,0.002874403326,0.003615137979,0.004050206112,1.767425999,0,0,0,0,0,1.054711873e-15,7.515939733e-15,4.551914401e-14,4.263256415e-13
"AR1_50x200",5,50,200,25,50,20267050,TRUE,49,49,49,50,24,TRUE,TRUE,5,1.425,1.297,1.236,0.2654948726,0.2795613882,-199.9791987,-191.310177,"5","4",-0.9696968606,-0.9263310096,-0.969962349,1.110223025e-16,FALSE,0.88,0.4683527462,0.4170499786,FALSE,FALSE,0,NA,NA,NA,NA,0,0,0,0,0,0,3,6,0,2,2,0.003568318358,0.00444485075,0.005066228058,2.289989179,0,0,0,0,0,1.443289932e-15,7.555153753e-15,3.5971226e-14,1.023181539e-12
"CONT_50x200",6,50,200,25,1,20268001,TRUE,49,49,49,50,24,TRUE,TRUE,5,1.36,1.253,1.193,0.1522726724,0.1561355789,-212.7959012,-208.503204,"5","4",-1.479044281,-1.457575084,-1.47920558,4.440892099e-16,FALSE,0.88,0.4973509353,0.5605427904,FALSE,FALSE,5,0,0,1,1,0,0,0,0,0,0,3,6,0,3,3,0.001176402457,0.001284811069,0.001547426294,1.328891509,0,0,0,0,0,1.526556659e-15,7.9197488e-15,5.684341886e-14,1.620037438e-12
"CONT_50x200",6,50,200,25,2,20268002,TRUE,49,49,49,50,24,TRUE,TRUE,5,1.348,1.205,1.134,0.1602711617,0.1674328635,-206.926222,-199.0249696,"5","4",-1.437046326,-1.397533674,-1.435228106,4.440892099e-16,FALSE,0.76,0.6690470761,0.7280670249,FALSE,FALSE,5,0,0,1,1,0,0,0,0,0,0,3,6,0,3,3,0.003056207599,0.003365684732,0.003634660466,3.258054361,0,0,0,0,0,8.326672685e-16,8.043593298e-15,4.729550085e-14,9.947598301e-13
"CONT_50x200",6,50,200,25,3,20268003,TRUE,49,49,49,50,24,TRUE,TRUE,5,1.345,1.141,1.085,0.158033845,0.1576422144,-209.6577215,-210.0063293,"5","4",-1.444732133,-1.446476171,-1.444335365,4.440892099e-16,FALSE,0.92,0.3963277905,0.4399175924,FALSE,FALSE,5,0,0,1,1,0,0,0,0,0,0,3,5,0,2,2,0.001098213689,0.00120639954,0.001471425745,1.203148614,0,0,0,0,0,2.997602166e-15,8.699778738e-15,3.685940442e-14,3.126388037e-12
"CONT_50x200",6,50,200,25,4,20268004,TRUE,49,49,49,50,24,TRUE,TRUE,5,1.362,1.202,1.131,0.1644317556,0.1713660572,-202.0805482,-194.813647,"5","4",-1.414333717,-1.377989178,-1.41359012,-6.661338148e-16,FALSE,0.84,0.5544100736,0.5842494656,FALSE,FALSE,5,0,0,1,1,0,0,0,0,0,0,3,6,0,2,2,0.0026323362,0.002916869969,0.004452217459,2.737721746,0,0,0,0,0,2.192690474e-15,8.327683591e-15,7.416289804e-14,1.563194019e-12
"CONT_50x200",6,50,200,25,5,20268005,TRUE,49,49,49,50,24,TRUE,TRUE,5,1.516,1.251,1.168,0.1556014938,0.1604582838,-208.4204052,-203.3819208,"2","4",-1.456275443,-1.431074703,-1.457594734,-2.220446049e-16,FALSE,0.72,0.721660755,0.6753554662,FALSE,FALSE,5,0,0,1,1,0,0,0,0,0,0,3,6,0,3,3,0.001548099379,0.001694951737,0.002262197558,1.708303789,0,0,0,0,0,1.415534356e-15,8.079682994e-15,6.572520306e-14,1.392663762e-12
"CONT_50x200",6,50,200,25,6,20268006,TRUE,49,49,49,50,24,TRUE,TRUE,5,1.289,1.315,1.207,0.1625021151,0.1689935819,-200.7447661,-194.0183023,"5","4",-1.421596689,-1.387954436,-1.421716562,0,FALSE,0.84,0.543720376,0.575305259,FALSE,FALSE,5,0,0,1,1,0,0,0,0,0,0,3,6,0,3,3,8.008696261e-06,8.841219915e-06,1.273845587e-05,0.008497235798,0,0,0,0,0,3.441691376e-15,8.579301481e-15,3.552713679e-14,3.581135388e-12
"CONT_50x200",6,50,200,25,7,20268007,TRUE,49,49,49,50,24,TRUE,TRUE,5,1.356,1.228,1.159,0.1572163461,0.1639398115,-206.923039,-199.8164817,"2","1",-1.450407212,-1.414864401,-1.450988827,-2.220446049e-16,FALSE,0.8,0.6115182706,0.5381687468,FALSE,FALSE,5,0,0,1,1,0,0,0,0,0,0,3,6,3,2,3,0.005858069197,0.6872888441,0.6550583478,6.089379328,0,0,0,0,0,1.165734176e-15,8.12074403e-15,5.373479439e-14,1.307398634e-12
"CONT_50x200",6,50,200,25,8,20268008,TRUE,49,49,49,50,24,TRUE,TRUE,5,1.403,1.241,1.186,0.1600692715,0.1574517727,-203.7189008,-206.4497978,"5","4",-1.437799794,-1.451459243,-1.437231813,-4.440892099e-16,FALSE,0.88,0.4812081018,0.5647215926,FALSE,FALSE,5,0,0,1,1,0,0,0,0,0,0,3,6,0,3,3,0.002054594515,0.002268585089,0.002655831697,2.229043295,0,0,0,0,0,3.358424649e-15,8.725043087e-15,6.461498003e-14,3.382183422e-12
"CONT_50x200",6,50,200,25,9,20268009,TRUE,49,49,49,50,24,TRUE,TRUE,5,1.316,1.23,1.17,0.1711387179,0.1711929743,-193.9195684,-193.5734951,"5","4",-1.37832724,-1.376598318,-1.376871334,4.440892099e-16,FALSE,0.76,0.6949524913,0.6325973612,FALSE,FALSE,5,0,0,1,1,0,0,0,0,0,0,3,5,0,3,3,0.002973250403,0.003313058235,0.00364248034,3.019053134,0,0,0,0,0,2.775557562e-16,7.887038186e-15,3.996802889e-14,3.410605132e-13
"CONT_50x200",6,50,200,25,10,20268010,TRUE,49,49,49,50,24,TRUE,TRUE,5,1.357,1.336,1.233,0.1630262545,0.1642572331,-197.1316799,-196.0415309,"2","4",-1.418051043,-1.412597018,-1.419082861,0,FALSE,0.8,0.6200916537,0.7151421644,FALSE,FALSE,5,0,0,1,1,0,0,0,0,0,0,3,5,0,0,0,1.609823386e-15,8.346310687e-15,7.283063042e-14,1.904254532e-12,0,0,0,0,0,3.330669074e-16,8.097174292e-15,7.238654121e-14,1.98951966e-13
"CONT_50x200",6,50,200,25,11,20268011,TRUE,49,49,49,50,24,TRUE,TRUE,5,1.324,1.28,1.178,0.1632535949,0.1661007412,-202.6346718,-199.5002107,"5","4",-1.421290058,-1.405615861,-1.420523789,2.220446049e-16,FALSE,0.84,0.5627973804,0.553451484,FALSE,FALSE,5,0,0,1,1,0,0,0,0,0,0,3,6,0,3,3,0.002265597492,0.002505902629,0.003895881726,2.410393399,0,0,0,0,0,7.494005416e-16,8.005111293e-15,5.528910663e-14,1.023181539e-12
"CONT_50x200",6,50,200,25,12,20268012,TRUE,49,49,49,50,24,TRUE,TRUE,5,1.358,1.304,1.246,0.1598898527,0.1729725044,-203.2592511,-189.6858218,"5","4",-1.439370848,-1.37148557,-1.43928622,0,FALSE,0.88,0.4909760346,0.5103407726,FALSE,FALSE,5,0,0,1,1,0,0,0,0,0,0,3,6,0,3,3,0.01160939717,0.0128065948,0.0136777422,12.08335378,0,0,0,0,0,1.415534356e-15,8.2078789e-15,5.306866058e-14,1.932676241e-12
"CONT_50x200",6,50,200,25,13,20268013,TRUE,49,49,49,50,24,TRUE,TRUE,5,1.314,1.288,1.217,0.1552948922,0.1552948922,-207.0785604,-207.2442488,"6","4",-1.461553494,-1.462381634,-1.462381634,-2.220446049e-16,FALSE,0.72,0.752664417,0.7841996195,FALSE,TRUE,5,0,0,1,1,0,0,0,0,0,0,3,6,3,3,3,0.0009730086931,0.6398678495,0.5879419791,0.7211819892,0,0,0,0,0,4.801714582e-15,9.549635658e-15,6.683542608e-14,5.229594535e-12
"CONT_50x200",6,50,200,25,14,20268014,TRUE,49,49,49,50,24,TRUE,TRUE,5,1.229,0.967,0.92,0.1610204863,0.1601396597,-207.6079246,-208.5074225,"5","4",-1.430721834,-1.435221356,-1.430489591,2.220446049e-16,FALSE,0.96,0.2728657654,0.39796723,FALSE,FALSE,5,0,0,1,1,0,0,0,0,0,0,3,5,0,3,3,0.004805245693,0.005297673484,0.007739983994,5.070044222,0,0,0,0,0,2.331468352e-15,8.438616598e-15,7.327471963e-14,2.273736754e-12
"CONT_50x200",6,50,200,25,15,20268015,TRUE,49,49,49,50,24,TRUE,TRUE,5,1,0.949,0.904,0.1588365456,0.1595365956,-199.8568427,-198.9818626,"5","4",-1.444386378,-1.440010907,-1.443805621,2.220446049e-16,FALSE,0.92,0.3900151564,0.4453876609,FALSE,FALSE,5,0,0,1,1,0,0,0,0,0,0,3,5,0,0,0,6.106226635e-16,7.977885117e-15,5.262457137e-14,3.694822226e-13,0,0,0,0,0,2.081668171e-15,8.27076423e-15,5.195843755e-14,2.444267011e-12
"CONT_50x200",6,50,200,25,16,20268016,TRUE,49,49,49,50,24,TRUE,TRUE,5,1.024,0.966,0.923,0.1569321135,0.1616454391,-208.6131104,-203.436018,"5","4",-1.456998045,-1.431106514,-1.456643679,-2.220446049e-16,FALSE,0.96,0.2773026531,0.3492340928,FALSE,FALSE,5,0,0,1,1,0,0,0,0,0,0,3,6,0,1,1,0.002653397456,0.002916937539,0.004643391211,2.893562557,0,0,0,0,0,3.053113318e-16,8.131981713e-15,7.505107646e-14,3.97903932e-13
"CONT_50x200",6,50,200,25,17,20268017,TRUE,49,49,49,50,24,TRUE,TRUE,5,1,0.975,0.932,0.1701327839,0.1694456938,-189.6393111,-190.2824378,"5","4",-1.384187142,-1.387404841,-1.383918642,2.220446049e-16,FALSE,0.84,0.5574976102,0.5775631074,FALSE,FALSE,5,0,0,1,1,0,0,0,0,0,0,3,6,0,3,3,0.001587992619,0.001770484631,0.002477478041,1.615484161,0,0,0,0,0,2.498001805e-16,8.088873706e-15,6.150635556e-14,6.821210263e-13
"CONT_50x200",6,50,200,25,18,20268018,TRUE,49,49,49,50,24,TRUE,TRUE,5,1.027,0.936,0.893,0.1622891915,0.1622891915,-201.5205318,-201.4286966,"5","4",-1.427997002,-1.42753854,-1.42753854,0,FALSE,0.92,0.3857785838,0.5857013739,FALSE,TRUE,5,0,0,1,1,0,0,0,0,0,0,3,5,0,2,2,0.003080584325,0.003406946897,0.004868362611,3.306418991,0,0,0,0,0,7.771561172e-16,8.021976536e-15,6.528111385e-14,4.547473509e-13
"CONT_50x200",6,50,200,25,19,20268019,TRUE,49,49,49,50,24,TRUE,TRUE,5,1.106,0.947,0.9,0.1629818975,0.1629818975,-203.5717698,-203.656879,"5","4",-1.418911192,-1.419335549,-1.419335549,0,FALSE,0.88,0.4800923705,0.6593858416,FALSE,TRUE,5,0,0,1,1,0,0,0,0,0,0,3,5,0,0,0,6.106226635e-16,7.953369184e-15,7.416289804e-14,5.684341886e-13,0,0,0,0,0,6.383782392e-16,7.999637139e-15,7.860379014e-14,6.252776075e-13
"CONT_50x200",6,50,200,25,20,20268020,TRUE,49,49,49,50,24,TRUE,TRUE,5,1.001,0.986,0.942,0.1634032894,0.1672221479,-201.63865,-197.5593695,"5","4",-1.418078611,-1.397678161,-1.417592057,0,FALSE,0.84,0.5789258924,0.5533154443,FALSE,FALSE,5,0,0,1,1,0,0,0,0,0,0,3,6,0,1,1,0.0007762235257,0.0008590837603,0.001209546095,0.8170282676,0,0,0,0,0,2.969846591e-15,8.617692826e-15,3.819167205e-14,3.382183422e-12
"CONT_50x200",6,50,200,25,21,20268021,TRUE,49,49,49,50,24,TRUE,TRUE,5,0.997,0.984,0.915,0.1629530511,0.1631741695,-203.1903538,-203.1329242,"5","4",-1.421490526,-1.421200427,-1.422369907,-2.220446049e-16,FALSE,0.88,0.4840712548,0.4895682677,FALSE,FALSE,5,0,0,1,1,0,0,0,0,0,0,3,6,0,3,3,0.002540560929,0.002806342731,0.003186469365,2.667071228,0,0,0,0,0,6.106226635e-16,7.883957604e-15,4.085620731e-14,5.96855898e-13
"CONT_50x200",6,50,200,25,22,20268022,TRUE,49,49,49,50,24,TRUE,TRUE,5,1.005,0.966,0.92,0.1705103169,0.1676367939,-192.3738355,-195.0996195,"5","4",-1.381051648,-1.394686768,-1.380044659,2.220446049e-16,FALSE,0.88,0.4972577546,0.5858631871,FALSE,FALSE,5,0,0,1,1,0,0,0,0,0,0,3,6,0,3,3,0.0006160116966,0.0006855440703,0.0008429010054,0.6233833491,0,0,0,0,0,3.663735981e-15,9.158045925e-15,8.681944053e-14,3.97903932e-12
"CONT_50x200",6,50,200,25,23,20268023,TRUE,49,49,49,50,24,TRUE,TRUE,5,1.027,0.937,0.894,0.1602768743,0.1608217113,-206.6517401,-205.9605289,"5","4",-1.437906859,-1.434451179,-1.437379173,2.220446049e-16,FALSE,0.92,0.3978310829,0.4076561653,FALSE,FALSE,5,0,0,1,1,0,0,0,0,0,0,3,5,0,3,3,0.000544836981,0.0006023343316,0.0008854265125,0.5854713448,0,0,0,0,0,5.828670879e-16,7.941210574e-15,3.730349363e-14,8.242295735e-13
"CONT_50x200",6,50,200,25,24,20268024,TRUE,49,49,49,50,24,TRUE,TRUE,5,1,0.97,0.903,0.1569956663,0.1584579038,-208.4857842,-206.5922353,"1","6",-1.452029137,-1.442562434,-1.450562233,0,FALSE,0.88,0.485572565,0.5631805712,FALSE,FALSE,5,0,0,1,1,0,0,0,0,0,0,3,3,0,2,2,0.001954511296,0.002144231598,0.002791076766,2.162258948,0,0,0,0,0,1.665334537e-15,8.42030157e-15,6.816769371e-14,1.818989404e-12
"CONT_50x200",6,50,200,25,25,20268025,TRUE,49,49,49,50,24,TRUE,TRUE,5,1.004,0.97,0.899,0.1664415243,0.1685734473,-205.8760755,-203.6935014,"5","4",-1.401497628,-1.390580716,-1.40154882,-2.220446049e-16,FALSE,0.88,0.4762681719,0.4618071998,FALSE,FALSE,5,0,0,1,1,0,0,0,0,0,0,3,6,0,1,1,0.002371392625,0.002627053051,0.003089354161,2.473353078,0,0,0,0,0,2.47024623e-15,8.617037039e-15,7.249756351e-14,1.961097951e-12
"CONT_50x200",6,50,200,25,26,20268026,TRUE,49,49,49,50,24,TRUE,TRUE,5,1.338,1.237,1.179,0.1577683616,0.1587564512,-204.4525647,-203.0694912,"5","1",-1.449459607,-1.442544379,-1.44793205,-6.661338148e-16,FALSE,0.76,0.7016116198,0.6401213104,FALSE,FALSE,5,0,0,1,1,0,0,0,0,0,0,3,6,0,1,1,0.0006496076939,0.000714645271,0.001006385357,0.7090473852,0,0,0,0,0,2.220446049e-15,8.343944893e-15,5.41788836e-14,2.330580173e-12
"CONT_50x200",6,50,200,25,27,20268027,TRUE,49,49,49,50,24,TRUE,TRUE,5,1.291,1.229,1.159,0.1561553239,0.1632021649,-210.3890807,-203.0917355,"6","4",-1.454574497,-1.418075304,-1.456156716,2.220446049e-16,FALSE,0.76,0.6523868215,0.6996210944,FALSE,FALSE,5,0,0,1,1,0,0,0,0,0,0,3,3,0,0,0,4.996003611e-16,8.015043696e-15,2.997602166e-14,5.684341886e-13,0,0,0,0,0,1.165734176e-15,8.113781919e-15,3.241851232e-14,9.663381206e-13
"CONT_50x200",6,50,200,25,28,20268028,TRUE,49,49,49,50,24,TRUE,TRUE,5,1.349,1.196,1.136,0.1637033267,0.1642934156,-201.8342621,-201.1031613,"5","2",-1.416100581,-1.412442266,-1.415544699,4.440892099e-16,FALSE,0.8,0.6189201154,0.8005745185,FALSE,FALSE,5,0,0,1,1,0,0,0,0,0,0,3,6,0,1,1,0.001301926646,0.001440944809,0.001864060388,1.376688486,0,0,0,0,0,4.718447855e-16,7.888154575e-15,4.818367927e-14,3.410605132e-13
"CONT_50x200",6,50,200,25,29,20268029,TRUE,49,49,49,50,24,TRUE,TRUE,5,1.306,1.224,1.167,0.1567195955,0.1579133406,-210.1761275,-208.1720002,"5","2",-1.452592884,-1.442574,-1.44912124,-2.220446049e-16,FALSE,0.68,0.7989504636,0.7425058742,FALSE,FALSE,5,0,0,1,1,0,0,0,0,0,0,3,5,0,3,3,0.005641628191,0.006183628537,0.007093417076,6.328920384,0,0,0,0,0,1.693090113e-15,8.147560036e-15,3.730349363e-14,1.449507181e-12
"CONT_50x200",6,50,200,25,30,20268030,TRUE,49,49,49,50,24,TRUE,TRUE,5,1.36,1.262,1.203,0.1591186188,0.1659409913,-206.9925141,-199.6936194,"5","4",-1.440790248,-1.40428678,-1.440490927,4.440892099e-16,FALSE,0.92,0.4026898456,0.5263194858,FALSE,FALSE,5,0,0,1,1,0,0,0,0,0,0,3,5,0,1,1,3.108624477e-05,3.424231561e-05,3.739533731e-05,0.03370700814,0,0,0,0,0,1.110223025e-15,8.062217533e-15,5.728750807e-14,9.094947018e-13
"CONT_50x200",6,50,200,25,31,20268031,TRUE,49,49,49,50,24,TRUE,TRUE,5,1.33,1.22,1.152,0.160326684,0.160326684,-204.9121837,-204.4242996,"5","1",-1.432897249,-1.430461935,-1.430461935,-2.220446049e-16,FALSE,0.76,0.68498278,0.6156354957,FALSE,TRUE,5,0,0,1,1,0,0,0,0,0,0,3,5,0,1,1,0.0001855473618,0.0002042762003,0.0003044424609,0.1997298903,0,0,0,0,0,6.07847106e-15,1.047859278e-14,6.106226635e-14,6.309619494e-12
"CONT_50x200",6,50,200,25,32,20268032,TRUE,49,49,49,50,24,TRUE,TRUE,5,1.345,1.23,1.168,0.1678896045,0.1674245727,-203.0831755,-203.0227767,"5","2",-1.393924539,-1.393624728,-1.391234751,4.440892099e-16,FALSE,0.68,0.7860024774,0.6087795314,FALSE,FALSE,5,0,0,1,1,0,0,0,0,0,0,3,5,0,3,3,8.223647742e-05,9.133658231e-05,0.0001275141804,0.08437033977,0,0,0,0,0,4.163336342e-16,8.025860684e-15,7.616129949e-14,5.96855898e-13
"CONT_50x200",6,50,200,25,33,20268033,TRUE,49,49,49,50,24,TRUE,TRUE,5,1.356,1.157,1.101,0.1661169558,0.1689419235,-199.0953685,-195.7403934,"5","3",-1.405988826,-1.38921273,-1.403744748,2.220446049e-16,FALSE,0.76,0.7168652155,0.6652307425,FALSE,FALSE,5,0,0,1,1,0,0,0,0,0,0,3,6,0,2,2,0.002304268897,0.00255511072,0.003277511335,2.374040958,0,0,0,0,0,2.47024623e-15,8.291713021e-15,3.352873534e-14,2.50111043e-12
"CONT_50x200",6,50,200,25,34,20268034,TRUE,49,49,49,50,24,TRUE,TRUE,5,1.273,1.291,1.227,0.162444324,0.162400076,-203.8349978,-203.8888292,"5","4",-1.423281441,-1.423549941,-1.42331499,-2.220446049e-16,FALSE,0.96,0.2914443185,0.4265940775,FALSE,FALSE,5,0,0,1,1,0,0,0,0,0,0,3,5,0,3,3,0.002746999647,0.003033333322,0.003152739646,2.941546207,0,0,0,0,0,1.804112415e-15,7.939112633e-15,3.907985047e-14,1.847411113e-12
"CONT_50x200",6,50,200,25,35,20268035,TRUE,49,49,49,50,24,TRUE,TRUE,5,1.38,1.246,1.165,0.1577669408,0.1617118192,-204.0512082,-199.4688217,"5","6",-1.44888126,-1.425966248,-1.447272381,4.440892099e-16,FALSE,0.76,0.679162937,0.6737411285,FALSE,FALSE,5,0,0,1,1,0,0,0,0,0,0,3,6,1,1,1,0.000873019441,0.6811680599,0.6727083807,0.6353181776,0,0,0,0,0,1.637578961e-15,8.057416744e-15,3.708144902e-14,2.160049917e-12
"CONT_50x200",6,50,200,25,36,20268036,TRUE,49,49,49,50,24,TRUE,TRUE,5,1.317,1.25,1.195,0.1623576848,0.1646217674,-207.3427816,-205.028656,"2","4",-1.421275365,-1.409701232,-1.421641511,-2.220446049e-16,FALSE,0.76,0.674740086,0.6640598476,FALSE,FALSE,5,0,0,1,1,0,0,0,0,0,0,3,5,2,3,3,0.001541304011,0.6118259694,0.7913351807,1.644848733,0,0,0,0,0,1.165734176e-15,7.854267454e-15,4.130029652e-14,1.307398634e-12
"CONT_50x200",6,50,200,25,37,20268037,TRUE,49,49,49,50,24,TRUE,TRUE,5,1.353,1.226,1.174,0.1642734046,0.1644433008,-199.5246972,-199.3458129,"5","4",-1.413107267,-1.412211903,-1.413103139,0,FALSE,0.92,0.4042894567,0.5257509271,FALSE,FALSE,5,0,0,1,1,0,0,0,0,0,0,3,5,0,3,3,0.003494096811,0.003862294038,0.004639478504,3.627376959,0,0,0,0,0,1.859623566e-15,8.042394663e-15,3.086420008e-14,1.875832822e-12
"CONT_50x200",6,50,200,25,38,20268038,TRUE,49,49,49,50,24,TRUE,TRUE,5,1.374,1.296,1.237,0.1657658189,0.1668582903,-197.8395198,-196.4199089,"5","2",-1.403254975,-1.396157436,-1.401817889,-2.220446049e-16,FALSE,0.76,0.6922183047,0.6977262339,FALSE,FALSE,5,0,0,1,1,0,0,0,0,0,0,3,5,0,2,2,0.00109247134,0.001212286855,0.00157012631,1.131879661,0,0,0,0,0,8.049116929e-16,7.834921326e-15,4.596323322e-14,8.242295735e-13
"CONT_50x200",6,50,200,25,39,20268039,TRUE,49,49,49,50,24,TRUE,TRUE,5,1.302,0.987,0.94,0.1505631135,0.1569618929,-210.8454307,-203.6020255,"2","6",-1.491502135,-1.455276858,-1.491220513,-2.220446049e-16,FALSE,0.96,0.2632667705,0.3777001751,FALSE,FALSE,5,0,0,1,1,0,0,0,0,0,0,3,5,0,2,2,0.001411857348,0.00154160966,0.002018435751,1.612281408,0,0,0,0,0,2.803313137e-15,8.561715034e-15,4.751754545e-14,3.325340003e-12
"CONT_50x200",6,50,200,25,40,20268040,TRUE,49,49,49,50,24,TRUE,TRUE,5,1.007,0.936,0.892,0.1602546317,0.1583181764,-205.7889528,-207.4313728,"5","4",-1.436037842,-1.444256489,-1.43376786,0,FALSE,0.84,0.5620174482,0.5706024973,FALSE,FALSE,5,0,0,1,1,0,0,0,0,0,0,3,4,1,1,1,0.001394869988,0.6307962339,0.576830013,0.9483764172,0,0,0,0,0,1.082467449e-15,8.132265602e-15,5.240252676e-14,1.108446668e-12
"CONT_50x200",6,50,200,25,41,20268041,TRUE,49,49,49,50,24,TRUE,TRUE,5,1.028,0.936,0.894,0.1589664336,0.1607342721,-211.9065034,-210.032748,"2","4",-1.439911382,-1.430540222,-1.440080569,2.220446049e-16,FALSE,0.8,0.5993087141,0.5997478404,FALSE,FALSE,5,0,0,1,1,0,0,0,0,0,0,3,6,0,1,1,0.001767838403,0.001943527086,0.00220484985,1.907601143,0,0,0,0,0,2.137179322e-15,8.259796646e-15,4.241051954e-14,2.103206498e-12
"CONT_50x200",6,50,200,25,42,20268042,TRUE,49,49,49,50,24,TRUE,TRUE,5,1.024,0.94,0.895,0.1601930494,0.1595618,-195.4626625,-195.9646799,"5","4",-1.437401071,-1.439913678,-1.436507146,-2.220446049e-16,FALSE,0.88,0.4792126712,0.5749786252,FALSE,FALSE,5,0,0,1,1,0,0,0,0,0,0,3,6,0,3,3,0.004210639657,0.004646525638,0.005877868126,4.596550214,0,0,0,0,0,1.776356839e-15,8.368085339e-15,5.506706202e-14,2.074784788e-12
"CONT_50x200",6,50,200,25,43,20268043,TRUE,49,49,49,50,24,TRUE,TRUE,5,1.019,0.936,0.893,0.1621118887,0.1654253235,-199.9409788,-196.488147,"2","2",-1.421629952,-1.404361508,-1.421803654,0,FALSE,0.76,0.6660721166,0.7223917676,FALSE,FALSE,5,0,0,1,1,0,0,0,0,0,0,3,4,3,2,3,0.00138636682,0.8277020945,0.9111074134,1.409574182,0,0,0,0,0,2.47024623e-15,8.77552064e-15,6.195044477e-14,2.444267011e-12
"CONT_50x200",6,50,200,25,44,20268044,TRUE,49,49,49,50,24,TRUE,TRUE,5,1.089,0.987,0.947,0.1633157012,0.1712496669,-199.3457524,-191.0841138,"5","4",-1.417875782,-1.376557061,-1.417436869,0,FALSE,0.92,0.4023957829,0.4134362546,FALSE,FALSE,5,0,0,1,1,0,0,0,0,0,0,3,6,0,1,1,0.0001370487204,0.0001514752936,0.0001933890623,0.1446170575,0,0,0,0,0,7.21644966e-16,7.860626044e-15,3.130828929e-14,9.379164112e-13
"CONT_50x200",6,50,200,25,45,20268045,TRUE,49,49,49,50,24,TRUE,TRUE,5,1.023,0.958,0.914,0.1563049924,0.1639555045,-206.386104,-198.059126,"5","4",-1.458163537,-1.416518424,-1.45774599,0,FALSE,0.92,0.4043812591,0.5146960341,FALSE,FALSE,5,0,0,1,1,0,0,0,0,0,0,3,5,0,2,2,0.003295673923,0.003617109437,0.004181219297,3.600631524,0,0,0,0,0,1.33226763e-15,8.135746473e-15,5.018208071e-14,1.47792889e-12
"CONT_50x200",6,50,200,25,46,20268046,TRUE,49,49,49,50,24,TRUE,TRUE,5,1.01,0.934,0.894,0.1608273244,0.1625037376,-202.5205236,-200.834259,"2","4",-1.42862216,-1.420187572,-1.429130263,-4.440892099e-16,FALSE,0.76,0.6700844296,0.6489423001,FALSE,FALSE,5,0,0,1,1,0,0,0,0,0,0,3,6,2,3,3,0.001087346414,0.6604849722,0.6379851655,1.161906908,0,0,0,0,0,5.939693182e-15,1.036735622e-14,3.286260153e-14,6.053824109e-12
"CONT_50x200",6,50,200,25,47,20268047,TRUE,49,49,49,50,24,TRUE,TRUE,5,1.041,0.937,0.896,0.1621386575,0.1653506328,-204.5678415,-201.1862595,"6","6",-1.422951145,-1.406038996,-1.422951145,-4.440892099e-16,TRUE,1,0.003538806793,0.003495000738,FALSE,FALSE,5,0,0,1,1,0,0,0,0,0,0,3,6,2,3,3,0.00413671177,0.7359290494,0.7577723614,4.342681672,0,0,0,0,0,8.881784197e-16,8.122256905e-15,5.151434834e-14,6.821210263e-13
"CONT_50x200",6,50,200,25,48,20268048,TRUE,49,49,49,50,24,TRUE,TRUE,5,1.037,0.933,0.891,0.1648878988,0.1654585639,-198.220085,-197.417541,"5","4",-1.410701524,-1.406689502,-1.409667811,2.220446049e-16,FALSE,0.88,0.5107211627,0.5397704535,FALSE,FALSE,5,0,0,1,1,0,0,0,0,0,0,3,5,0,3,3,0.001569790862,0.001740335765,0.002406140503,1.649165299,0,0,0,0,0,2.109423747e-15,8.317947334e-15,6.594724766e-14,2.131628207e-12
"CONT_50x200",6,50,200,25,49,20268049,TRUE,49,49,49,50,24,TRUE,TRUE,5,1.052,0.938,0.897,0.1627775273,0.1640130309,-204.5720225,-203.0832673,"5","4",-1.42078976,-1.413345487,-1.419865239,0,FALSE,0.84,0.5410719967,0.5876440817,FALSE,FALSE,5,0,0,1,1,0,0,0,0,0,0,3,3,0,3,3,0.001235503531,0.001364056849,0.00145103663,1.303672017,0,0,0,0,0,6.938893904e-16,8.13833368e-15,5.817568649e-14,2.842170943e-13
"CONT_50x200",6,50,200,25,50,20268050,TRUE,49,49,49,50,24,TRUE,TRUE,5,1.059,0.944,0.901,0.1622016715,0.1641539922,-205.5506692,-203.0792789,"5","4",-1.422149224,-1.409792883,-1.420107336,0,FALSE,0.8,0.6460489118,0.7516724424,FALSE,FALSE,5,0,0,1,1,0,0,0,0,0,0,3,6,0,3,3,0.003549220575,0.003916563945,0.004662454668,3.731113559,0,0,0,0,0,1.665334537e-15,8.164107722e-15,9.525713551e-14,1.762145985e-12
"I_100x20",7,100,20,50,1,20269001,TRUE,20,20,20,20,20,TRUE,TRUE,0,0.053,0.047,0.039,1e-06,1e-06,-6.532449041,-6.532449041,"2","2",-0.3126626425,-0.3126626425,-0.3126626425,-5.551115123e-17,TRUE,1,0,0,TRUE,TRUE,0,NA,NA,NA,NA,0,0,0,0,0,0,0,0,0,0,0,0,5.034093114e-15,8.437694987e-15,2.220446049e-14,0,0,0,0,0,0,5.034093114e-15,8.437694987e-15,2.220446049e-14
"I_100x20",7,100,20,50,2,20269002,TRUE,20,20,20,20,20,TRUE,TRUE,0,0.064,0.05,0.039,1e-06,1e-06,-4.010472434,-4.010472434,"4","4",-0.2829638396,-0.2829638396,-0.2829638396,-1.110223025e-16,TRUE,1,0,0,TRUE,TRUE,0,NA,NA,NA,NA,0,0,0,0,0,0,0,0,0,0,0,0,5.147387661e-15,1.021405183e-14,1.421085472e-14,0,0,0,0,0,0,5.147387661e-15,1.021405183e-14,1.421085472e-14
"I_100x20",7,100,20,50,3,20269003,TRUE,20,20,20,20,20,TRUE,TRUE,0,0.055,0.047,0.038,1e-06,1e-06,-5.833632613,-5.833632613,"2","2",-0.3051249297,-0.3051249297,-0.3051249297,5.551115123e-17,TRUE,1,0,0,TRUE,TRUE,0,NA,NA,NA,NA,0,0,0,0,0,0,0,0,0,0,0,0,5.127252096e-15,8.659739592e-15,2.575717417e-14,0,0,0,0,0,0,5.127252096e-15,8.659739592e-15,2.575717417e-14
"I_100x20",7,100,20,50,4,20269004,TRUE,20,20,20,20,20,TRUE,TRUE,0,0.064,0.045,0.037,1e-06,1e-06,-5.002170843,-5.002170843,"4","4",-0.3157005645,-0.3157005645,-0.3157005645,1.110223025e-16,TRUE,1,0,0,TRUE,TRUE,0,NA,NA,NA,NA,0,0,0,0,0,0,0,0,0,0,0,0,4.489476311e-15,7.105427358e-15,2.220446049e-14,0,0,0,0,0,0,4.489476311e-15,7.105427358e-15,2.220446049e-14
"I_100x20",7,100,20,50,5,20269005,TRUE,20,20,20,20,20,TRUE,TRUE,0,0.051,0.061,0.047,1e-06,1e-06,-5.15055545,-5.15055545,"3","3",-0.2882589463,-0.2882589463,-0.2882589463,1.665334537e-16,TRUE,1,0,0,TRUE,TRUE,0,NA,NA,NA,NA,0,0,0,0,0,0,0,0,0,0,0,0,5.371643892e-15,9.325873407e-15,1.953992523e-14,0,0,0,0,0,0,5.371643892e-15,9.325873407e-15,1.953992523e-14
"I_100x20",7,100,20,50,6,20269006,TRUE,20,20,20,20,20,TRUE,TRUE,0,0.056,0.045,0.037,1e-06,1e-06,-4.828955958,-4.828955958,"4","4",-0.2666603109,-0.2666603109,-0.2666603109,0,TRUE,1,0,0,TRUE,TRUE,0,NA,NA,NA,NA,0,0,0,0,0,0,0,0,0,0,0,0,4.93709944e-15,6.217248938e-15,2.220446049e-14,0,0,0,0,0,0,4.93709944e-15,6.217248938e-15,2.220446049e-14
"I_100x20",7,100,20,50,7,20269007,TRUE,20,20,20,20,20,TRUE,TRUE,0,0.062,0.046,0.037,1e-06,1e-06,-5.605447646,-5.605447646,"3","3",-0.3308808438,-0.3308808438,-0.3308808438,1.665334537e-16,TRUE,1,0,0,TRUE,TRUE,0,NA,NA,NA,NA,0,0,0,0,0,0,0,0,0,0,0,0,4.376897906e-15,5.551115123e-15,1.154631946e-14,0,0,0,0,0,0,4.376897906e-15,5.551115123e-15,1.154631946e-14
"I_100x20",7,100,20,50,8,20269008,TRUE,20,20,20,20,20,TRUE,TRUE,0,0.058,0.055,0.041,1e-06,1e-06,-6.300969451,-6.300969451,"4","4",-0.2556433856,-0.2556433856,-0.2556433856,0,TRUE,1,0,0,TRUE,TRUE,0,NA,NA,NA,NA,0,0,0,0,0,0,0,0,0,0,0,0,4.673480781e-15,5.995204333e-15,1.33226763e-14,0,0,0,0,0,0,4.673480781e-15,5.995204333e-15,1.33226763e-14
"I_100x20",7,100,20,50,9,20269009,TRUE,20,20,20,20,20,TRUE,TRUE,0,0.048,0.047,0.037,1e-06,1e-06,-5.909443799,-5.909443799,"4","4",-0.2857658857,-0.2857658857,-0.2857658857,0,TRUE,1,0,0,TRUE,TRUE,0,NA,NA,NA,NA,0,0,0,0,0,0,0,0,0,0,0,0,5.052764232e-15,8.659739592e-15,4.440892099e-15,0,0,0,0,0,0,5.052764232e-15,8.659739592e-15,4.440892099e-15
"I_100x20",7,100,20,50,10,20269010,TRUE,20,20,20,20,20,TRUE,TRUE,0,0.052,0.048,0.036,1e-06,1e-06,-5.261478334,-5.261478334,"6","6",-0.2812279271,-0.2812279271,-0.2812279271,-5.551115123e-17,TRUE,1,0,0,TRUE,TRUE,0,NA,NA,NA,NA,0,0,0,0,0,0,0,0,0,0,0,0,5.635114105e-15,1.421085472e-14,1.776356839e-14,0,0,0,0,0,0,5.635114105e-15,1.421085472e-14,1.776356839e-14
"I_100x20",7,100,20,50,11,20269011,TRUE,20,20,20,20,20,TRUE,TRUE,0,0.049,0.056,0.044,1e-06,1e-06,-5.39634668,-5.39634668,"6","6",-0.2412988429,-0.2412988429,-0.2412988429,5.551115123e-17,TRUE,1,0,0,TRUE,TRUE,0,NA,NA,NA,NA,0,0,0,0,0,0,0,0,0,0,0,0,4.676478349e-15,5.995204333e-15,1.865174681e-14,0,0,0,0,0,0,4.676478349e-15,5.995204333e-15,1.865174681e-14
"I_100x20",7,100,20,50,12,20269012,TRUE,20,20,20,20,20,TRUE,TRUE,0,0.055,0.046,0.035,1e-06,1e-06,-4.603999924,-4.603999924,"5","5",-0.2471822359,-0.2471822359,-0.2471822359,-5.551115123e-17,TRUE,1,0,0,TRUE,TRUE,0,NA,NA,NA,NA,0,0,0,0,0,0,0,0,0,0,0,0,4.834378735e-15,8.215650382e-15,2.486899575e-14,0,0,0,0,0,0,4.834378735e-15,8.215650382e-15,2.486899575e-14
"I_100x20",7,100,20,50,13,20269013,TRUE,20,20,20,20,20,TRUE,TRUE,0,0.057,0.05,0.036,1e-06,1e-06,-4.89785258,-4.89785258,"5","5",-0.2499751003,-0.2499751003,-0.2499751003,5.551115123e-17,TRUE,1,0,0,TRUE,TRUE,0,NA,NA,NA,NA,0,0,0,0,0,0,0,0,0,0,0,0,4.71362173e-15,7.549516567e-15,3.019806627e-14,0,0,0,0,0,0,4.71362173e-15,7.549516567e-15,3.019806627e-14
"I_100x20",7,100,20,50,14,20269014,TRUE,20,20,20,20,20,TRUE,TRUE,0,0.051,0.048,0.041,1e-06,1e-06,-5.734356747,-5.734356747,"1|2","1|2",-0.3017026322,-0.3017026322,-0.3017026322,0,TRUE,1,0,0,TRUE,TRUE,0,NA,NA,NA,NA,0,0,0,0,0,0,0,0,0,0,0,0,4.803604225e-15,8.659739592e-15,3.286260153e-14,0,0,0,0,0,0,4.803604225e-15,8.659739592e-15,3.286260153e-14
"I_100x20",7,100,20,50,15,20269015,TRUE,20,20,20,20,20,TRUE,TRUE,0,0.05,0.049,0.04,1e-06,1e-06,-3.550656327,-3.550656327,"6","6",-0.2911239908,-0.2911239908,-0.2911239908,2.220446049e-16,TRUE,1,0,0,TRUE,TRUE,0,NA,NA,NA,NA,0,0,0,0,0,0,0,0,0,0,0,0,4.768632258e-15,9.992007222e-15,2.575717417e-14,0,0,0,0,0,0,4.768632258e-15,9.992007222e-15,2.575717417e-14
"I_100x20",7,100,20,50,16,20269016,TRUE,20,20,20,20,20,TRUE,TRUE,0,0.059,0.055,0.043,1e-06,1e-06,-5.767950331,-5.767950331,"4","4",-0.2687911335,-0.2687911335,-0.2687911335,-1.110223025e-16,TRUE,1,0,0,TRUE,TRUE,0,NA,NA,NA,NA,0,0,0,0,0,0,0,0,0,0,0,0,5.16204749e-15,6.883382753e-15,3.019806627e-14,0,0,0,0,0,0,5.16204749e-15,6.883382753e-15,3.019806627e-14
"I_100x20",7,100,20,50,17,20269017,TRUE,20,20,20,20,20,TRUE,TRUE,0,0.046,0.059,0.049,1e-06,1e-06,-6.71346138,-6.71346138,"1","1",-0.3464414718,-0.3464414718,-0.3464414718,5.551115123e-17,TRUE,1,0,0,TRUE,TRUE,0,NA,NA,NA,NA,0,0,0,0,0,0,0,0,0,0,0,0,5.34614818e-15,6.439293543e-15,2.131628207e-14,0,0,0,0,0,0,5.34614818e-15,6.439293543e-15,2.131628207e-14
"I_100x20",7,100,20,50,18,20269018,TRUE,20,20,20,20,20,TRUE,TRUE,0,0.053,0.05,0.041,1e-06,1e-06,-4.412146601,-4.412146601,"4","4",-0.2335752954,-0.2335752954,-0.2335752954,-5.551115123e-17,TRUE,1,0,0,TRUE,TRUE,0,NA,NA,NA,NA,0,0,0,0,0,0,0,0,0,0,0,0,4.596838359e-15,8.881784197e-15,2.930988785e-14,0,0,0,0,0,0,4.596838359e-15,8.881784197e-15,2.930988785e-14
"I_100x20",7,100,20,50,19,20269019,TRUE,20,20,20,20,20,TRUE,TRUE,0,0.061,0.045,0.035,1e-06,1e-06,-6.069127974,-6.069127974,"1","1",-0.3031230778,-0.3031230778,-0.3031230778,3.330669074e-16,TRUE,1,0,0,TRUE,TRUE,0,NA,NA,NA,NA,0,0,0,0,0,0,0,0,0,0,0,0,4.726652356e-15,8.437694987e-15,2.398081733e-14,0,0,0,0,0,0,4.726652356e-15,8.437694987e-15,2.398081733e-14
"I_100x20",7,100,20,50,20,20269020,TRUE,20,20,20,20,20,TRUE,TRUE,0,0.043,0.054,0.042,1e-06,1e-06,-4.900053213,-4.900053213,"6","6",-0.3017004993,-0.3017004993,-0.3017004993,-5.551115123e-17,TRUE,1,0,0,TRUE,TRUE,0,NA,NA,NA,NA,0,0,0,0,0,0,0,0,0,0,0,0,4.782763379e-15,7.771561172e-15,1.953992523e-14,0,0,0,0,0,0,4.782763379e-15,7.771561172e-15,1.953992523e-14
"I_100x20",7,100,20,50,21,20269021,TRUE,20,20,20,20,20,TRUE,TRUE,0,0.055,0.048,0.037,1e-06,1e-06,-6.330076172,-6.330076172,"4","4",-0.2859252216,-0.2859252216,-0.2859252216,2.775557562e-16,TRUE,1,0,0,TRUE,TRUE,0,NA,NA,NA,NA,0,0,0,0,0,0,0,0,0,0,0,0,4.855734494e-15,6.883382753e-15,2.664535259e-14,0,0,0,0,0,0,4.855734494e-15,6.883382753e-15,2.664535259e-14
"I_100x20",7,100,20,50,22,20269022,TRUE,20,20,20,20,20,TRUE,TRUE,0,0.059,0.051,0.042,1e-06,1e-06,-6.897094048,-6.897094048,"2","2",-0.3239874122,-0.3239874122,-0.3239874122,-5.551115123e-17,TRUE,1,0,0,TRUE,TRUE,0,NA,NA,NA,NA,0,0,0,0,0,0,0,0,0,0,0,0,5.110203926e-15,8.10462808e-15,1.687538997e-14,0,0,0,0,0,0,5.110203926e-15,8.10462808e-15,1.687538997e-14
"I_100x20",7,100,20,50,23,20269023,TRUE,20,20,20,20,20,TRUE,TRUE,0,0.048,0.049,0.039,1e-06,1e-06,-6.141461028,-6.141461028,"4","4",-0.2973582764,-0.2973582764,-0.2973582764,5.551115123e-17,TRUE,1,0,0,TRUE,TRUE,0,NA,NA,NA,NA,0,0,0,0,0,0,0,0,0,0,0,0,5.076616338e-15,8.659739592e-15,1.509903313e-14,0,0,0,0,0,0,5.076616338e-15,8.659739592e-15,1.509903313e-14
"I_100x20",7,100,20,50,24,20269024,TRUE,20,20,20,20,20,TRUE,TRUE,0,0.05,0.048,0.036,1e-06,1e-06,-5.38423268,-5.38423268,"2","2",-0.289455594,-0.289455594,-0.289455594,2.220446049e-16,TRUE,1,0,0,TRUE,TRUE,0,NA,NA,NA,NA,0,0,0,0,0,0,0,0,0,0,0,0,4.835889839e-15,9.103828802e-15,2.930988785e-14,0,0,0,0,0,0,4.835889839e-15,9.103828802e-15,2.930988785e-14
"I_100x20",7,100,20,50,25,20269025,TRUE,20,20,20,20,20,TRUE,TRUE,0,0.053,0.044,0.035,1e-06,1e-06,-5.910634378,-5.910634378,"4","4",-0.2933734636,-0.2933734636,-0.2933734636,5.551115123e-17,TRUE,1,0,0,TRUE,TRUE,0,NA,NA,NA,NA,0,0,0,0,0,0,0,0,0,0,0,0,5.490420696e-15,8.215650382e-15,3.463895837e-14,0,0,0,0,0,0,5.490420696e-15,8.215650382e-15,3.463895837e-14
"I_100x20",7,100,20,50,26,20269026,TRUE,20,20,20,20,20,TRUE,TRUE,0,0.058,0.049,0.041,1e-06,1e-06,-4.664440749,-4.664440749,"4","4",-0.2465315158,-0.2465315158,-0.2465315158,2.775557562e-16,TRUE,1,0,0,TRUE,TRUE,0,NA,NA,NA,NA,0,0,0,0,0,0,0,0,0,0,0,0,4.617913649e-15,8.437694987e-15,1.865174681e-14,0,0,0,0,0,0,4.617913649e-15,8.437694987e-15,1.865174681e-14
"I_100x20",7,100,20,50,27,20269027,TRUE,20,20,20,20,20,TRUE,TRUE,0,0.064,0.042,0.035,1e-06,1e-06,-4.008898417,-4.008898417,"4","4",-0.2700846614,-0.2700846614,-0.2700846614,0,TRUE,1,0,0,TRUE,TRUE,0,NA,NA,NA,NA,0,0,0,0,0,0,0,0,0,0,0,0,4.806683999e-15,1.110223025e-14,1.154631946e-14,0,0,0,0,0,0,4.806683999e-15,1.110223025e-14,1.154631946e-14
"I_100x20",7,100,20,50,28,20269028,TRUE,20,20,20,20,20,TRUE,TRUE,0,0.058,0.043,0.033,1e-06,1e-06,-5.958734207,-5.958734207,"4","4",-0.3280536927,-0.3280536927,-0.3280536927,1.110223025e-16,TRUE,1,0,0,TRUE,TRUE,0,NA,NA,NA,NA,0,0,0,0,0,0,0,0,0,0,0,0,5.148776522e-15,8.881784197e-15,1.776356839e-14,0,0,0,0,0,0,5.148776522e-15,8.881784197e-15,1.776356839e-14
"I_100x20",7,100,20,50,29,20269029,TRUE,20,20,20,20,20,TRUE,TRUE,0,0.053,0.048,0.037,1e-06,1e-06,-5.212838062,-5.212838062,"4","4",-0.297811963,-0.297811963,-0.297811963,-1.110223025e-16,TRUE,1,0,0,TRUE,TRUE,0,NA,NA,NA,NA,0,0,0,0,0,0,0,0,0,0,0,0,4.868936137e-15,9.769962617e-15,2.309263891e-14,0,0,0,0,0,0,4.868936137e-15,9.769962617e-15,2.309263891e-14
"I_100x20",7,100,20,50,30,20269030,TRUE,20,20,20,20,20,TRUE,TRUE,0,0.097,0.041,0.031,1e-06,1e-06,-4.945318526,-4.945318526,"4","4",-0.2914923449,-0.2914923449,-0.2914923449,2.220446049e-16,TRUE,1,0,0,TRUE,TRUE,0,NA,NA,NA,NA,0,0,0,0,0,0,0,0,0,0,0,0,5.025912148e-15,8.215650382e-15,9.769962617e-15,0,0,0,0,0,0,5.025912148e-15,8.215650382e-15,9.769962617e-15
"I_100x20",7,100,20,50,31,20269031,TRUE,20,20,20,20,20,TRUE,TRUE,0,0.051,0.056,0.036,1e-06,1e-06,-6.172142088,-6.172142088,"4","4",-0.2991620147,-0.2991620147,-0.2991620147,-5.551115123e-17,TRUE,1,0,0,TRUE,TRUE,0,NA,NA,NA,NA,0,0,0,0,0,0,0,0,0,0,0,0,4.962533176e-15,9.769962617e-15,2.309263891e-14,0,0,0,0,0,0,4.962533176e-15,9.769962617e-15,2.309263891e-14
"I_100x20",7,100,20,50,32,20269032,TRUE,20,20,20,20,20,TRUE,TRUE,0,0.06,0.049,0.039,1e-06,1e-06,-6.174446902,-6.174446902,"6","6",-0.2967331299,-0.2967331299,-0.2967331299,-5.551115123e-17,TRUE,1,0,0,TRUE,TRUE,0,NA,NA,NA,NA,0,0,0,0,0,0,0,0,0,0,0,0,5.060211773e-15,9.547918012e-15,7.993605777e-15,0,0,0,0,0,0,5.060211773e-15,9.547918012e-15,7.993605777e-15
"I_100x20",7,100,20,50,33,20269033,TRUE,20,20,20,20,20,TRUE,TRUE,0,0.051,0.061,0.049,1e-06,1e-06,-5.449067574,-5.449067574,"4","4",-0.3203451032,-0.3203451032,-0.3203451032,0,TRUE,1,0,0,TRUE,TRUE,0,NA,NA,NA,NA,0,0,0,0,0,0,0,0,0,0,0,0,4.807560108e-15,8.437694987e-15,1.154631946e-14,0,0,0,0,0,0,4.807560108e-15,8.437694987e-15,1.154631946e-14
"I_100x20",7,100,20,50,34,20269034,TRUE,20,20,20,20,20,TRUE,TRUE,0,0.058,0.046,0.039,1e-06,1e-06,-6.394042037,-6.394042037,"4","4",-0.3261623437,-0.3261623437,-0.3261623437,-1.110223025e-16,TRUE,1,0,0,TRUE,TRUE,0,NA,NA,NA,NA,0,0,0,0,0,0,0,0,0,0,0,0,4.664989338e-15,1.088018564e-14,1.865174681e-14,0,0,0,0,0,0,4.664989338e-15,1.088018564e-14,1.865174681e-14
"I_100x20",7,100,20,50,35,20269035,TRUE,20,20,20,20,20,TRUE,TRUE,0,0.056,0.05,0.037,1e-06,1e-06,-7.749078591,-7.749078591,"2","2",-0.3070263742,-0.3070263742,-0.3070263742,-5.551115123e-17,TRUE,1,0,0,TRUE,TRUE,0,NA,NA,NA,NA,0,0,0,0,0,0,0,0,0,0,0,0,4.867641598e-15,6.661338148e-15,2.309263891e-14,0,0,0,0,0,0,4.867641598e-15,6.661338148e-15,2.309263891e-14
"I_100x20",7,100,20,50,36,20269036,TRUE,20,20,20,20,20,TRUE,TRUE,0,0.058,0.058,0.045,1e-06,1e-06,-5.818410961,-5.818410961,"6","6",-0.2961082446,-0.2961082446,-0.2961082446,5.551115123e-17,TRUE,1,0,0,TRUE,TRUE,0,NA,NA,NA,NA,0,0,0,0,0,0,0,0,0,0,0,0,4.745278999e-15,7.549516567e-15,1.865174681e-14,0,0,0,0,0,0,4.745278999e-15,7.549516567e-15,1.865174681e-14
"I_100x20",7,100,20,50,37,20269037,TRUE,20,20,20,20,20,TRUE,TRUE,0,0.053,0.053,0.044,1e-06,1e-06,-6.523735091,-6.523735091,"6","6",-0.3322816833,-0.3322816833,-0.3322816833,5.551115123e-17,TRUE,1,0,0,TRUE,TRUE,0,NA,NA,NA,NA,0,0,0,0,0,0,0,0,0,0,0,0,5.011441787e-15,8.659739592e-15,1.865174681e-14,0,0,0,0,0,0,5.011441787e-15,8.659739592e-15,1.865174681e-14
"I_100x20",7,100,20,50,38,20269038,TRUE,20,20,20,20,20,TRUE,TRUE,0,0.066,0.056,0.041,1e-06,1e-06,-5.206847189,-5.206847189,"4","4",-0.306480435,-0.306480435,-0.306480435,-5.551115123e-17,TRUE,1,0,0,TRUE,TRUE,0,NA,NA,NA,NA,0,0,0,0,0,0,0,0,0,0,0,0,4.410992846e-15,7.549516567e-15,2.131628207e-14,0,0,0,0,0,0,4.410992846e-15,7.549516567e-15,2.131628207e-14
"I_100x20",7,100,20,50,39,20269039,TRUE,20,20,20,20,20,TRUE,TRUE,0,0.049,0.051,0.042,1e-06,1e-06,-7.136492609,-7.136492609,"1","1",-0.3211590579,-0.3211590579,-0.3211590579,-2.220446049e-16,TRUE,1,0,0,TRUE,TRUE,0,NA,NA,NA,NA,0,0,0,0,0,0,0,0,0,0,0,0,4.892748408e-15,6.883382753e-15,1.953992523e-14,0,0,0,0,0,0,4.892748408e-15,6.883382753e-15,1.953992523e-14
"I_100x20",7,100,20,50,40,20269040,TRUE,20,20,20,20,20,TRUE,TRUE,0,0.047,0.05,0.037,1e-06,1e-06,-5.316760333,-5.316760333,"4","4",-0.2901061561,-0.2901061561,-0.2901061561,-1.665334537e-16,TRUE,1,0,0,TRUE,TRUE,0,NA,NA,NA,NA,0,0,0,0,0,0,0,0,0,0,0,0,4.570411428e-15,9.992007222e-15,9.769962617e-15,0,0,0,0,0,0,4.570411428e-15,9.992007222e-15,9.769962617e-15
"I_100x20",7,100,20,50,41,20269041,TRUE,20,20,20,20,20,TRUE,TRUE,0,0.058,0.047,0.033,1e-06,1e-06,-4.217799727,-4.217799727,"4","4",-0.2802081458,-0.2802081458,-0.2802081458,1.665334537e-16,TRUE,1,0,0,TRUE,TRUE,0,NA,NA,NA,NA,0,0,0,0,0,0,0,0,0,0,0,0,4.984947617e-15,6.661338148e-15,2.930988785e-14,0,0,0,0,0,0,4.984947617e-15,6.661338148e-15,2.930988785e-14
"I_100x20",7,100,20,50,42,20269042,TRUE,20,20,20,20,20,TRUE,TRUE,0,0.043,0.05,0.043,1e-06,1e-06,-4.947763591,-4.947763591,"4","4",-0.3190777169,-0.3190777169,-0.3190777169,5.551115123e-17,TRUE,1,0,0,TRUE,TRUE,0,NA,NA,NA,NA,0,0,0,0,0,0,0,0,0,0,0,0,5.184017759e-15,7.66053887e-15,2.753353101e-14,0,0,0,0,0,0,5.184017759e-15,7.66053887e-15,2.753353101e-14
"I_100x20",7,100,20,50,43,20269043,TRUE,20,20,20,20,20,TRUE,TRUE,0,0.05,0.041,0.033,1e-06,1e-06,-6.61246083,-6.61246083,"4","4",-0.2830696833,-0.2830696833,-0.2830696833,5.551115123e-17,TRUE,1,0,0,TRUE,TRUE,0,NA,NA,NA,NA,0,0,0,0,0,0,0,0,0,0,0,0,4.832362738e-15,6.883382753e-15,9.769962617e-15,0,0,0,0,0,0,4.832362738e-15,6.883382753e-15,9.769962617e-15
"I_100x20",7,100,20,50,44,20269044,TRUE,20,20,20,20,20,TRUE,TRUE,0,0.052,0.049,0.041,1e-06,1e-06,-5.04449338,-5.04449338,"2","2",-0.2695368373,-0.2695368373,-0.2695368373,0,TRUE,1,0,0,TRUE,TRUE,0,NA,NA,NA,NA,0,0,0,0,0,0,0,0,0,0,0,0,4.850354259e-15,1.243449788e-14,1.598721155e-14,0,0,0,0,0,0,4.850354259e-15,1.243449788e-14,1.598721155e-14
"I_100x20",7,100,20,50,45,20269045,TRUE,20,20,20,20,20,TRUE,TRUE,0,0.056,0.059,0.047,1e-06,1e-06,-5.73012322,-5.73012322,"2","2",-0.2801967538,-0.2801967538,-0.2801967538,5.551115123e-17,TRUE,1,0,0,TRUE,TRUE,0,NA,NA,NA,NA,0,0,0,0,0,0,0,0,0,0,0,0,5.428506176e-15,1.065814104e-14,2.220446049e-14,0,0,0,0,0,0,5.428506176e-15,1.065814104e-14,2.220446049e-14
"I_100x20",7,100,20,50,46,20269046,TRUE,20,20,20,20,20,TRUE,TRUE,0,0.051,0.05,0.043,1e-06,1e-06,-6.276491021,-6.276491021,"3","3",-0.3078390561,-0.3078390561,-0.3078390561,-5.551115123e-17,TRUE,1,0,0,TRUE,TRUE,0,NA,NA,NA,NA,0,0,0,0,0,0,0,0,0,0,0,0,4.638252275e-15,5.773159728e-15,1.33226763e-14,0,0,0,0,0,0,4.638252275e-15,5.773159728e-15,1.33226763e-14
"I_100x20",7,100,20,50,47,20269047,TRUE,20,20,20,20,20,TRUE,TRUE,0,0.057,0.043,0.036,1e-06,1e-06,-3.385897852,-3.385897852,"4","4",-0.241684589,-0.241684589,-0.241684589,2.775557562e-17,TRUE,1,0,0,TRUE,TRUE,0,NA,NA,NA,NA,0,0,0,0,0,0,0,0,0,0,0,0,4.95879579e-15,6.217248938e-15,2.975397706e-14,0,0,0,0,0,0,4.95879579e-15,6.217248938e-15,2.975397706e-14
"I_100x20",7,100,20,50,48,20269048,TRUE,20,20,20,20,20,TRUE,TRUE,0,0.05,0.05,0.042,1e-06,1e-06,-5.806498738,-5.806498738,"5","5",-0.302244873,-0.302244873,-0.302244873,-1.665334537e-16,TRUE,1,0,0,TRUE,TRUE,0,NA,NA,NA,NA,0,0,0,0,0,0,0,0,0,0,0,0,5.031906836e-15,9.325873407e-15,1.154631946e-14,0,0,0,0,0,0,5.031906836e-15,9.325873407e-15,1.154631946e-14
"I_100x20",7,100,20,50,49,20269049,TRUE,20,20,20,20,20,TRUE,TRUE,0,0.063,0.05,0.04,1e-06,1e-06,-6.471334778,-6.471334778,"4","4",-0.3212068532,-0.3212068532,-0.3212068532,1.110223025e-16,TRUE,1,0,0,TRUE,TRUE,0,NA,NA,NA,NA,0,0,0,0,0,0,0,0,0,0,0,0,4.587266962e-15,6.217248938e-15,1.421085472e-14,0,0,0,0,0,0,4.587266962e-15,6.217248938e-15,1.421085472e-14
"I_100x20",7,100,20,50,50,20269050,TRUE,20,20,20,20,20,TRUE,TRUE,0,0.062,0.048,0.038,1e-06,1e-06,-5.181645985,-5.181645985,"5","5",-0.284573091,-0.284573091,-0.284573091,5.551115123e-17,TRUE,1,0,0,TRUE,TRUE,0,NA,NA,NA,NA,0,0,0,0,0,0,0,0,0,0,0,0,4.88650582e-15,6.883382753e-15,1.154631946e-14,0,0,0,0,0,0,4.88650582e-15,6.883382753e-15,1.154631946e-14
"AR1_200x40",8,200,40,100,1,20270001,TRUE,40,40,40,40,40,TRUE,TRUE,0,0.252,0.262,0.239,0.08653372567,0.08653372567,-27.55164426,-27.55164426,"4","4",-0.6566417764,-0.6566417764,-0.6566417764,0,TRUE,1,0,0,TRUE,TRUE,0,NA,NA,NA,NA,0,0,0,0,0,0,0,0,0,0,0,1.221245327e-15,3.975688114e-15,1.376676551e-14,4.263256415e-14,0,0,0,0,0,1.221245327e-15,3.975688114e-15,1.376676551e-14,4.263256415e-14
"AR1_200x40",8,200,40,100,2,20270002,TRUE,40,40,40,40,40,TRUE,TRUE,0,0.246,0.251,0.22,0.08488855609,0.08488855609,-26.53691727,-26.53691727,"4","4",-0.6490953811,-0.6490953811,-0.6490953811,0,TRUE,1,0,0,TRUE,TRUE,0,NA,NA,NA,NA,0,0,0,0,0,0,0,0,0,0,0,5.412337245e-16,3.730800221e-15,8.881784197e-15,4.97379915e-14,0,0,0,0,0,5.412337245e-16,3.730800221e-15,8.881784197e-15,4.97379915e-14
"AR1_200x40",8,200,40,100,3,20270003,TRUE,40,40,40,40,40,TRUE,TRUE,0,0.244,0.256,0.24,0.08836923614,0.08836923614,-26.99896215,-26.99896215,"2","2",-0.6557163958,-0.6557163958,-0.6557163958,-1.110223025e-16,TRUE,1,0,0,TRUE,TRUE,0,NA,NA,NA,NA,0,0,0,0,0,0,0,0,0,0,0,2.775557562e-16,3.76388972e-15,1.065814104e-14,3.907985047e-14,0,0,0,0,0,2.775557562e-16,3.76388972e-15,1.065814104e-14,3.907985047e-14
"AR1_200x40",8,200,40,100,4,20270004,TRUE,40,40,40,40,40,TRUE,TRUE,0,0.238,0.239,0.227,0.09327437066,0.09327437066,-24.72730625,-24.72730625,"4","4",-0.6642831203,-0.6642831203,-0.6642831203,2.220446049e-16,TRUE,1,0,0,TRUE,TRUE,0,NA,NA,NA,NA,0,0,0,0,0,0,0,0,0,0,0,8.049116929e-16,3.726830808e-15,1.265654248e-14,6.75015599e-14,0,0,0,0,0,8.049116929e-16,3.726830808e-15,1.265654248e-14,6.75015599e-14
"AR1_200x40",8,200,40,100,5,20270005,TRUE,40,40,40,40,40,TRUE,TRUE,0,0.269,0.247,0.229,0.09528361464,0.09528361464,-25.13347883,-25.13347883,"2","2",-0.6507823521,-0.6507823521,-0.6507823521,0,TRUE,1,0,0,TRUE,TRUE,0,NA,NA,NA,NA,0,0,0,0,0,0,0,0,0,0,0,9.575673587e-16,3.530525265e-15,1.154631946e-14,5.329070518e-14,0,0,0,0,0,9.575673587e-16,3.530525265e-15,1.154631946e-14,5.329070518e-14
"AR1_200x40",8,200,40,100,6,20270006,TRUE,40,40,40,40,40,TRUE,TRUE,0,0.247,0.235,0.219,0.09030752216,0.09030752216,-26.29922766,-26.29922766,"4","4",-0.6454224522,-0.6454224522,-0.6454224522,0,TRUE,1,0,0,TRUE,TRUE,0,NA,NA,NA,NA,0,0,0,0,0,0,0,0,0,0,0,7.21644966e-16,3.769965709e-15,9.769962617e-15,5.329070518e-14,0,0,0,0,0,7.21644966e-16,3.769965709e-15,9.769962617e-15,5.329070518e-14
"AR1_200x40",8,200,40,100,7,20270007,TRUE,40,40,40,40,40,TRUE,TRUE,0,0.269,0.262,0.246,0.08505543428,0.08505543428,-27.58199723,-27.58199723,"4","4",-0.6569567091,-0.6569567091,-0.6569567091,1.110223025e-16,TRUE,1,0,0,TRUE,TRUE,0,NA,NA,NA,NA,0,0,0,0,0,0,0,0,0,0,0,1.942890293e-15,3.837528057e-15,6.439293543e-15,3.552713679e-14,0,0,0,0,0,1.942890293e-15,3.837528057e-15,6.439293543e-15,3.552713679e-14
"AR1_200x40",8,200,40,100,8,20270008,TRUE,40,40,40,40,40,TRUE,TRUE,0,0.265,0.228,0.215,0.087706755,0.087706755,-26.34659296,-26.34659296,"4","4",-0.6876036916,-0.6876036916,-0.6876036916,-1.110223025e-16,TRUE,1,0,0,TRUE,TRUE,0,NA,NA,NA,NA,0,0,0,0,0,0,0,0,0,0,0,7.077671782e-16,3.552718694e-15,9.103828802e-15,5.684341886e-14,0,0,0,0,0,7.077671782e-16,3.552718694e-15,9.103828802e-15,5.684341886e-14
"AR1_200x40",8,200,40,100,9,20270009,TRUE,40,40,40,40,40,TRUE,TRUE,0,0.258,0.251,0.226,0.08336340452,0.08336340452,-27.58384252,-27.58384252,"6","6",-0.6710030678,-0.6710030678,-0.6710030678,0,TRUE,1,0,0,TRUE,TRUE,0,NA,NA,NA,NA,0,0,0,0,0,0,0,0,0,0,0,1.90125693e-15,3.579439333e-15,9.325873407e-15,3.552713679e-14,0,0,0,0,0,1.90125693e-15,3.579439333e-15,9.325873407e-15,3.552713679e-14
"AR1_200x40",8,200,40,100,10,20270010,TRUE,40,40,40,40,40,TRUE,TRUE,0,0.267,0.229,0.211,0.07410175758,0.07410175758,-28.46953816,-28.46953816,"4","4",-0.6759441023,-0.6759441023,-0.6759441023,-1.110223025e-16,TRUE,1,0,0,TRUE,TRUE,0,NA,NA,NA,NA,0,0,0,0,0,0,0,0,0,0,0,1.054711873e-15,3.529628999e-15,9.103828802e-15,2.486899575e-14,0,0,0,0,0,1.054711873e-15,3.529628999e-15,9.103828802e-15,2.486899575e-14
"AR1_200x40",8,200,40,100,11,20270011,TRUE,40,40,40,40,40,TRUE,TRUE,0,0.254,0.242,0.22,0.09325741494,0.09325741494,-27.87845306,-27.87845306,"4","4",-0.6370389734,-0.6370389734,-0.6370389734,0,TRUE,1,0,0,TRUE,TRUE,0,NA,NA,NA,NA,0,0,0,0,0,0,0,0,0,0,0,6.245004514e-16,3.563294291e-15,9.103828802e-15,1.065814104e-13,0,0,0,0,0,6.245004514e-16,3.563294291e-15,9.103828802e-15,1.065814104e-13
"AR1_200x40",8,200,40,100,12,20270012,TRUE,40,40,40,40,40,TRUE,TRUE,0,0.314,0.24,0.224,0.09139100235,0.09139100235,-26.4082572,-26.4082572,"4","4",-0.6744640093,-0.6744640093,-0.6744640093,-1.110223025e-16,TRUE,1,0,0,TRUE,TRUE,0,NA,NA,NA,NA,0,0,0,0,0,0,0,0,0,0,0,8.604228441e-16,3.608960909e-15,1.076916334e-14,4.618527782e-14,0,0,0,0,0,8.604228441e-16,3.608960909e-15,1.076916334e-14,4.618527782e-14
"AR1_200x40",8,200,40,100,13,20270013,TRUE,40,40,40,40,40,TRUE,TRUE,0,0.254,0.239,0.217,0.08170499862,0.08170499862,-27.25714944,-27.25714944,"4","4",-0.6967851626,-0.6967851626,-0.6967851626,0,TRUE,1,0,0,TRUE,TRUE,0,NA,NA,NA,NA,0,0,0,0,0,0,0,0,0,0,0,5.412337245e-16,3.839620696e-15,1.187938636e-14,8.881784197e-14,0,0,0,0,0,5.412337245e-16,3.839620696e-15,1.187938636e-14,8.881784197e-14
"AR1_200x40",8,200,40,100,14,20270014,TRUE,40,40,40,40,40,TRUE,TRUE,0,0.254,0.254,0.238,0.07590646236,0.07590646236,-26.92653005,-26.92653005,"2","2",-0.6681446404,-0.6681446404,-0.6681446404,2.220446049e-16,TRUE,1,0,0,TRUE,TRUE,0,NA,NA,NA,NA,0,0,0,0,0,0,0,0,0,0,0,5.551115123e-16,3.523086736e-15,8.215650382e-15,2.131628207e-14,0,0,0,0,0,5.551115123e-16,3.523086736e-15,8.215650382e-15,2.131628207e-14
"AR1_200x40",8,200,40,100,15,20270015,TRUE,40,40,40,40,40,TRUE,TRUE,0,0.253,0.251,0.232,0.07033253533,0.07033253533,-28.01860394,-28.01860394,"2","2",-0.6913552838,-0.6913552838,-0.6913552838,2.220446049e-16,TRUE,1,0,0,TRUE,TRUE,0,NA,NA,NA,NA,0,0,0,0,0,0,0,0,0,0,0,4.579669977e-16,3.34282726e-15,6.661338148e-15,6.039613254e-14,0,0,0,0,0,4.579669977e-16,3.34282726e-15,6.661338148e-15,6.039613254e-14
"AR1_200x40",8,200,40,100,16,20270016,TRUE,40,40,40,40,40,TRUE,TRUE,0,0.277,0.243,0.218,0.07680016439,0.07680016439,-26.83957206,-26.83957206,"1","1",-0.6930114042,-0.6930114042,-0.6930114042,-1.110223025e-16,TRUE,1,0,0,TRUE,TRUE,0,NA,NA,NA,NA,0,0,0,0,0,0,0,0,0,0,0,7.355227538e-16,3.475673717e-15,9.992007222e-15,3.197442311e-14,0,0,0,0,0,7.355227538e-16,3.475673717e-15,9.992007222e-15,3.197442311e-14
"AR1_200x40",8,200,40,100,17,20270017,TRUE,40,40,40,40,40,TRUE,TRUE,0,0.259,0.261,0.24,0.07466613979,0.07466613979,-27.31194664,-27.31194664,"4","4",-0.6817610175,-0.6817610175,-0.6817610175,-1.110223025e-16,TRUE,1,0,0,TRUE,TRUE,0,NA,NA,NA,NA,0,0,0,0,0,0,0,0,0,0,0,8.604228441e-16,3.488331649e-15,6.439293543e-15,8.881784197e-14,0,0,0,0,0,8.604228441e-16,3.488331649e-15,6.439293543e-15,8.881784197e-14
"AR1_200x40",8,200,40,100,18,20270018,TRUE,40,40,40,40,40,TRUE,TRUE,0,0.257,0.29,0.277,0.0698240551,0.0698240551,-28.36111489,-28.36111489,"3","3",-0.6956318715,-0.6956318715,-0.6956318715,-3.330669074e-16,TRUE,1,0,0,TRUE,TRUE,0,NA,NA,NA,NA,0,0,0,0,0,0,0,0,0,0,0,5.828670879e-16,3.341827683e-15,7.549516567e-15,6.75015599e-14,0,0,0,0,0,5.828670879e-16,3.341827683e-15,7.549516567e-15,6.75015599e-14
"AR1_200x40",8,200,40,100,19,20270019,TRUE,40,40,40,40,40,TRUE,TRUE,0,0.258,0.232,0.215,0.09961871526,0.09961871526,-23.48046399,-23.48046399,"6","6",-0.6486830195,-0.6486830195,-0.6486830195,1.110223025e-16,TRUE,1,0,0,TRUE,TRUE,0,NA,NA,NA,NA,0,0,0,0,0,0,0,0,0,0,0,4.163336342e-16,3.342063869e-15,1.132427485e-14,6.75015599e-14,0,0,0,0,0,4.163336342e-16,3.342063869e-15,1.132427485e-14,6.75015599e-14
"AR1_200x40",8,200,40,100,20,20270020,TRUE,40,40,40,40,40,TRUE,TRUE,0,0.261,0.256,0.239,0.09216521541,0.09216521541,-25.85077084,-25.85077084,"4","4",-0.6650777963,-0.6650777963,-0.6650777963,0,TRUE,1,0,0,TRUE,TRUE,0,NA,NA,NA,NA,0,0,0,0,0,0,0,0,0,0,0,5.689893001e-16,3.589083294e-15,9.769962617e-15,5.329070518e-14,0,0,0,0,0,5.689893001e-16,3.589083294e-15,9.769962617e-15,5.329070518e-14
"AR1_200x40",8,200,40,100,21,20270021,TRUE,40,40,40,40,40,TRUE,TRUE,0,0.27,0.248,0.223,0.09374109578,0.09374109578,-24.49637101,-24.49637101,"4","4",-0.677709811,-0.677709811,-0.677709811,0,TRUE,1,0,0,TRUE,TRUE,0,NA,NA,NA,NA,0,0,0,0,0,0,0,0,0,0,0,1.1379786e-15,3.515395545e-15,1.321165399e-14,2.486899575e-14,0,0,0,0,0,1.1379786e-15,3.515395545e-15,1.321165399e-14,2.486899575e-14
"AR1_200x40",8,200,40,100,22,20270022,TRUE,40,40,40,40,40,TRUE,TRUE,0,0.266,0.243,0.226,0.07677525807,0.07677525807,-29.82655528,-29.82655528,"4","4",-0.7120979135,-0.7120979135,-0.7120979135,-2.220446049e-16,TRUE,1,0,0,TRUE,TRUE,0,NA,NA,NA,NA,0,0,0,0,0,0,0,0,0,0,0,6.383782392e-16,3.589348101e-15,7.549516567e-15,7.460698725e-14,0,0,0,0,0,6.383782392e-16,3.589348101e-15,7.549516567e-15,7.460698725e-14
"AR1_200x40",8,200,40,100,23,20270023,TRUE,40,40,40,40,40,TRUE,TRUE,0,0.266,0.263,0.244,0.08299820153,0.08299820153,-27.65102539,-27.65102539,"4","4",-0.6684737155,-0.6684737155,-0.6684737155,0,TRUE,1,0,0,TRUE,TRUE,0,NA,NA,NA,NA,0,0,0,0,0,0,0,0,0,0,0,9.992007222e-16,3.711979307e-15,8.437694987e-15,7.460698725e-14,0,0,0,0,0,9.992007222e-16,3.711979307e-15,8.437694987e-15,7.460698725e-14
"AR1_200x40",8,200,40,100,24,20270024,TRUE,40,40,40,40,40,TRUE,TRUE,0,0.251,0.248,0.229,0.07045190278,0.07045190278,-28.00015363,-28.00015363,"4","4",-0.7191212387,-0.7191212387,-0.7191212387,2.220446049e-16,TRUE,1,0,0,TRUE,TRUE,0,NA,NA,NA,NA,0,0,0,0,0,0,0,0,0,0,0,1.040834086e-15,3.568537374e-15,7.105427358e-15,7.815970093e-14,0,0,0,0,0,1.040834086e-15,3.568537374e-15,7.105427358e-15,7.815970093e-14
"AR1_200x40",8,200,40,100,25,20270025,TRUE,40,40,40,40,40,TRUE,TRUE,0,0.251,0.25,0.227,0.08582345913,0.08582345913,-27.06475787,-27.06475787,"4","4",-0.6102181579,-0.6102181579,-0.6102181579,0,TRUE,1,0,0,TRUE,TRUE,0,NA,NA,NA,NA,0,0,0,0,0,0,0,0,0,0,0,1.942890293e-15,4.008950263e-15,8.215650382e-15,5.329070518e-14,0,0,0,0,0,1.942890293e-15,4.008950263e-15,8.215650382e-15,5.329070518e-14
"AR1_200x40",8,200,40,100,26,20270026,TRUE,40,40,40,40,40,TRUE,TRUE,0,0.254,0.235,0.217,0.09932298754,0.09932298754,-25.87181363,-25.87181363,"4","4",-0.6463744211,-0.6463744211,-0.6463744211,-1.110223025e-16,TRUE,1,0,0,TRUE,TRUE,0,NA,NA,NA,NA,0,0,0,0,0,0,0,0,0,0,0,6.800116026e-16,3.59908327e-15,9.325873407e-15,6.039613254e-14,0,0,0,0,0,6.800116026e-16,3.59908327e-15,9.325873407e-15,6.039613254e-14
"AR1_200x40",8,200,40,100,27,20270027,TRUE,40,40,40,40,40,TRUE,TRUE,0,0.261,0.244,0.223,0.09065339918,0.09065339918,-25.80287072,-25.80287072,"6","6",-0.6876064696,-0.6876064696,-0.6876064696,-2.220446049e-16,TRUE,1,0,0,TRUE,TRUE,0,NA,NA,NA,NA,0,0,0,0,0,0,0,0,0,0,0,1.054711873e-15,3.441337779e-15,1.043609643e-14,1.314504061e-13,0,0,0,0,0,1.054711873e-15,3.441337779e-15,1.043609643e-14,1.314504061e-13
"AR1_200x40",8,200,40,100,28,20270028,TRUE,40,40,40,40,40,TRUE,TRUE,0,0.268,0.234,0.219,0.09463691787,0.09463691787,-26.77810799,-26.77810799,"4","4",-0.6522183134,-0.6522183134,-0.6522183134,-1.110223025e-16,TRUE,1,0,0,TRUE,TRUE,0,NA,NA,NA,NA,0,0,0,0,0,0,0,0,0,0,0,1.276756478e-15,3.538962437e-15,1.287858709e-14,6.75015599e-14,0,0,0,0,0,1.276756478e-15,3.538962437e-15,1.287858709e-14,6.75015599e-14
"AR1_200x40",8,200,40,100,29,20270029,TRUE,40,40,40,40,40,TRUE,TRUE,0,0.262,0.248,0.234,0.09622142856,0.09622142856,-24.45875267,-24.45875267,"4","4",-0.6389912709,-0.6389912709,-0.6389912709,2.220446049e-16,TRUE,1,0,0,TRUE,TRUE,0,NA,NA,NA,NA,0,0,0,0,0,0,0,0,0,0,0,4.440892099e-16,3.651946632e-15,8.881784197e-15,8.881784197e-14,0,0,0,0,0,4.440892099e-16,3.651946632e-15,8.881784197e-15,8.881784197e-14
"AR1_200x40",8,200,40,100,30,20270030,TRUE,40,40,40,40,40,TRUE,TRUE,0,0.245,0.232,0.216,0.08289592147,0.08289592147,-26.53470373,-26.53470373,"4","4",-0.6862116627,-0.6862116627,-0.6862116627,0,TRUE,1,0,0,TRUE,TRUE,0,NA,NA,NA,NA,0,0,0,0,0,0,0,0,0,0,0,6.800116026e-16,3.409846688e-15,7.771561172e-15,7.460698725e-14,0,0,0,0,0,6.800116026e-16,3.409846688e-15,7.771561172e-15,7.460698725e-14
"AR1_200x40",8,200,40,100,31,20270031,TRUE,40,40,40,40,40,TRUE,TRUE,0,0.248,0.261,0.239,0.08684468372,0.08684468372,-26.85956806,-26.85956806,"4","4",-0.6808986714,-0.6808986714,-0.6808986714,2.220446049e-16,TRUE,1,0,0,TRUE,TRUE,0,NA,NA,NA,NA,0,0,0,0,0,0,0,0,0,0,0,9.159339953e-16,3.6924736e-15,1.35447209e-14,3.552713679e-14,0,0,0,0,0,9.159339953e-16,3.6924736e-15,1.35447209e-14,3.552713679e-14
"AR1_200x40",8,200,40,100,32,20270032,TRUE,40,40,40,40,40,TRUE,TRUE,0,0.255,0.249,0.226,0.08973100298,0.08973100298,-25.82779978,-25.82779978,"4","4",-0.6767881368,-0.6767881368,-0.6767881368,0,TRUE,1,0,0,TRUE,TRUE,0,NA,NA,NA,NA,0,0,0,0,0,0,0,0,0,0,0,1.054711873e-15,3.614823419e-15,9.325873407e-15,1.065814104e-13,0,0,0,0,0,1.054711873e-15,3.614823419e-15,9.325873407e-15,1.065814104e-13
"AR1_200x40",8,200,40,100,33,20270033,TRUE,40,40,40,40,40,TRUE,TRUE,0,0.258,0.245,0.229,0.08895218409,0.08895218409,-26.29342527,-26.29342527,"4","4",-0.6505871696,-0.6505871696,-0.6505871696,-1.110223025e-16,TRUE,1,0,0,TRUE,TRUE,0,NA,NA,NA,NA,0,0,0,0,0,0,0,0,0,0,0,1.929012505e-15,3.888053291e-15,1.165734176e-14,1.207922651e-13,0,0,0,0,0,1.929012505e-15,3.888053291e-15,1.165734176e-14,1.207922651e-13
"AR1_200x40",8,200,40,100,34,20270034,TRUE,40,40,40,40,40,TRUE,TRUE,0,0.255,0.25,0.233,0.07658289612,0.07658289612,-28.54560977,-28.54560977,"4","4",-0.6841708121,-0.6841708121,-0.6841708121,1.110223025e-16,TRUE,1,0,0,TRUE,TRUE,0,NA,NA,NA,NA,0,0,0,0,0,0,0,0,0,0,0,4.857225733e-16,3.560521357e-15,6.994405055e-15,4.263256415e-14,0,0,0,0,0,4.857225733e-16,3.560521357e-15,6.994405055e-15,4.263256415e-14
"AR1_200x40",8,200,40,100,35,20270035,TRUE,40,40,40,40,40,TRUE,TRUE,0,0.255,0.241,0.219,0.08755383946,0.08755383946,-24.50052593,-24.50052593,"1","1",-0.6653345332,-0.6653345332,-0.6653345332,-1.110223025e-16,TRUE,1,0,0,TRUE,TRUE,0,NA,NA,NA,NA,0,0,0,0,0,0,0,0,0,0,0,1.026956298e-15,3.606981121e-15,1.487698853e-14,1.10134124e-13,0,0,0,0,0,1.026956298e-15,3.606981121e-15,1.487698853e-14,1.10134124e-13
"AR1_200x40",8,200,40,100,36,20270036,TRUE,40,40,40,40,40,TRUE,TRUE,0,0.264,0.241,0.222,0.09360670453,0.09360670453,-25.76495469,-25.76495469,"4","4",-0.6330165587,-0.6330165587,-0.6330165587,0,TRUE,1,0,0,TRUE,TRUE,0,NA,NA,NA,NA,0,0,0,0,0,0,0,0,0,0,0,1.110223025e-15,3.781096677e-15,1.298960939e-14,8.881784197e-14,0,0,0,0,0,1.110223025e-15,3.781096677e-15,1.298960939e-14,8.881784197e-14
"AR1_200x40",8,200,40,100,37,20270037,TRUE,40,40,40,40,40,TRUE,TRUE,0,0.262,0.232,0.209,0.08257977024,0.08257977024,-27.31783508,-27.31783508,"4","4",-0.6978980413,-0.6978980413,-0.6978980413,-1.110223025e-16,TRUE,1,0,0,TRUE,TRUE,0,NA,NA,NA,NA,0,0,0,0,0,0,0,0,0,0,0,3.191891196e-16,3.637060207e-15,8.10462808e-15,7.105427358e-14,0,0,0,0,0,3.191891196e-16,3.637060207e-15,8.10462808e-15,7.105427358e-14
"AR1_200x40",8,200,40,100,38,20270038,TRUE,40,40,40,40,40,TRUE,TRUE,0,0.257,0.254,0.23,0.07187335952,0.07187335952,-29.04279793,-29.04279793,"4","4",-0.6973869902,-0.6973869902,-0.6973869902,1.110223025e-16,TRUE,1,0,0,TRUE,TRUE,0,NA,NA,NA,NA,0,0,0,0,0,0,0,0,0,0,0,1.276756478e-15,3.566994647e-15,8.326672685e-15,4.618527782e-14,0,0,0,0,0,1.276756478e-15,3.566994647e-15,8.326672685e-15,4.618527782e-14
"AR1_200x40",8,200,40,100,39,20270039,TRUE,40,40,40,40,40,TRUE,TRUE,0,0.261,0.246,0.232,0.09581428476,0.09581428476,-26.31110145,-26.31110145,"6","6",-0.6209552792,-0.6209552792,-0.6209552792,0,TRUE,1,0,0,TRUE,TRUE,0,NA,NA,NA,NA,0,0,0,0,0,0,0,0,0,0,0,1.415534356e-15,3.668628115e-15,9.103828802e-15,1.669775429e-13,0,0,0,0,0,1.415534356e-15,3.668628115e-15,9.103828802e-15,1.669775429e-13
"AR1_200x40",8,200,40,100,40,20270040,TRUE,40,40,40,40,40,TRUE,TRUE,0,0.252,0.24,0.225,0.09158301035,0.09158301035,-26.80082633,-26.80082633,"1","1",-0.6383998523,-0.6383998523,-0.6383998523,0,TRUE,1,0,0,TRUE,TRUE,0,NA,NA,NA,NA,0,0,0,0,0,0,0,0,0,0,0,5.689893001e-16,3.602926067e-15,1.176836406e-14,8.171241461e-14,0,0,0,0,0,5.689893001e-16,3.602926067e-15,1.176836406e-14,8.171241461e-14
"AR1_200x40",8,200,40,100,41,20270041,TRUE,40,40,40,40,40,TRUE,TRUE,0,0.267,0.241,0.22,0.07482258282,0.07482258282,-27.60032351,-27.60032351,"3","3",-0.6889854332,-0.6889854332,-0.6889854332,-1.110223025e-16,TRUE,1,0,0,TRUE,TRUE,0,NA,NA,NA,NA,0,0,0,0,0,0,0,0,0,0,0,1.040834086e-15,3.304339909e-15,8.437694987e-15,4.618527782e-14,0,0,0,0,0,1.040834086e-15,3.304339909e-15,8.437694987e-15,4.618527782e-14
"AR1_200x40",8,200,40,100,42,20270042,TRUE,40,40,40,40,40,TRUE,TRUE,0,0.247,0.265,0.245,0.08724642704,0.08724642704,-25.86768185,-25.86768185,"4","4",-0.6973979402,-0.6973979402,-0.6973979402,-2.220446049e-16,TRUE,1,0,0,TRUE,TRUE,0,NA,NA,NA,NA,0,0,0,0,0,0,0,0,0,0,0,4.579669977e-16,3.565069488e-15,8.437694987e-15,3.552713679e-14,0,0,0,0,0,4.579669977e-16,3.565069488e-15,8.437694987e-15,3.552713679e-14
"AR1_200x40",8,200,40,100,43,20270043,TRUE,40,40,40,40,40,TRUE,TRUE,0,0.264,0.248,0.227,0.08961433572,0.08961433572,-25.61746642,-25.61746642,"4","4",-0.6549448046,-0.6549448046,-0.6549448046,1.110223025e-16,TRUE,1,0,0,TRUE,TRUE,0,NA,NA,NA,NA,0,0,0,0,0,0,0,0,0,0,0,8.604228441e-16,3.551551733e-15,9.547918012e-15,8.526512829e-14,0,0,0,0,0,8.604228441e-16,3.551551733e-15,9.547918012e-15,8.526512829e-14
"AR1_200x40",8,200,40,100,44,20270044,TRUE,40,40,40,40,40,TRUE,TRUE,0,0.258,0.247,0.221,0.09963597068,0.09963597068,-25.91781094,-25.91781094,"4","4",-0.6332822833,-0.6332822833,-0.6332822833,0,TRUE,1,0,0,TRUE,TRUE,0,NA,NA,NA,NA,0,0,0,0,0,0,0,0,0,0,0,5.967448757e-16,3.534579835e-15,8.215650382e-15,5.329070518e-14,0,0,0,0,0,5.967448757e-16,3.534579835e-15,8.215650382e-15,5.329070518e-14
"AR1_200x40",8,200,40,100,45,20270045,TRUE,40,40,40,40,40,TRUE,TRUE,0,0.259,0.234,0.215,0.07652159358,0.07652159358,-28.14322374,-28.14322374,"4","4",-0.6406619112,-0.6406619112,-0.6406619112,0,TRUE,1,0,0,TRUE,TRUE,0,NA,NA,NA,NA,0,0,0,0,0,0,0,0,0,0,0,3.330669074e-16,3.521774532e-15,7.105427358e-15,3.907985047e-14,0,0,0,0,0,3.330669074e-16,3.521774532e-15,7.105427358e-15,3.907985047e-14
"AR1_200x40",8,200,40,100,46,20270046,TRUE,40,40,40,40,40,TRUE,TRUE,0,0.278,0.251,0.231,0.09358873594,0.09358873594,-24.98760889,-24.98760889,"4","4",-0.6487910748,-0.6487910748,-0.6487910748,0,TRUE,1,0,0,TRUE,TRUE,0,NA,NA,NA,NA,0,0,0,0,0,0,0,0,0,0,0,7.355227538e-16,3.560509286e-15,1.176836406e-14,5.684341886e-14,0,0,0,0,0,7.355227538e-16,3.560509286e-15,1.176836406e-14,5.684341886e-14
"AR1_200x40",8,200,40,100,47,20270047,TRUE,40,40,40,40,40,TRUE,TRUE,0,0.256,0.259,0.245,0.09783002059,0.09783002059,-25.73593847,-25.73593847,"4","4",-0.6684064197,-0.6684064197,-0.6684064197,-1.110223025e-16,TRUE,1,0,0,TRUE,TRUE,0,NA,NA,NA,NA,0,0,0,0,0,0,0,0,0,0,0,8.743006319e-16,3.749587678e-15,1.243449788e-14,7.105427358e-14,0,0,0,0,0,8.743006319e-16,3.749587678e-15,1.243449788e-14,7.105427358e-14
"AR1_200x40",8,200,40,100,48,20270048,TRUE,40,40,40,40,40,TRUE,TRUE,0,0.26,0.24,0.224,0.09565310507,0.09565310507,-25.90607424,-25.90607424,"1","1",-0.6814940986,-0.6814940986,-0.6814940986,3.330669074e-16,TRUE,1,0,0,TRUE,TRUE,0,NA,NA,NA,NA,0,0,0,0,0,0,0,0,0,0,0,8.881784197e-16,3.617266064e-15,1.265654248e-14,7.815970093e-14,0,0,0,0,0,8.881784197e-16,3.617266064e-15,1.265654248e-14,7.815970093e-14
"AR1_200x40",8,200,40,100,49,20270049,TRUE,40,40,40,40,40,TRUE,TRUE,0,0.255,0.296,0.278,0.08685840849,0.08685840849,-25.17994019,-25.17994019,"1","1",-0.6736182043,-0.6736182043,-0.6736182043,-1.110223025e-16,TRUE,1,0,0,TRUE,TRUE,0,NA,NA,NA,NA,0,0,0,0,0,0,0,0,0,0,0,1.235123115e-15,3.380478686e-15,6.32827124e-15,6.394884622e-14,0,0,0,0,0,1.235123115e-15,3.380478686e-15,6.32827124e-15,6.394884622e-14
"AR1_200x40",8,200,40,100,50,20270050,TRUE,40,40,40,40,40,TRUE,TRUE,0,0.282,0.244,0.223,0.06370968635,0.06370968635,-27.92023546,-27.92023546,"6","6",-0.7041997196,-0.7041997196,-0.7041997196,1.110223025e-16,TRUE,1,0,0,TRUE,TRUE,0,NA,NA,NA,NA,0,0,0,0,0,0,0,0,0,0,0,1.762479052e-15,3.898671753e-15,7.105427358e-15,1.207922651e-13,0,0,0,0,0,1.762479052e-15,3.898671753e-15,7.105427358e-15,1.207922651e-13
