"config","cfg_id","n","p","h","rep","seed","ver_hsets","r_set1","s_set1","r_set2","s_set2","r_set3","s_set3","r_set4","s_set4","r_set5","s_set5","t_off","t_can","t_can2","sens_can_nsets","sens_can_best","sens_can_relF","sens_can2_nsets","sens_can2_ncomb","sens_can2_best","sens_can2_relF","nsets_can_vs_off","nsets_can2_vs_off","nsets_can2_vs_can","rho_off","crit_off","logobj_off","iBest_off","rrcov_pert_obj_own_min","rrcov_pert_obj_own_max","rrcov_pert_obj_rho_min","rrcov_pert_obj_rho_max","atip_en_best_off","auc_off","pert_hsets_off","pert_nsets_off","pert_best_off","pert_rho_off","pert_cov_off","pert_maxdrho_off","pert_maxrelF_off","pert_maxdcrit_off","rho_can","crit_can","logobj_can","logobj_can_rhooff","iBest_can","pctl_own_can","pctl_rho_can","relF_can_off","maxabs_can_off","solape_can","best_igual_can","cov_identica_can","rho_identico_can","atip_en_best_can","auc_can","pert_hsets_can","pert_nsets_can","pert_best_can","pert_rho_can","pert_cov_can","pert_maxdrho_can","pert_maxrelF_can","pert_maxdcrit_can","rho_can2","crit_can2","logobj_can2","logobj_can2_rhooff","iBest_can2","pctl_own_can2","pctl_rho_can2","relF_can2_off","maxabs_can2_off","solape_can2","best_igual_can2","cov_identica_can2","rho_identico_can2","atip_en_best_can2","auc_can2","pert_hsets_can2","pert_nsets_can2","pert_best_can2","pert_rho_can2","pert_cov_can2","pert_maxdrho_can2","pert_maxrelF_can2","pert_maxdcrit_can2","rho_can2eps","crit_can2eps","logobj_can2eps","logobj_can2eps_rhooff","iBest_can2eps","pctl_own_can2eps","pctl_rho_can2eps","relF_can2eps_off","maxabs_can2eps_off","solape_can2eps","best_igual_can2eps","cov_identica_can2eps","rho_identico_can2eps","atip_en_best_can2eps","auc_can2eps","pert_hsets_can2eps","pert_nsets_can2eps","pert_best_can2eps","pert_rho_can2eps","pert_cov_can2eps","pert_maxdrho_can2eps","pert_maxrelF_can2eps","pert_maxdcrit_can2eps","n_atip"
"I_50x200",1,50,200,25,1,20263001,TRUE,49,50,49,50,49,50,50,0,24,26,1.301,1.332,1.343,0,0,0,0,0,0,0,5,4,4,0.217502,-222.8857136,-1.128232362,"5",-1.128232362,-1.114233324,-1.128232362,-1.128232362,NA,NA,5,7,0,2,2,0.003602108644,0.00418873491,2.799054961,0.2280758526,-214.6092457,-1.086840423,-1.127269842,"4",1,1,0.382506621,0.5049555907,0.92,FALSE,FALSE,FALSE,NA,NA,0,0,0,0,0,2.831068713e-15,8.920327167e-15,1.98951966e-12,0.217502,-222.8857136,-1.128232362,-1.128232362,"5",0.3,0.5,7.222730008e-16,6.661338148e-16,1,TRUE,FALSE,FALSE,NA,NA,0,0,0,0,0,2.581268532e-15,8.385166527e-15,1.591615728e-12,0.217502,-222.8857136,-1.128232362,-1.128232362,"NA",0.3,0.5,7.222730008e-16,6.661338148e-16,1,TRUE,FALSE,FALSE,NA,NA,0,0,0,0,0,2.581268532e-15,8.385166527e-15,1.591615728e-12,0
"I_50x200",1,50,200,25,2,20263002,TRUE,49,50,49,50,49,50,50,0,24,26,1.321,1.312,1.364,0,0,0,0,0,0,0,5,4,4,0.23454723,-215.4750831,-1.059041471,"5",-1.062632151,-1.059041471,-1.059041471,-1.059041471,NA,NA,5,10,0,1,1,0.0009891182316,0.001172487005,0.7179314277,0.2344622348,-215.5411714,-1.059371524,-1.059063592,"4",0.2,0,0.5680028509,0.5701758858,0.84,FALSE,FALSE,FALSE,NA,NA,0,0,0,0,0,1.776356839e-15,8.547761306e-15,8.242295735e-13,0.2312290484,-217.9007055,-1.071172537,-1.059063592,"4",0,0,0.5692490347,0.5714091433,0.84,FALSE,FALSE,FALSE,NA,NA,0,0,0,0,0,5.245803791e-15,1.01032774e-14,3.353761713e-12,0.2312290484,-217.9007055,-1.071172537,-1.059063592,"NA",0,0,0.5692490347,0.5714091433,0.84,FALSE,FALSE,FALSE,NA,NA,1,1,1,0,1,5.245803791e-15,0.5659584374,0.004561819875,0
"I_50x200",1,50,200,25,3,20263003,TRUE,49,50,49,50,49,50,50,0,24,26,1.399,1.312,1.234,0,0,0,0,0,0,0,5,4,4,0.2262171081,-218.5617184,-1.091007636,"5",-1.091007636,-1.091007636,-1.091007636,-1.091007636,NA,NA,5,10,0,0,0,2.91433544e-15,8.908866173e-15,1.449507181e-12,0.2317665837,-214.2272054,-1.069331326,-1.089943703,"4",1,1,0.3980918216,0.4248858827,0.92,FALSE,FALSE,FALSE,NA,NA,0,0,0,0,0,2.581268532e-15,8.803260135e-15,2.01794137e-12,0.2262171081,-218.5617184,-1.091007636,-1.091007636,"5",0.5,0.5,1.804225425e-15,1.665334537e-15,1,TRUE,FALSE,FALSE,NA,NA,0,0,0,0,0,1.665334537e-15,8.412976918e-15,1.5063506e-12,0.2262171081,-218.5617184,-1.091007636,-1.091007636,"NA",0.5,0.5,1.804225425e-15,1.665334537e-15,1,TRUE,FALSE,FALSE,NA,NA,2,2,0,1,1,4.649976495e-05,5.463309027e-05,0.03497219875,0
"I_50x200",1,50,200,25,4,20263004,TRUE,49,50,49,50,49,50,50,0,24,26,1.32,1.188,1.361,0,0,0,0,0,0,0,5,4,4,0.229798169,-216.4055442,-1.0783456,"5",-1.08598605,-1.0783456,-1.0783456,-1.0783456,NA,NA,5,9,0,4,4,0.002054821874,0.002423155757,1.527661523,0.2302316529,-215.9431155,-1.076034625,-1.077637246,"4",1,1,0.4027111617,0.4397198306,0.92,FALSE,FALSE,FALSE,NA,NA,0,0,0,0,0,5.523359548e-15,1.049915232e-14,3.808509064e-12,0.2302316529,-216.0850909,-1.076742881,-1.0783456,"5",1,0.5,0.0005111872673,0.0004547570312,1,TRUE,FALSE,FALSE,NA,NA,0,0,0,0,0,5.523359548e-15,1.035700728e-14,3.865352483e-12,0.2313119132,-215.2892402,-1.072762497,-1.0783456,"NA",1,0.5,0.001785088,0.00158803118,1,TRUE,FALSE,FALSE,NA,NA,2,2,0,2,2,0.001080260352,0.001275964859,0.7958506791,0
"I_50x200",1,50,200,25,5,20263005,TRUE,49,50,49,50,49,50,50,0,24,26,1.394,1.322,1.335,0,0,0,0,0,0,0,5,4,4,0.232523069,-213.0675763,-1.067775432,"5",-1.072940828,-1.062321229,-1.067775432,-1.067775432,NA,NA,5,10,0,5,5,0.001497073378,0.001768780626,1.090527687,0.2360603869,-210.5025352,-1.054946522,-1.067775432,"4",1,0.5,0.004179313749,0.003463402703,1,TRUE,FALSE,FALSE,NA,NA,0,0,0,0,0,1.665334537e-15,8.339001939e-15,1.108446668e-12,0.2285649835,-215.9865037,-1.082374183,-1.067775432,"4|5",0,0.5,0.004676447482,0.00387537807,1,TRUE,FALSE,FALSE,NA,NA,0,0,0,0,0,1.637578961e-15,8.291105705e-15,1.847411113e-12,0.2285649835,-215.9865037,-1.082374183,-1.067775432,"NA",0,0.5,0.004676447482,0.00387537807,1,TRUE,FALSE,FALSE,NA,NA,0,0,0,0,0,1.637578961e-15,8.291105705e-15,1.847411113e-12,0
"I_50x200",1,50,200,25,6,20263006,TRUE,49,50,49,50,49,50,50,0,24,26,1.551,1.256,1.344,0,0,0,0,0,0,0,5,4,4,0.233454589,-215.7234663,-1.062880003,"5",-1.070016136,-1.062880003,-1.062880003,-1.059774814,NA,NA,5,7,2,2,2,0.002592940215,0.7983005165,1.426195523,0.2363095121,-213.4432553,-1.051478319,-1.061803538,"4",1,0.6,0.3980767394,0.5262038679,0.92,FALSE,FALSE,FALSE,NA,NA,0,0,0,0,0,2.636779683e-15,8.494657545e-15,1.818989404e-12,0.233454589,-215.7234663,-1.062880003,-1.062880003,"5",0.7,0.3,4.96414112e-16,8.881784197e-16,1,TRUE,FALSE,FALSE,NA,NA,0,0,0,0,0,7.21644966e-16,8.117894373e-15,6.821210263e-13,0.233454589,-215.7234663,-1.062880003,-1.062880003,"NA",0.7,0.3,4.96414112e-16,8.881784197e-16,1,TRUE,FALSE,FALSE,NA,NA,0,0,0,0,0,7.21644966e-16,8.117894373e-15,6.821210263e-13,0
"I_50x200",1,50,200,25,7,20263007,TRUE,49,50,49,50,49,50,50,0,24,26,1.499,1.417,1.349,0,0,0,0,0,0,0,5,4,4,0.2240859,-219.5240077,-1.100535124,"4",-1.101288019,-1.087712052,-1.102732551,-1.099979612,NA,NA,5,6,5,2,5,0.003548283264,0.7561314697,2.563767133,0.2245030363,-219.4706724,-1.100266014,-1.101849623,"1",0.2,0.2,0.6293567278,0.6232724904,0.8,FALSE,FALSE,FALSE,NA,NA,0,0,0,0,0,7.771561172e-16,8.032342709e-15,5.115907697e-13,0.2276341832,-217.2901368,-1.089357747,-1.102732551,"5",0.7,0.1,0.5675402752,0.5971512042,0.84,FALSE,FALSE,FALSE,NA,NA,0,0,0,0,0,1.998401444e-15,8.089627693e-15,1.364242053e-12,0.2276341832,-217.2901368,-1.089357747,-1.102732551,"NA",0.7,0.1,0.5675402752,0.5971512042,0.84,FALSE,FALSE,FALSE,NA,NA,0,0,0,0,0,1.998401444e-15,8.089627693e-15,1.364242053e-12,0
"I_50x200",1,50,200,25,8,20263008,TRUE,49,50,49,50,49,50,50,0,24,26,1.446,1.352,1.354,0,0,0,0,0,0,0,5,4,4,0.2386249384,-212.5457923,-1.047664268,"5",-1.047664268,-1.047664268,-1.047664268,-1.047664268,NA,NA,5,10,0,0,0,1.998401444e-15,8.329449914e-15,1.278976924e-12,0.2386249384,-212.3529178,-1.04670176,-1.04670176,"4",1,1,0.4063835228,0.4357426783,0.92,FALSE,FALSE,TRUE,NA,NA,0,0,0,0,0,1.998401444e-15,8.349109322e-15,9.663381206e-13,0.2309244318,-218.1192863,-1.075540023,-1.047664268,"5",0,0.5,0.009166798298,0.007268992391,1,TRUE,FALSE,FALSE,NA,NA,0,0,0,0,0,4.468647674e-15,9.580095731e-15,3.296918294e-12,0.2309244318,-218.1192863,-1.075540023,-1.047664268,"NA",0,0.5,0.009166798298,0.007268992391,1,TRUE,FALSE,FALSE,NA,NA,0,0,0,0,0,4.468647674e-15,9.580095731e-15,3.296918294e-12,0
"I_50x200",1,50,200,25,9,20263009,TRUE,49,50,49,50,49,50,50,0,24,26,1.472,1.326,1.292,0,0,0,0,0,0,0,5,4,4,0.223929546,-223.7988163,-1.10097485,"5",-1.108790105,-1.10097485,-1.10097485,-1.098722849,NA,NA,5,10,2,3,3,0.002551725162,0.6857793232,1.562029966,0.2235829019,-224.1296639,-1.10262819,-1.101309057,"1",0.6,0,0.4887088777,0.4801298416,0.88,FALSE,FALSE,FALSE,NA,NA,0,0,0,0,0,2.303712776e-15,8.920039734e-15,1.278976924e-12,0.2225184903,-224.8750815,-1.106357635,-1.10097485,"5",0.5,0.3,0.001651932395,0.001213072643,1,TRUE,FALSE,FALSE,NA,NA,0,0,0,0,0,4.662936703e-15,9.456859246e-15,3.296918294e-12,0.2225184903,-224.8750815,-1.106357635,-1.10097485,"NA",0.5,0.3,0.001651932395,0.001213072643,1,TRUE,FALSE,FALSE,NA,NA,1,1,0,0,0,4.662936703e-15,9.456859246e-15,3.296918294e-12,0
"I_50x200",1,50,200,25,10,20263010,TRUE,49,50,49,50,49,50,50,0,24,26,1.493,1.262,1.394,0,0,0,0,0,0,0,5,4,4,0.2272589733,-218.0108044,-1.08645425,"4",-1.093742979,-1.084314262,-1.086167158,-1.085527339,NA,NA,5,10,5,4,5,0.002070372678,0.7596077708,1.457229154,0.229951837,-216.1628746,-1.07721175,-1.087231864,"4",1,0,0.6235291612,0.6792882235,0.8,FALSE,FALSE,FALSE,NA,NA,0,0,0,0,0,2.02615702e-15,8.227121749e-15,2.01794137e-12,0.2272589733,-218.166339,-1.087231864,-1.087231864,"4",0.4,0,0.624531167,0.6803682672,0.8,FALSE,FALSE,TRUE,NA,NA,0,0,0,0,0,3.524958103e-15,8.994385113e-15,2.387423592e-12,0.2272589733,-218.166339,-1.087231864,-1.087231864,"NA",0.4,0,0.624531167,0.6803682672,0.8,FALSE,FALSE,TRUE,NA,NA,1,1,1,0,1,3.524958103e-15,0.6156273977,0.2058904136,0
"I_50x200",1,50,200,25,11,20263011,TRUE,49,50,49,50,49,50,50,0,24,26,1.41,1.262,1.371,0,0,0,0,0,0,0,5,4,4,0.22716953,-218.2616641,-1.083628675,"6",-1.085007382,-1.080952676,-1.085007382,-1.083932995,NA,NA,5,10,5,3,5,0.0008820417133,0.7794624855,0.5347740952,0.2302347271,-216.4868553,-1.074746748,-1.086147192,"4",1,0,0.815855316,0.7815500844,0.64,FALSE,FALSE,FALSE,NA,NA,0,0,0,0,0,2.525757381e-15,8.38296186e-15,2.01794137e-12,0.2302347271,-216.4868553,-1.074746748,-1.086147192,"4",1,0,0.815855316,0.7815500844,0.64,FALSE,FALSE,FALSE,NA,NA,0,0,0,0,0,2.525757381e-15,8.38296186e-15,2.01794137e-12,0.2274114156,-218.4766384,-1.084700026,-1.08560544,"NA",0.2,0,0.8605506902,0.7643589716,0.6,FALSE,FALSE,FALSE,NA,NA,5,5,5,5,5,0.002823311544,0.3932449625,1.989783039,0
"I_50x200",1,50,200,25,12,20263012,TRUE,49,50,49,50,49,50,50,0,24,26,1.437,1.258,1.617,0,0,0,0,0,0,0,5,4,4,0.2264256419,-217.0248355,-1.092358584,"5",-1.102714046,-1.083501354,-1.092358584,-1.09085484,NA,NA,5,10,1,5,5,0.003132581472,0.4810875066,2.069806298,0.2278350807,-215.8349788,-1.086408604,-1.091689225,"2",0.8,0.8,0.5509958651,0.59631486,0.84,FALSE,FALSE,FALSE,NA,NA,0,0,0,0,0,3.247402347e-15,8.59388915e-15,2.529532139e-12,0.2330727532,-212.104117,-1.067747948,-1.092358584,"5",1,0.4,0.007800916194,0.007594472441,1,TRUE,FALSE,FALSE,NA,NA,0,0,0,0,0,5.828670879e-16,8.00562465e-15,3.410605132e-13,0.2330727532,-212.104117,-1.067747948,-1.092358584,"NA",1,0.4,0.007800916194,0.007594472441,1,TRUE,FALSE,FALSE,NA,NA,0,0,0,0,0,5.828670879e-16,8.00562465e-15,3.410605132e-13,0
"I_50x200",1,50,200,25,13,20263013,TRUE,49,50,49,50,49,50,50,0,24,26,1.425,1.28,1.299,0,0,0,0,0,0,0,5,4,4,0.2251409159,-219.7264902,-1.095170152,"1",-1.096929727,-1.074605596,-1.096188134,-1.095148083,NA,NA,5,9,5,5,5,0.005784353356,0.5648959872,4.111429695,0.2449021992,-205.598295,-1.024507456,-1.095991681,"4",1,0.8,0.4898551653,0.5146531772,0.88,FALSE,FALSE,FALSE,NA,NA,0,0,0,0,0,1.498801083e-15,8.399841029e-15,1.193711796e-12,0.2256852952,-219.4799388,-1.093936038,-1.095991681,"4",0.2,0.8,0.495158805,0.5267324796,0.88,FALSE,FALSE,FALSE,NA,NA,0,0,0,0,0,1.970645869e-15,8.238105054e-15,1.193711796e-12,0.2256852952,-219.4799388,-1.093936038,-1.095991681,"NA",0.2,0.8,0.495158805,0.5267324796,0.88,FALSE,FALSE,FALSE,NA,NA,2,2,2,0,2,1.970645869e-15,0.3998095299,0.04631738368,0
"I_50x200",1,50,200,25,14,20263014,TRUE,49,50,49,50,49,50,50,0,24,26,1.452,1.298,1.29,0,0,0,0,0,0,0,5,4,4,0.2227791814,-222.5860483,-1.103516668,"2",-1.103773235,-1.103516668,-1.103516668,-1.103146619,NA,NA,5,8,1,1,1,0.0001638738713,0.482162419,0.05125288079,0.2283009738,-218.6005549,-1.083581041,-1.104421045,"4",1,0,0.5550984648,0.5032867091,0.84,FALSE,FALSE,FALSE,NA,NA,0,0,0,0,0,1.942890293e-15,8.122290365e-15,1.648459147e-12,0.2266381133,-219.8442271,-1.089801137,-1.104421045,"4",1,0,0.5556841235,0.5046963514,0.84,FALSE,FALSE,FALSE,NA,NA,0,0,0,0,0,4.218847494e-15,9.15194315e-15,3.240074875e-12,0.2281425381,-218.6150031,-1.083654411,-1.103903082,"NA",1,0,0.6174731781,0.6151828522,0.8,FALSE,FALSE,FALSE,NA,NA,5,5,5,5,5,0.001504424838,0.3835510119,1.229224019,0
"I_50x200",1,50,200,25,15,20263015,TRUE,49,50,49,50,49,50,50,0,24,26,1.337,1.273,1.359,0,0,0,0,0,0,0,5,4,4,0.2301131511,-216.2861028,-1.078745739,"5",-1.087274155,-1.08109231,-1.078745739,-1.078745739,NA,NA,5,10,0,5,5,0.002295412917,0.002703563101,1.705197811,0.2202854838,-223.6265163,-1.115458543,-1.078302778,"4",0,1,0.401727948,0.4900831903,0.92,FALSE,FALSE,FALSE,NA,NA,0,0,0,0,0,3.302913498e-15,9.040543124e-15,2.330580173e-12,0.2252713391,-219.9040416,-1.096840539,-1.078745739,"5",0,0.5,0.005702740421,0.004531676939,1,TRUE,FALSE,FALSE,NA,NA,0,0,0,0,0,4.968248035e-15,9.864058863e-15,3.751665645e-12,0.2252713391,-219.9040416,-1.096840539,-1.078745739,"NA",0,0.5,0.005702740421,0.004531676939,1,TRUE,FALSE,FALSE,NA,NA,0,0,0,0,0,4.968248035e-15,9.864058863e-15,3.751665645e-12,0
"I_50x200",1,50,200,25,16,20263016,TRUE,49,50,49,50,49,50,50,0,24,26,1.396,1.331,1.407,0,0,0,0,0,0,0,5,4,4,0.2239795807,-223.2495993,-1.09898053,"5",-1.105527096,-1.09898053,-1.09898053,-1.09898053,NA,NA,5,7,0,3,3,0.001715476018,0.002008124888,1.30896345,0.2279573149,-220.4123369,-1.084787675,-1.099769945,"4",1,0,0.2792085062,0.3399625452,0.96,FALSE,FALSE,FALSE,NA,NA,0,0,0,0,0,4.94049246e-15,9.987777861e-15,3.666400517e-12,0.2222713466,-224.7114949,-1.106289355,-1.099769945,"4",0,0,0.2802641414,0.3404024864,0.96,FALSE,FALSE,FALSE,NA,NA,0,0,0,0,0,3.247402347e-15,8.561528107e-15,2.444267011e-12,0.2222713466,-224.6203818,-1.105834934,-1.099315807,"NA",0,0,0.4004255411,0.4648914761,0.92,FALSE,FALSE,FALSE,NA,NA,4,4,4,0,4,3.247402347e-15,0.4011942891,0.0911131294,0
"I_50x200",1,50,200,25,17,20263017,TRUE,49,50,49,50,49,50,50,0,24,26,1.645,1.325,1.333,0,0,0,0,0,0,0,5,4,4,0.2259708237,-222.5896673,-1.096365007,"5",-1.096815212,-1.096365007,-1.096365007,-1.096365007,NA,NA,5,10,0,2,2,0.0001194640724,0.0001402349042,0.09001524166,0.2270847549,-221.009362,-1.088469045,-1.092653971,"2",1,1,0.8121665264,0.6537478915,0.68,FALSE,FALSE,FALSE,NA,NA,0,0,0,0,0,3.247402347e-15,9.013561918e-15,2.50111043e-12,0.2178550396,-228.8203652,-1.12752717,-1.096365007,"5",0,0.5,0.009526849258,0.007914065299,1,TRUE,FALSE,FALSE,NA,NA,0,0,0,0,0,3.524958103e-15,9.058285465e-15,2.671640686e-12,0.2178550396,-228.8203652,-1.12752717,-1.096365007,"NA",0,0.5,0.009526849258,0.007914065299,1,TRUE,FALSE,FALSE,NA,NA,0,0,0,0,0,3.524958103e-15,9.058285465e-15,2.671640686e-12,0
"I_50x200",1,50,200,25,18,20263018,TRUE,49,50,49,50,49,50,50,0,24,26,1.353,1.308,1.378,0,0,0,0,0,0,0,5,4,4,0.2356154242,-211.1041047,-1.05655202,"5",-1.065352327,-1.05655202,-1.05655202,-1.05655202,NA,NA,5,10,0,4,4,0.002427484996,0.002882342948,1.759547001,0.2324673253,-213.2306278,-1.067189447,-1.055758942,"4",0,1,0.4659385627,0.4189629867,0.88,FALSE,FALSE,FALSE,NA,NA,0,0,0,0,0,2.775557562e-15,8.637827616e-15,2.700062396e-12,0.2324673253,-213.3896698,-1.067983178,-1.05655202,"5",0,0.5,0.003737984218,0.003034436515,1,TRUE,FALSE,FALSE,NA,NA,0,0,0,0,0,2.775557562e-15,8.542765285e-15,2.614797268e-12,0.2324673253,-213.3896698,-1.067983178,-1.05655202,"NA",0,0.5,0.003737984218,0.003034436515,1,TRUE,FALSE,FALSE,NA,NA,0,0,0,0,0,2.775557562e-15,8.542765285e-15,2.614797268e-12,0
"I_50x200",1,50,200,25,19,20263019,TRUE,49,50,49,50,49,50,50,0,24,26,1.352,1.298,1.329,0,0,0,0,0,0,0,5,4,4,0.220397248,-221.5721354,-1.113094412,"1",-1.115583356,-1.112426947,-1.113543454,-1.11254464,NA,NA,5,10,5,5,5,0.0005270113732,0.4985368074,0.4979599165,0.2382893168,-208.5628851,-1.048027407,-1.11442352,"4",1,0,0.6645277058,0.5462943131,0.76,FALSE,FALSE,FALSE,NA,NA,0,0,0,0,0,1.887379142e-15,8.292485571e-15,1.421085472e-12,0.2257106196,-217.8413171,-1.094432908,-1.114720533,"5",1,0,0.5438082932,0.4803182616,0.84,FALSE,FALSE,FALSE,NA,NA,0,0,0,0,0,2.02615702e-15,8.143044288e-15,2.160049917e-12,0.2257106196,-217.8413171,-1.094432908,-1.114720533,"NA",1,0,0.5438082932,0.4803182616,0.84,FALSE,FALSE,FALSE,NA,NA,0,0,0,0,0,2.02615702e-15,8.143044288e-15,2.160049917e-12,0
"I_50x200",1,50,200,25,20,20263020,TRUE,49,50,49,50,49,50,50,0,24,26,1.594,1.552,1.32,0,0,0,0,0,0,0,5,4,4,0.227641411,-216.6192301,-1.085566696,"5",-1.094896121,-1.084787381,-1.085566696,-1.085566696,NA,NA,5,10,0,2,2,0.002482013151,0.002921623092,1.865372114,0.2293872447,-215.0685703,-1.077814035,-1.084312377,"4",1,1,0.6283843639,0.6530386864,0.8,FALSE,FALSE,FALSE,NA,NA,0,0,0,0,0,2.192690474e-15,8.392991004e-15,1.392663762e-12,0.2271339863,-216.9988577,-1.08746536,-1.085566696,"5",0.2,0.5,0.0005972989245,0.000490731517,1,TRUE,FALSE,FALSE,NA,NA,0,0,0,0,0,3.247402347e-15,8.849558264e-15,2.813749234e-12,0.2271339863,-216.9988577,-1.08746536,-1.085566696,"NA",0.2,0.5,0.0005972989245,0.000490731517,1,TRUE,FALSE,FALSE,NA,NA,0,0,0,0,0,3.247402347e-15,8.849558264e-15,2.813749234e-12,0
"I_50x200",1,50,200,25,21,20263021,TRUE,49,50,49,50,49,50,50,0,24,26,1.337,1.366,1.346,0,0,0,0,0,0,0,5,4,4,0.2266770267,-224.3772336,-1.088499277,"2",-1.088904979,-1.088639181,-1.088904979,-1.088639181,NA,NA,5,10,5,0,5,4.607425552e-15,0.41401187,0.0813539374,0.2367148819,-217.3190046,-1.053193215,-1.090034791,"4",1,0,0.6849293527,0.5606280801,0.76,FALSE,FALSE,FALSE,NA,NA,0,0,0,0,0,1.304512054e-15,8.208896125e-15,1.023181539e-12,0.2262492748,-225.0066123,-1.091642348,-1.090034791,"4",0,0,0.68954059,0.5647975349,0.76,FALSE,FALSE,FALSE,NA,NA,0,0,0,0,0,3.330669074e-15,8.890515883e-15,2.785327524e-12,0.2262492748,-225.0066123,-1.091642348,-1.090034791,"NA",0,0,0.68954059,0.5647975349,0.76,FALSE,FALSE,FALSE,NA,NA,0,0,0,0,0,3.330669074e-15,8.890515883e-15,2.785327524e-12,0
"I_50x200",1,50,200,25,22,20263022,TRUE,49,50,49,50,49,50,50,0,24,26,1.367,1.377,1.256,0,0,0,0,0,0,0,5,4,4,0.2247044945,-219.4823794,-1.095139557,"1|2",-1.108308303,-1.094748705,-1.096992884,-1.095139557,NA,NA,5,7,2,4,4,0.003448733367,0.6255420974,2.633054359,0.2274620768,-217.671118,-1.086078002,-1.096457953,"4",1,0.2,0.6122103094,0.7950361506,0.8,FALSE,FALSE,FALSE,NA,NA,0,0,0,0,0,3.552713679e-15,8.866358264e-15,3.041122909e-12,0.2274620768,-217.7783145,-1.086612261,-1.096992884,"5",1,0.1,0.5563535605,0.81556593,0.84,FALSE,FALSE,FALSE,NA,NA,0,0,0,0,0,3.552713679e-15,8.811825836e-15,2.870592652e-12,0.2274620768,-217.7783145,-1.086612261,-1.096992884,"NA",1,0.1,0.5563535605,0.81556593,0.84,FALSE,FALSE,FALSE,NA,NA,1,1,0,0,0,3.552713679e-15,8.811825836e-15,2.870592652e-12,0
"I_50x200",1,50,200,25,23,20263023,TRUE,49,50,49,50,49,50,50,0,24,26,1.549,1.355,1.52,0,0,0,0,0,0,0,5,4,4,0.2216812941,-228.6051185,-1.106810013,"5",-1.114899719,-1.106810013,-1.106810013,-1.106810013,NA,NA,5,8,0,1,1,0.002095391092,0.00244893094,1.617520367,0.2286139781,-223.3828253,-1.080690332,-1.106899844,"4",1,0,0.4067780199,0.3985453922,0.92,FALSE,FALSE,FALSE,NA,NA,0,0,0,0,0,5.856426455e-15,1.044910518e-14,4.661160347e-12,0.2273092968,-224.3562773,-1.08555893,-1.106899844,"4",1,0,0.4071242876,0.3992112802,0.92,FALSE,FALSE,FALSE,NA,NA,0,0,0,0,0,2.053912596e-15,8.233522942e-15,2.188471626e-12,0.2273092968,-224.3562773,-1.08555893,-1.106899844,"NA",1,0,0.4071242876,0.3992112802,0.92,FALSE,FALSE,FALSE,NA,NA,0,0,0,0,0,2.053912596e-15,8.233522942e-15,2.188471626e-12,0
"I_50x200",1,50,200,25,24,20263024,TRUE,49,50,49,50,49,50,50,0,24,26,1.322,1.285,1.32,0,0,0,0,0,0,0,5,4,4,0.2190377578,-222.5392553,-1.117713403,"2",-1.117872022,-1.115685226,-1.117872022,-1.117713403,NA,NA,5,8,1,1,2,0.0005220021371,0.4255499003,0.4055301413,0.2268339617,-217.0845029,-1.090427492,-1.120212218,"4",1,0,0.5729795755,0.5060993871,0.84,FALSE,FALSE,FALSE,NA,NA,0,0,0,0,0,1.804112415e-15,8.290080217e-15,1.733724275e-12,0.2245040571,-218.8517213,-1.099265822,-1.120262609,"5",1,0,0.5767085521,0.5107473612,0.84,FALSE,FALSE,FALSE,NA,NA,0,0,0,0,0,1.082467449e-15,8.138745319e-15,7.105427358e-13,0.2245040571,-218.8517213,-1.099265822,-1.120262609,"NA",1,0,0.5767085521,0.5107473612,0.84,FALSE,FALSE,FALSE,NA,NA,0,0,0,0,0,1.082467449e-15,8.138745319e-15,7.105427358e-13,0
"I_50x200",1,50,200,25,25,20263025,TRUE,49,50,49,50,49,50,50,0,24,26,1.345,1.307,1.288,0,0,0,0,0,0,0,5,4,4,0.2365566322,-217.6447821,-1.052712467,"5",-1.0527667,-1.039374618,-1.052712467,-1.049411669,NA,NA,5,10,1,5,5,0.003745599861,0.6987260285,2.666779384,0.2326089767,-219.9740087,-1.064365428,-1.050068463,"2",0,0.8,0.6216620009,0.4859373873,0.8,FALSE,FALSE,FALSE,NA,NA,0,0,0,0,0,8.326672685e-16,8.053253146e-15,4.263256415e-13,0.2331919521,-219.1457123,-1.060227244,-1.048059324,"6",0,1,0.7502789864,0.6359051182,0.72,FALSE,FALSE,FALSE,NA,NA,0,0,0,0,0,9.992007222e-16,8.046031347e-15,3.126388037e-13,0.2331919521,-219.1457123,-1.060227244,-1.048059324,"NA",0,1,0.7502789864,0.6359051182,0.72,FALSE,FALSE,FALSE,NA,NA,2,2,0,0,0,9.992007222e-16,8.046031347e-15,3.126388037e-13,0
"I_50x200",1,50,200,25,26,20263026,TRUE,49,50,49,50,49,50,50,0,24,26,1.427,1.285,1.282,0,0,0,0,0,0,0,5,4,4,0.230582444,-214.8369074,-1.070320489,"2",-1.086445589,-1.070320489,-1.070320489,-1.070320489,NA,NA,5,7,0,1,1,0.004330842786,0.005123380791,3.224152244,0.2231919964,-220.3866943,-1.098076011,-1.070362949,"1",0,0,0.8173555664,0.7685538368,0.64,FALSE,FALSE,FALSE,NA,NA,0,0,0,0,0,2.609024108e-15,8.519187704e-15,2.131628207e-12,0.2330965384,-212.8744705,-1.06050765,-1.06972337,"6",1,1,0.4020018717,0.3579013046,0.92,FALSE,FALSE,FALSE,NA,NA,0,0,0,0,0,1.110223025e-15,8.256273724e-15,7.105427358e-13,0.2330965384,-212.8744705,-1.06050765,-1.06972337,"NA",1,1,0.4020018717,0.3579013046,0.92,FALSE,FALSE,FALSE,NA,NA,2,2,1,1,1,0.001614970967,0.676833139,1.274167537,0
"I_50x200",1,50,200,25,27,20263027,TRUE,49,50,49,50,49,50,50,0,24,26,1.297,1.343,1.343,0,0,0,0,0,0,0,5,4,4,0.2365848558,-213.3669852,-1.055384495,"5",-1.058615249,-1.055384495,-1.055384495,-1.055384495,NA,NA,5,6,0,3,3,0.0008979220338,0.001065218748,0.6459560601,0.2356869338,-213.6408908,-1.05675941,-1.053529204,"4",0.6,1,0.5524604182,0.5203772524,0.84,FALSE,FALSE,FALSE,NA,NA,0,0,0,0,0,3.469446952e-15,8.847317187e-15,2.47268872e-12,0.2356869338,-214.0129413,-1.058615249,-1.055384495,"5",0.3,0.5,0.001065218748,0.0008511455803,1,TRUE,FALSE,FALSE,NA,NA,0,0,0,0,0,3.469446952e-15,9.061024163e-15,2.643218977e-12,0.2356869338,-214.0129413,-1.058615249,-1.055384495,"NA",0.3,0.5,0.001065218748,0.0008511455803,1,TRUE,FALSE,FALSE,NA,NA,0,0,0,0,0,3.469446952e-15,9.061024163e-15,2.643218977e-12,0
"I_50x200",1,50,200,25,28,20263028,TRUE,49,50,49,50,49,50,50,0,24,26,1.324,1.3,1.28,0,0,0,0,0,0,0,5,4,4,0.2216758487,-219.3497253,-1.109846712,"5",-1.110029481,-1.109846712,-1.109846712,-1.109846712,NA,NA,5,10,0,2,2,4.755865152e-05,5.559841898e-05,0.03654401456,0.2205404397,-220.1231176,-1.11371564,-1.109341178,"4",0,1,0.4040915662,0.5049653984,0.92,FALSE,FALSE,FALSE,NA,NA,0,0,0,0,0,2.803313137e-15,8.581651564e-15,2.273736754e-12,0.2235587384,-217.9094386,-1.102643325,-1.109846712,"5",1,0.5,0.002201191289,0.001866833576,1,TRUE,FALSE,FALSE,NA,NA,0,0,0,0,0,7.244205236e-15,1.167623397e-14,5.940137271e-12,0.2235587384,-217.9094386,-1.102643325,-1.109846712,"NA",1,0.5,0.002201191289,0.001866833576,1,TRUE,FALSE,FALSE,NA,NA,0,0,0,0,0,7.244205236e-15,1.167623397e-14,5.940137271e-12,0
"I_50x200",1,50,200,25,29,20263029,TRUE,49,50,49,50,49,50,50,0,24,26,1.452,1.275,1.315,0,0,0,0,0,0,0,5,4,4,0.2250283815,-224.4989382,-1.092465077,"5",-1.093789067,-1.07418997,-1.092465077,-1.092465077,NA,NA,5,9,0,3,3,0.0048869672,0.005723988638,3.654041215,0.2310429291,-219.9698663,-1.069813493,-1.092247859,"4",1,1,0.4066644828,0.4249681485,0.92,FALSE,FALSE,FALSE,NA,NA,0,0,0,0,0,2.664535259e-15,8.557433656e-15,1.961097951e-12,0.2316073468,-219.5986353,-1.067956952,-1.092465077,"5",1,0.5,0.007705785733,0.005723868484,1,TRUE,FALSE,FALSE,NA,NA,0,0,0,0,0,3.913536162e-15,9.084820958e-15,2.160049917e-12,0.2316073468,-219.5986353,-1.067956952,-1.092465077,"NA",1,0.5,0.007705785733,0.005723868484,1,TRUE,FALSE,FALSE,NA,NA,0,0,0,0,0,3.913536162e-15,9.084820958e-15,2.160049917e-12,0
"I_50x200",1,50,200,25,30,20263030,TRUE,49,50,49,50,49,50,50,0,24,26,1.453,1.564,1.367,0,0,0,0,0,0,0,5,4,4,0.2316309588,-219.3525524,-1.073051968,"5",-1.079063372,-1.077996422,-1.073051968,-1.073051968,NA,NA,5,7,0,5,5,0.001631583722,0.001927289014,1.201933901,0.2372534768,-215.2468952,-1.052517773,-1.07289974,"4",1,1,0.2855208189,0.3883715035,0.96,FALSE,FALSE,FALSE,NA,NA,0,0,0,0,0,8.881784197e-16,8.073012265e-15,7.673861546e-13,0.2345838653,-217.1995545,-1.062283824,-1.073051968,"5",1,0.5,0.003488085885,0.002553709203,1,TRUE,FALSE,FALSE,NA,NA,0,0,0,0,0,1.360023205e-15,8.090186133e-15,1.136868377e-12,0.2345838653,-217.1995545,-1.062283824,-1.073051968,"NA",1,0.5,0.003488085885,0.002553709203,1,TRUE,FALSE,FALSE,NA,NA,0,0,0,0,0,1.360023205e-15,8.090186133e-15,1.136868377e-12,0
"I_50x200",1,50,200,25,31,20263031,TRUE,49,50,49,50,49,50,50,0,24,26,1.303,1.279,1.322,0,0,0,0,0,0,0,5,4,4,0.2243241412,-221.715071,-1.098983474,"5",-1.098983474,-1.095550665,-1.098983474,-1.098983474,NA,NA,5,10,0,1,1,0.0009063623746,0.001063045755,0.6863725766,0.2290246596,-217.9278469,-1.080045795,-1.097691977,"4",1,1,0.5476037674,0.6281380921,0.84,FALSE,FALSE,FALSE,NA,NA,0,0,0,0,0,5.273559367e-16,7.925144067e-15,5.115907697e-13,0.2252305036,-221.0286984,-1.095550665,-1.098983474,"5",0.9,0.5,0.001063045755,0.0009713738077,1,TRUE,FALSE,FALSE,NA,NA,0,0,0,0,0,5.828670879e-16,7.981978611e-15,5.115907697e-13,0.2252305036,-221.0286984,-1.095550665,-1.098983474,"NA",0.9,0.5,0.001063045755,0.0009713738077,1,TRUE,FALSE,FALSE,NA,NA,0,0,0,0,0,5.828670879e-16,7.981978611e-15,5.115907697e-13,0
"I_50x200",1,50,200,25,32,20263032,TRUE,49,50,49,50,49,50,50,0,24,26,1.365,1.3,1.311,0,0,0,0,0,0,0,5,4,4,0.2246818441,-221.392843,-1.098923778,"5",-1.10482918,-1.092710355,-1.098923778,-1.098923778,NA,NA,5,10,0,2,2,0.001645933613,0.001932355982,1.242337334,0.2242051551,-221.6258513,-1.100091065,-1.098282819,"4",0.2,1,0.3942282491,0.3976089744,0.92,FALSE,FALSE,FALSE,NA,NA,0,0,0,0,0,8.049116929e-16,8.08053257e-15,4.547473509e-13,0.2220136301,-223.427076,-1.109097745,-1.098923778,"5",0,0.5,0.003132531699,0.002603440389,1,TRUE,FALSE,FALSE,NA,NA,0,0,0,0,0,4.996003611e-16,8.013960433e-15,4.547473509e-13,0.2220136301,-223.427076,-1.109097745,-1.098923778,"NA",0,0.5,0.003132531699,0.002603440389,1,TRUE,FALSE,FALSE,NA,NA,0,0,0,0,0,4.996003611e-16,8.013960433e-15,4.547473509e-13,0
"I_50x200",1,50,200,25,33,20263033,TRUE,49,50,49,50,49,50,50,0,24,26,1.31,1.28,1.513,0,0,0,0,0,0,0,5,4,4,0.2241780379,-225.3345375,-1.100656282,"5",-1.106906403,-1.100656282,-1.100656282,-1.100656282,NA,NA,5,9,0,3,3,0.001639316813,0.001918646864,1.249681848,0.2210907026,-227.7081278,-1.112527041,-1.100715965,"4",0,0,0.281536841,0.295641005,0.96,FALSE,FALSE,FALSE,NA,NA,0,0,0,0,0,3.719247132e-15,8.802081199e-15,2.671640686e-12,0.2241780379,-225.3465577,-1.100715965,-1.100715965,"4",0.6,0,0.2809186935,0.2959326862,0.96,FALSE,FALSE,TRUE,NA,NA,0,0,0,0,0,2.137179322e-15,8.311328053e-15,1.47792889e-12,0.2241780379,-225.3465577,-1.100715965,-1.100715965,"NA",0.6,0,0.2809186935,0.2959326862,0.96,FALSE,FALSE,TRUE,NA,NA,0,0,0,0,0,2.137179322e-15,8.311328053e-15,1.47792889e-12,0
"I_50x200",1,50,200,25,34,20263034,TRUE,49,50,49,50,49,50,50,0,24,26,1.407,1.299,1.272,0,0,0,0,0,0,0,5,4,4,0.2187290109,-226.1278377,-1.119116396,"5",-1.110313133,-1.099165995,-1.119116396,-1.119116396,NA,NA,5,10,0,5,5,0.00518385385,0.006042225855,3.989031065,0.2278557493,-219.0652515,-1.083794569,-1.118599419,"4",1,1,0.5664120415,0.5380647182,0.84,FALSE,FALSE,FALSE,NA,NA,0,0,0,0,0,2.91433544e-15,8.498966226e-15,1.818989404e-12,0.2250450144,-221.2804098,-1.094872857,-1.119116396,"5",1,0.5,0.007361843308,0.005392039149,1,TRUE,FALSE,FALSE,NA,NA,0,0,0,0,0,7.21644966e-15,1.167282386e-14,5.059064279e-12,0.2254761698,-220.9546905,-1.093243821,-1.119116396,"NA",1,0.5,0.007864391855,0.005760121071,1,TRUE,FALSE,FALSE,NA,NA,4,4,1,4,4,0.0004311553853,0.4982457789,0.3303809408,0
"I_50x200",1,50,200,25,35,20263035,TRUE,49,50,49,50,49,50,50,0,24,26,1.45,1.288,1.321,0,0,0,0,0,0,0,5,4,4,0.2234306041,-223.2915852,-1.099874914,"2",-1.099874914,-1.099874914,-1.099874914,-1.099874914,NA,NA,5,9,0,0,0,3.025357742e-15,8.475938314e-15,2.47268872e-12,0.2256543834,-221.8333025,-1.092579581,-1.101010361,"4",1,0,0.6639865557,0.5718543133,0.76,FALSE,FALSE,FALSE,NA,NA,0,0,0,0,0,3.60822483e-15,8.913812115e-15,3.296918294e-12,0.2256543834,-221.9241168,-1.093033307,-1.101464197,"5",1,0,0.67813115,0.58343229,0.76,FALSE,FALSE,FALSE,NA,NA,0,0,0,0,0,3.60822483e-15,8.919753435e-15,3.154809747e-12,0.2245372156,-222.7688028,-1.097257889,-1.101464197,"NA",1,0,0.6785896564,0.5836896685,0.76,FALSE,FALSE,FALSE,NA,NA,5,5,0,5,5,0.001250748391,0.001468147305,0.9453938748,0
"I_50x200",1,50,200,25,36,20263036,TRUE,49,50,49,50,49,50,50,0,24,26,1.368,1.284,1.314,0,0,0,0,0,0,0,5,4,4,0.2219740526,-230.3049694,-1.106760648,"5",-1.098599333,-1.08943298,-1.106760648,-1.106760648,NA,NA,5,10,0,5,5,0.004564523569,0.00533955439,3.464600994,0.2310970414,-223.3594874,-1.072023709,-1.106296756,"4",1,1,0.5397890071,0.4907019984,0.84,FALSE,FALSE,FALSE,NA,NA,0,0,0,0,0,1.1379786e-15,8.170805064e-15,9.379164112e-13,0.2219417942,-230.3297177,-1.106884423,-1.106760648,"5",0,0.5,3.773564812e-05,2.86009201e-05,1,TRUE,FALSE,FALSE,NA,NA,0,0,0,0,0,2.442490654e-15,8.440013381e-15,2.643218977e-12,0.2219417942,-230.3297177,-1.106884423,-1.106760648,"NA",0,0.5,3.773564812e-05,2.86009201e-05,1,TRUE,FALSE,FALSE,NA,NA,2,2,0,0,0,2.442490654e-15,8.440013381e-15,2.643218977e-12,0
"I_50x200",1,50,200,25,37,20263037,TRUE,49,50,49,50,49,50,50,0,24,26,1.321,1.296,1.347,0,0,0,0,0,0,0,5,4,4,0.2359025244,-210.1507597,-1.054472554,"5",-1.097796764,-1.054472554,-1.054472554,-1.054472554,NA,NA,5,9,0,3,3,0.01171774972,0.01391478994,8.662420982,0.2273579999,-216.2995683,-1.085227128,-1.053866539,"4",0.2,1,0.3956894089,0.3530549136,0.92,FALSE,FALSE,FALSE,NA,NA,0,0,0,0,0,1.887379142e-15,8.214354048e-15,1.421085472e-12,0.2224627318,-220.1259025,-1.104362127,-1.054472554,"5",0,0.5,0.01595971028,0.01200484545,1,TRUE,FALSE,FALSE,NA,NA,0,0,0,0,0,3.247402347e-15,8.756787405e-15,1.875832822e-12,0.2224627318,-220.1259025,-1.104362127,-1.054472554,"NA",0,0.5,0.01595971028,0.01200484545,1,TRUE,FALSE,FALSE,NA,NA,0,0,0,0,0,3.247402347e-15,8.756787405e-15,1.875832822e-12,0
"I_50x200",1,50,200,25,38,20263038,TRUE,49,50,49,50,49,50,50,0,24,26,1.409,1.255,1.307,0,0,0,0,0,0,0,5,4,4,0.2279326194,-219.5857778,-1.086382263,"5",-1.086382263,-1.079706679,-1.086382263,-1.086382263,NA,NA,5,10,0,4,4,0.001795692101,0.002110888075,1.334738959,0.2317101323,-216.6499206,-1.07170068,-1.085680004,"4",1,1,0.3808602186,0.6142720167,0.92,FALSE,FALSE,FALSE,NA,NA,0,0,0,0,0,1.082467449e-15,8.111741285e-15,9.663381206e-13,0.2232454534,-222.9810927,-1.103365352,-1.085680004,"4",0,1,0.3830478318,0.6178011454,0.92,FALSE,FALSE,FALSE,NA,NA,0,0,0,0,0,1.304512054e-15,8.145320008e-15,4.831690603e-13,0.2279326194,-219.5857778,-1.086382263,-1.086382263,"NA",0.1,0.5,2.597198666e-16,4.440892099e-16,1,TRUE,FALSE,FALSE,NA,NA,4,4,3,3,3,0.004687166023,0.4860674962,3.395314922,0
"I_50x200",1,50,200,25,39,20263039,TRUE,49,50,49,50,49,50,50,0,24,26,1.309,1.282,1.358,0,0,0,0,0,0,0,5,4,4,0.228540208,-218.5233962,-1.084410313,"5",-1.118961623,-1.091858182,-1.084410313,-1.084410313,NA,NA,5,9,0,5,5,0.009088341757,0.01067520635,6.9083694,0.228540208,-218.4997664,-1.084292203,-1.084292203,"4",1,1,0.3915911342,0.5098566783,0.92,FALSE,FALSE,TRUE,NA,NA,0,0,0,0,0,3.691491557e-15,9.007982334e-15,2.756905815e-12,0.228540208,-218.5233962,-1.084410313,-1.084410313,"5",1,0.5,0,0,1,TRUE,TRUE,TRUE,NA,NA,0,0,0,0,0,3.691491557e-15,9.124085224e-15,2.671640686e-12,0.228540208,-218.5233962,-1.084410313,-1.084410313,"NA",1,0.5,0,0,1,TRUE,TRUE,TRUE,NA,NA,0,0,0,0,0,3.691491557e-15,9.124085224e-15,2.671640686e-12,0
"I_50x200",1,50,200,25,40,20263040,TRUE,49,50,49,50,49,50,50,0,24,26,1.449,1.284,1.285,0,0,0,0,0,0,0,5,4,4,0.2273757352,-220.5055408,-1.085859861,"5",-1.094572956,-1.077726057,-1.085859861,-1.085859861,NA,NA,5,8,0,3,3,0.002316142855,0.002726816637,1.742141935,0.2365083527,-213.5526341,-1.051086243,-1.084561798,"2",1,1,0.6231468355,0.5844535294,0.8,FALSE,FALSE,FALSE,NA,NA,0,0,0,0,0,1.165734176e-15,8.117081162e-15,6.821210263e-13,0.2377223991,-212.9428431,-1.048035577,-1.085859861,"5",1,0.5,0.01218122417,0.009053575681,1,TRUE,FALSE,FALSE,NA,NA,0,0,0,0,0,2.220446049e-15,8.351099194e-15,1.591615728e-12,0.2377223991,-212.9428431,-1.048035577,-1.085859861,"NA",1,0.5,0.01218122417,0.009053575681,1,TRUE,FALSE,FALSE,NA,NA,0,0,0,0,0,2.220446049e-15,8.351099194e-15,1.591615728e-12,0
"I_50x200",1,50,200,25,41,20263041,TRUE,49,50,49,50,49,50,50,0,24,26,1.367,1.295,1.403,0,0,0,0,0,0,0,5,4,4,0.2239202695,-220.9938222,-1.102443608,"5",-1.102443608,-1.087195057,-1.102443608,-1.102443608,NA,NA,5,10,0,3,3,0.004047301938,0.004743537655,3.048851949,0.2246069207,-220.3183743,-1.099068088,-1.101674989,"4",0.4,1,0.4801395107,0.582265913,0.88,FALSE,FALSE,FALSE,NA,NA,0,0,0,0,0,3.691491557e-15,8.682870779e-15,2.955857781e-12,0.2239202695,-220.9938222,-1.102443608,-1.102443608,"5",0.2,0.5,0,0,1,TRUE,TRUE,TRUE,NA,NA,0,0,0,0,0,4.024558464e-15,9.640594886e-15,2.671640686e-12,0.2239202695,-220.9938222,-1.102443608,-1.102443608,"NA",0.2,0.5,0,0,1,TRUE,TRUE,TRUE,NA,NA,4,4,0,0,0,4.024558464e-15,9.640594886e-15,2.671640686e-12,0
"I_50x200",1,50,200,25,42,20263042,TRUE,49,50,49,50,49,50,50,0,24,26,1.382,1.262,1.423,0,0,0,0,0,0,0,5,4,4,0.2321765601,-215.2682262,-1.06895242,"5",-1.071393866,-1.063146654,-1.06895242,-1.06895242,NA,NA,5,10,0,5,5,0.001591312401,0.0018837694,1.160818038,0.2253699785,-220.2806947,-1.094022193,-1.068711603,"4",0,1,0.5045605041,0.5043153218,0.88,FALSE,FALSE,FALSE,NA,NA,0,0,0,0,0,1.915134717e-15,8.34836081e-15,8.810729923e-13,0.2290384984,-217.5819011,-1.080524083,-1.06895242,"5",0,0.5,0.003714785737,0.002833295306,1,TRUE,FALSE,FALSE,NA,NA,0,0,0,0,0,3.330669074e-15,8.783282949e-15,2.444267011e-12,0.2290384984,-217.5819011,-1.080524083,-1.06895242,"NA",0,0.5,0.003714785737,0.002833295306,1,TRUE,FALSE,FALSE,NA,NA,0,0,0,0,0,3.330669074e-15,8.783282949e-15,2.444267011e-12,0
"I_50x200",1,50,200,25,43,20263043,TRUE,49,50,49,50,49,50,50,0,24,26,1.422,1.313,1.317,0,0,0,0,0,0,0,5,4,4,0.2240247244,-222.500565,-1.099206725,"5",-1.111226432,-1.082805934,-1.099206725,-1.099206725,NA,NA,5,10,0,5,5,0.004359567371,0.005100405811,3.279265396,0.2290028832,-218.7367555,-1.08038226,-1.099083949,"4",1,1,0.2863075207,0.4456253315,0.96,FALSE,FALSE,FALSE,NA,NA,0,0,0,0,0,2.47024623e-15,8.552809365e-15,2.046363079e-12,0.2290028832,-218.7612916,-1.080505257,-1.099206725,"5",1,0.5,0.005824116829,0.004923385391,1,TRUE,FALSE,FALSE,NA,NA,0,0,0,0,0,2.47024623e-15,8.517047602e-15,1.847411113e-12,0.2290028832,-218.7612916,-1.080505257,-1.099206725,"NA",1,0.5,0.005824116829,0.004923385391,1,TRUE,FALSE,FALSE,NA,NA,0,0,0,0,0,2.47024623e-15,8.517047602e-15,1.847411113e-12,0
"I_50x200",1,50,200,25,44,20263044,TRUE,49,50,49,50,49,50,50,0,24,26,1.412,1.319,1.284,0,0,0,0,0,0,0,5,4,4,0.2377534667,-213.0593496,-1.051411057,"5",-1.051411057,-1.051411057,-1.051411057,-1.051411057,NA,NA,5,8,0,0,0,2.91433544e-15,8.691703394e-15,1.875832822e-12,0.2377534667,-212.9843458,-1.051036554,-1.051036554,"4",1,1,0.4067410477,0.4659392158,0.92,FALSE,FALSE,TRUE,NA,NA,0,0,0,0,0,2.91433544e-15,8.65234812e-15,2.074784788e-12,0.2377534667,-213.0593496,-1.051411057,-1.051411057,"5",0.5,0.5,0,0,1,TRUE,TRUE,TRUE,NA,NA,0,0,0,0,0,2.91433544e-15,8.691703394e-15,1.875832822e-12,0.2377534667,-213.0593496,-1.051411057,-1.051411057,"NA",0.5,0.5,0,0,1,TRUE,TRUE,TRUE,NA,NA,1,1,0,0,0,2.91433544e-15,8.691703394e-15,1.875832822e-12,0
"I_50x200",1,50,200,25,45,20263045,TRUE,49,50,49,50,49,50,50,0,24,26,1.367,1.272,1.286,0,0,0,0,0,0,0,5,4,4,0.2267920833,-222.9161287,-1.091677477,"5",-1.11216138,-1.091625572,-1.091677477,-1.091677477,NA,NA,5,9,0,5,5,0.005390652967,0.00633120269,4.095646387,0.224129896,-224.8819965,-1.101509974,-1.091458214,"4",0.4,1,0.3938747386,0.3625545923,0.92,FALSE,FALSE,FALSE,NA,NA,0,0,0,0,0,2.664535259e-15,8.580458748e-15,2.330580173e-12,0.2283553689,-221.7473571,-1.085831962,-1.091677477,"5",1,0.5,0.001836044361,0.001638791277,1,TRUE,FALSE,FALSE,NA,NA,0,0,0,0,0,4.191091918e-15,9.274323114e-15,3.240074875e-12,0.2283553689,-221.7473571,-1.085831962,-1.091677477,"NA",1,0.5,0.001836044361,0.001638791277,1,TRUE,FALSE,FALSE,NA,NA,0,0,0,0,0,4.191091918e-15,9.274323114e-15,3.240074875e-12,0
"I_50x200",1,50,200,25,46,20263046,TRUE,49,50,49,50,49,50,50,0,24,26,1.269,1.265,1.349,0,0,0,0,0,0,0,5,4,4,0.2313387383,-218.1665438,-1.073572867,"5",-1.082313169,-1.074325261,-1.073572867,-1.073572867,NA,NA,5,9,0,5,5,0.002365408891,0.002792171759,1.747564278,0.234321795,-215.9382866,-1.062428113,-1.073318732,"4",1,1,0.4051373494,0.5459809394,0.92,FALSE,FALSE,FALSE,NA,NA,0,0,0,0,0,5.19029264e-15,9.925015866e-15,3.353761713e-12,0.2295652159,-219.4750607,-1.080117312,-1.073572867,"5",0.8,0.5,0.002093498149,0.001808575267,1,TRUE,FALSE,FALSE,NA,NA,0,0,0,0,0,1.804112415e-15,8.071860096e-15,1.392663762e-12,0.2295652159,-219.4750607,-1.080117312,-1.073572867,"NA",0.8,0.5,0.002093498149,0.001808575267,1,TRUE,FALSE,FALSE,NA,NA,0,0,0,0,0,1.804112415e-15,8.071860096e-15,1.392663762e-12,0
"I_50x200",1,50,200,25,47,20263047,TRUE,49,50,49,50,49,50,50,0,24,26,1.368,1.347,1.312,0,0,0,0,0,0,0,5,4,4,0.2309997131,-215.7829702,-1.072671077,"1",-1.072671077,-1.071345655,-1.075500113,-1.072458359,NA,NA,5,8,3,2,3,0.001035103146,0.6216045235,0.2650963856,0.23910389,-209.9236383,-1.04336665,-1.072662178,"1",1,0.6,0.7442056991,0.8067871541,0.72,FALSE,FALSE,FALSE,NA,NA,0,0,0,0,0,1.387778781e-15,8.096559143e-15,5.96855898e-13,0.2379852201,-211.2873591,-1.050180136,-1.075500113,"5",1,0.1,0.6193213289,0.5040180209,0.8,FALSE,FALSE,FALSE,NA,NA,0,0,0,0,0,4.413136523e-15,9.432263492e-15,3.0127012e-12,0.2345111737,-213.7853487,-1.062673853,-1.075500113,"NA",1,0.1,0.6206458069,0.5038739374,0.8,FALSE,FALSE,FALSE,NA,NA,5,5,0,5,5,0.003474046395,0.0041265924,2.4979896,0
"I_50x200",1,50,200,25,48,20263048,TRUE,49,50,49,50,49,50,50,0,24,26,1.543,1.555,1.302,0,0,0,0,0,0,0,5,4,4,0.2188151326,-220.7695289,-1.121180078,"5",-1.122396193,-1.109576794,-1.121180078,-1.121180078,NA,NA,5,9,0,5,5,0.003000330835,0.003487670612,2.32003768,0.2218154635,-218.3343821,-1.109002244,-1.120605097,"2",1,1,0.4974438869,0.5738168627,0.88,FALSE,FALSE,FALSE,NA,NA,0,0,0,0,0,9.325873407e-15,1.33366177e-14,7.048583939e-12,0.2258001332,-215.4183261,-1.094416828,-1.121180078,"5",1,0.5,0.008119564986,0.007428049313,1,TRUE,FALSE,FALSE,NA,NA,0,0,0,0,0,1.221245327e-15,8.255208792e-15,7.673861546e-13,0.2258001332,-215.4183261,-1.094416828,-1.121180078,"NA",1,0.5,0.008119564986,0.007428049313,1,TRUE,FALSE,FALSE,NA,NA,0,0,0,0,0,1.221245327e-15,8.255208792e-15,7.673861546e-13,0
"I_50x200",1,50,200,25,49,20263049,TRUE,49,50,49,50,49,50,50,0,24,26,1.28,1.412,1.372,0,0,0,0,0,0,0,5,4,4,0.2290894829,-219.4969011,-1.08009469,"5",-1.110421543,-1.08009469,-1.08009469,-1.08009469,NA,NA,5,10,0,1,1,0.00801861525,0.009449461191,6.063724191,0.2338431253,-216.1025577,-1.063116141,-1.080577629,"4",1,0,0.3906122404,0.4348049438,0.92,FALSE,FALSE,FALSE,NA,NA,0,0,0,0,0,2.858824288e-15,8.881756174e-15,1.620037438e-12,0.2352768259,-215.0641187,-1.057922432,-1.080577629,"4",1,0,0.3902697636,0.4342097088,0.92,FALSE,FALSE,FALSE,NA,NA,0,0,0,0,0,2.664535259e-15,8.386284607e-15,1.961097951e-12,0.2352768259,-215.0641187,-1.057922432,-1.080577629,"NA",1,0,0.3902697636,0.4342097088,0.92,FALSE,FALSE,FALSE,NA,NA,0,0,0,0,0,2.664535259e-15,8.386284607e-15,1.961097951e-12,0
"I_50x200",1,50,200,25,50,20263050,TRUE,49,50,49,50,49,50,50,0,24,26,1.471,1.404,1.245,0,0,0,0,0,0,0,5,4,4,0.2326930114,-215.2522686,-1.062042713,"2",-1.067710283,-1.051973864,-1.06339499,-1.062042713,NA,NA,5,10,4,5,5,0.002774607411,0.7762206028,2.013213069,0.235835002,-213.4624003,-1.053080025,-1.064477192,"1",0.8,0,0.7825645366,0.7913638404,0.68,FALSE,FALSE,FALSE,NA,NA,0,0,0,0,0,3.247402347e-15,8.614197186e-15,2.728484105e-12,0.2355105513,-214.0292061,-1.055915342,-1.066142607,"5",0.4,0,0.7382269866,0.7024143394,0.72,FALSE,FALSE,FALSE,NA,NA,0,0,0,0,0,1.276756478e-15,8.064134211e-15,9.663381206e-13,0.2355105513,-214.0292061,-1.055915342,-1.066142607,"NA",0.4,0,0.7382269866,0.7024143394,0.72,FALSE,FALSE,FALSE,NA,NA,4,4,4,4,4,4.293243016e-05,0.6334512503,0.3513367095,0
"I_100x200",2,100,200,50,1,20264001,TRUE,99,100,99,100,99,100,100,0,49,51,2.024,2.132,2.087,0,0,0,0,0,0,0,5,4,4,0.1485492259,-232.4827264,-1.161809884,"5",-1.166656069,-1.155503317,-1.161809884,-1.161809884,NA,NA,5,9,0,5,5,0.001292726733,0.001309456111,1.260803544,0.1524490176,-228.5200427,-1.141990842,-1.160842131,"4",1,1,0.2594916184,0.2244368907,0.96,FALSE,FALSE,FALSE,NA,NA,0,0,0,0,0,1.054711873e-15,7.571820625e-15,1.335820343e-12,0.150242427,-230.8336374,-1.1535611,-1.161809884,"5",1,0.5,0.001715113112,0.001177127044,1,TRUE,FALSE,FALSE,NA,NA,0,0,0,0,0,3.053113318e-16,7.494056393e-15,4.263256415e-13,0.147430385,-233.5832034,-1.167314472,-1.161809884,"NA",0,0.5,0.001133319982,0.0007778271829,1,TRUE,FALSE,FALSE,NA,NA,5,5,0,4,4,0.002812042021,0.002845668143,2.749566008,0
"I_100x200",2,100,200,50,2,20264002,TRUE,99,100,99,100,99,100,100,0,49,51,2.028,1.968,1.965,0,0,0,0,0,0,0,5,4,4,0.154714666,-222.7108727,-1.128178776,"5",-1.14918602,-1.128178776,-1.128178776,-1.128178776,NA,NA,5,9,0,3,3,0.004408392334,0.004483921514,4.199745787,0.153675033,-223.7412168,-1.133332059,-1.128434558,"4",0.6,0,0.1817470566,0.1904818143,0.98,FALSE,FALSE,FALSE,NA,NA,0,0,0,0,0,9.714451465e-16,7.633806455e-15,7.105427358e-13,0.1487941137,-228.4323391,-1.156797096,-1.128434558,"4",0,0,0.1823746574,0.1918748907,0.98,FALSE,FALSE,FALSE,NA,NA,0,0,0,0,0,1.637578961e-15,7.727415873e-15,1.165290087e-12,0.1487941137,-228.3808914,-1.156540294,-1.128178776,"NA",0,0.5,0.006021989346,0.003775002206,1,TRUE,FALSE,FALSE,NA,NA,5,5,5,0,5,1.637578961e-15,0.1819642794,0.05144773504,0
"I_100x200",2,100,200,50,3,20264003,TRUE,99,100,99,100,99,100,100,0,49,51,2.034,1.945,1.976,0,0,0,0,0,0,0,5,4,4,0.1509693825,-226.2414388,-1.149204773,"5",-1.149306763,-1.137081449,-1.149204773,-1.149204773,NA,NA,5,10,0,5,5,0.002538363463,0.002572059709,2.42366752,0.1536591263,-223.6027862,-1.136006716,-1.148845912,"4",1,1,0.2702959549,0.2115815527,0.96,FALSE,FALSE,FALSE,NA,NA,0,0,0,0,0,1.276756478e-15,7.542602558e-15,9.094947018e-13,0.1524530984,-224.8196478,-1.142092906,-1.149204773,"5",0.8,0.5,0.001503411969,0.0009304058938,1,TRUE,FALSE,FALSE,NA,NA,0,0,0,0,0,1.110223025e-15,7.521156588e-15,1.080024958e-12,0.1524530984,-224.8196478,-1.142092906,-1.149204773,"NA",0.8,0.5,0.001503411969,0.0009304058938,1,TRUE,FALSE,FALSE,NA,NA,5,5,0,5,5,0.001504883611,0.001526828306,1.442180522,0
"I_100x200",2,100,200,50,4,20264004,TRUE,99,100,99,100,99,100,100,0,49,51,2.198,1.975,1.966,0,0,0,0,0,0,0,5,4,4,0.146231861,-229.7851582,-1.164340533,"2",-1.164872952,-1.155976597,-1.165509692,-1.164340533,NA,NA,5,10,4,1,4,0.001928585978,0.3784107442,1.671758575,0.1498938481,-227.5187188,-1.152993528,-1.170994292,"4",1,0,0.6417259411,0.46813097,0.76,FALSE,FALSE,FALSE,NA,NA,0,0,0,0,0,1.276756478e-15,7.524044044e-15,6.821210263e-13,0.1494069207,-227.1915006,-1.151363431,-1.166990961,"2",1,0,0.5045286875,0.3217548807,0.86,FALSE,FALSE,FALSE,NA,NA,0,0,0,0,0,5.551115123e-16,7.493985962e-15,4.263256415e-13,0.1494069207,-227.1915006,-1.151363431,-1.166990961,"NA",1,0,0.5045286875,0.3217548807,0.86,FALSE,FALSE,FALSE,NA,NA,5,5,2,2,2,0.0004445595288,0.6104934068,1.132761616,0
"I_100x200",2,100,200,50,5,20264005,TRUE,99,100,99,100,99,100,100,0,49,51,1.97,1.861,1.891,0,0,0,0,0,0,0,5,4,4,0.1500537034,-229.4542667,-1.146099867,"5",-1.1457687,-1.125183126,-1.146099867,-1.146099867,NA,NA,5,10,0,5,5,0.00438287472,0.00443636622,4.181681091,0.1500537034,-229.3511682,-1.145585121,-1.145585121,"4",0.2,1,0.3183956922,0.2919446407,0.94,FALSE,FALSE,TRUE,NA,NA,0,0,0,0,0,9.714451465e-16,7.581048789e-15,1.222133506e-12,0.1500537034,-229.4542667,-1.146099867,-1.146099867,"5",0,0.5,0,0,1,TRUE,TRUE,TRUE,NA,NA,0,0,0,0,0,9.714451465e-16,7.571192929e-15,1.364242053e-12,0.1525659837,-227.0419498,-1.134033511,-1.146099867,"NA",0.8,0.5,0.002542941837,0.001611151475,1,TRUE,FALSE,FALSE,NA,NA,5,5,0,4,4,0.002512280307,0.002548526066,2.412316883,0
"I_100x200",2,100,200,50,6,20264006,TRUE,99,100,99,100,99,100,100,0,49,51,1.945,1.814,1.81,0,0,0,0,0,0,0,5,4,4,0.1513325643,-229.0304322,-1.143685335,"5",-1.147443388,-1.141911471,-1.143685335,-1.143685335,NA,NA,5,10,0,5,5,0.0007801352052,0.0007912095818,0.7513086962,0.1564069417,-223.9812249,-1.118431792,-1.142388571,"4",1,1,0.315934435,0.2339402421,0.94,FALSE,FALSE,FALSE,NA,NA,0,0,0,0,0,1.387778781e-15,7.603795458e-15,1.591615728e-12,0.1537500038,-226.7277401,-1.132167188,-1.143685335,"5",1,0.5,0.002451756208,0.001433322302,1,TRUE,FALSE,FALSE,NA,NA,0,0,0,0,0,8.326672685e-16,7.497645691e-15,1.051603249e-12,0.1537500038,-226.7577624,-1.132316515,-1.143835389,"NA",1,0,0.3709138004,0.2694435344,0.92,FALSE,FALSE,FALSE,NA,NA,5,5,5,0,5,8.326672685e-16,0.4498960225,0.03002226755,0
"I_100x200",2,100,200,50,7,20264007,TRUE,99,100,99,100,99,100,100,0,49,51,2.634,2.65,2.523,0,0,0,0,0,0,0,5,4,4,0.1536667832,-225.8632475,-1.134750965,"5",-1.14363209,-1.133373901,-1.134750965,-1.134750965,NA,NA,5,10,0,4,4,0.001865976187,0.001897331239,1.775493867,0.1567463827,-222.9484457,-1.120170826,-1.134584898,"4",1,1,0.1899533739,0.1520141466,0.98,FALSE,FALSE,FALSE,NA,NA,0,0,0,0,0,1.831867991e-15,7.634200405e-15,1.847411113e-12,0.1521644417,-227.2909587,-1.141892464,-1.134750965,"5",0.4,0.5,0.001527586196,0.0009010629154,1,TRUE,FALSE,FALSE,NA,NA,0,0,0,0,0,9.159339953e-16,7.60946163e-15,7.958078641e-13,0.1521644417,-227.2909587,-1.141892464,-1.134750965,"NA",0.4,0.5,0.001527586196,0.0009010629154,1,TRUE,FALSE,FALSE,NA,NA,2,2,0,1,1,0.001130337241,0.001147828634,1.075548472,0
"I_100x200",2,100,200,50,8,20264008,TRUE,99,100,99,100,99,100,100,0,49,51,2.572,2.521,2.548,0,0,0,0,0,0,0,5,4,4,0.1549386831,-222.2138234,-1.132435324,"5",-1.134352944,-1.131515598,-1.132435324,-1.132435324,NA,NA,5,10,0,2,2,0.000408271378,0.0004154903767,0.3833612538,0.1548185437,-222.3823981,-1.133278036,-1.13271428,"4",0.2,0,0.2597340044,0.208692475,0.96,FALSE,FALSE,FALSE,NA,NA,0,0,0,0,0,7.771561172e-16,7.575160435e-15,5.684341886e-13,0.1507550013,-226.2491579,-1.152619926,-1.13271428,"4",0,0,0.2604102872,0.2100736462,0.96,FALSE,FALSE,FALSE,NA,NA,0,0,0,0,0,8.881784197e-16,7.626316862e-15,8.526512829e-13,0.1507550013,-226.2056148,-1.152401303,-1.132494181,"NA",0,0,0.4170056558,0.2654851298,0.9,FALSE,FALSE,FALSE,NA,NA,5,5,5,1,5,0.0006668727767,0.4523566813,0.5732880054,0
"I_100x200",2,100,200,50,9,20264009,TRUE,99,100,99,100,99,100,100,0,49,51,2.464,2.419,2.373,0,0,0,0,0,0,0,5,4,4,0.1514105614,-228.6186258,-1.145757863,"5",-1.150761953,-1.144418231,-1.145757863,-1.145757863,NA,NA,5,10,0,5,5,0.001038150812,0.001053355837,1.000411951,0.1501583903,-229.5154342,-1.150247147,-1.144208327,"4",0.8,1,0.3323920603,0.21090605,0.94,FALSE,FALSE,FALSE,NA,NA,0,0,0,0,0,6.383782392e-16,7.532671267e-15,5.400124792e-13,0.1498424977,-230.1324682,-1.153330141,-1.145757863,"5",0,0.5,0.001591029965,0.0009310989727,1,TRUE,FALSE,FALSE,NA,NA,0,0,0,0,0,1.193489751e-15,7.541866011e-15,8.526512829e-13,0.1498424977,-230.1324682,-1.153330141,-1.145757863,"NA",0,0.5,0.001591029965,0.0009310989727,1,TRUE,FALSE,FALSE,NA,NA,1,1,0,0,0,1.193489751e-15,7.541866011e-15,8.526512829e-13,0
"I_100x200",2,100,200,50,10,20264010,TRUE,99,100,99,100,99,100,100,0,49,51,2.488,2.33,2.471,0,0,0,0,0,0,0,5,4,4,0.1512872885,-232.3042158,-1.142263326,"5",-1.150046199,-1.142263326,-1.142263326,-1.142263326,NA,NA,5,10,0,2,2,0.001611009432,0.001635075369,1.555959463,0.1532141622,-230.4022085,-1.132749772,-1.141945668,"4",1,1,0.2662400409,0.2510644395,0.96,FALSE,FALSE,FALSE,NA,NA,0,0,0,0,0,1.054711873e-15,7.61790867e-15,7.389644452e-13,0.1520325583,-231.5902551,-1.138692098,-1.142263326,"5",1,0.5,0.0007564028976,0.0004377111461,1,TRUE,FALSE,FALSE,NA,NA,0,0,0,0,0,1.193489751e-15,7.611873979e-15,7.389644452e-13,0.1520325583,-231.5902551,-1.138692098,-1.142263326,"NA",1,0.5,0.0007564028976,0.0004377111461,1,TRUE,FALSE,FALSE,NA,NA,2,2,0,0,0,1.193489751e-15,7.611873979e-15,7.389644452e-13,0
"I_100x200",2,100,200,50,11,20264011,TRUE,99,100,99,100,99,100,100,0,49,51,2.446,2.441,2.345,0,0,0,0,0,0,0,5,4,4,0.1500167803,-228.034949,-1.146268939,"2",-1.14659624,-1.14388593,-1.1506006,-1.146268939,NA,NA,5,9,2,2,3,0.0008479695257,0.7119461759,0.476414429,0.1526036223,-226.1961537,-1.13706808,-1.149495222,"4",1,0.2,0.6267219046,0.4655161972,0.76,FALSE,FALSE,FALSE,NA,NA,0,0,0,0,0,1.415534356e-15,7.566734278e-15,1.364242053e-12,0.1508647498,-228.0826314,-1.146501851,-1.1506006,"5",0.3,0.1,0.605667421,0.4449837895,0.78,FALSE,FALSE,FALSE,NA,NA,0,0,0,0,0,1.915134717e-15,7.617656564e-15,1.733724275e-12,0.1508647498,-228.0826314,-1.146501851,-1.1506006,"NA",0.3,0.1,0.605667421,0.4449837895,0.78,FALSE,FALSE,FALSE,NA,NA,4,4,0,0,0,1.915134717e-15,7.617656564e-15,1.733724275e-12,0
"I_100x200",2,100,200,50,12,20264012,TRUE,99,100,99,100,99,100,100,0,49,51,2.444,2.363,2.444,0,0,0,0,0,0,0,5,4,4,0.1516042413,-229.6264955,-1.139985551,"2",-1.146624826,-1.139985551,-1.139985551,-1.139985551,NA,NA,5,10,0,3,3,0.001378118953,0.001397493183,1.327324809,0.1520031736,-229.5966696,-1.139832828,-1.141743426,"1",1,0,0.5860583457,0.6184504004,0.8,FALSE,FALSE,FALSE,NA,NA,0,0,0,0,0,1.360023205e-15,7.574574581e-15,9.663381206e-13,0.1523555957,-229.4514173,-1.139106035,-1.142700089,"4|5",1,0,0.5174037286,0.3418362212,0.84,FALSE,FALSE,FALSE,NA,NA,0,0,0,0,0,7.771561172e-16,7.542747311e-15,6.821210263e-13,0.1523555957,-229.4514173,-1.139106035,-1.142700089,"NA",1,0,0.5174037286,0.3418362212,0.84,FALSE,FALSE,FALSE,NA,NA,5,5,2,1,3,0.002256035738,0.1914688488,2.135412574,0
"I_100x200",2,100,200,50,13,20264013,TRUE,99,100,99,100,99,100,100,0,49,51,2.45,2.366,2.409,0,0,0,0,0,0,0,5,4,4,0.1507014995,-230.9315872,-1.147363799,"5",-1.147363799,-1.147363799,-1.147363799,-1.147363799,NA,NA,5,10,0,0,0,1.082467449e-15,7.472958347e-15,4.831690603e-13,0.1518683964,-229.768344,-1.141545817,-1.147154529,"4",1,1,0.1908268997,0.2277440048,0.98,FALSE,FALSE,FALSE,NA,NA,0,0,0,0,0,1.415534356e-15,7.57909854e-15,1.108446668e-12,0.1453699564,-236.1728468,-1.173580441,-1.147363799,"5",0,0.5,0.005401015159,0.003258306019,1,TRUE,FALSE,FALSE,NA,NA,0,0,0,0,0,9.436895709e-16,7.500145068e-15,8.810729923e-13,0.1453699564,-236.1728468,-1.173580441,-1.147363799,"NA",0,0.5,0.005401015159,0.003258306019,1,TRUE,FALSE,FALSE,NA,NA,5,5,0,0,0,9.436895709e-16,7.500145068e-15,8.810729923e-13,0
"I_100x200",2,100,200,50,14,20264014,TRUE,99,100,99,100,99,100,100,0,49,51,2.537,2.443,2.671,0,0,0,0,0,0,0,5,4,4,0.1503398818,-232.0453202,-1.153384951,"5",-1.16313693,-1.146022079,-1.153384951,-1.153384951,NA,NA,5,10,0,5,5,0.002000501389,0.002028280438,1.949600842,0.152111418,-230.1395614,-1.143854742,-1.152376893,"4",1,1,0.2587728589,0.2484938294,0.96,FALSE,FALSE,FALSE,NA,NA,0,0,0,0,0,6.938893904e-16,7.574735746e-15,7.389644452e-13,0.1500644938,-232.312091,-1.154719353,-1.153384951,"5",0.6,0.5,0.0002792120767,0.000164707118,1,TRUE,FALSE,FALSE,NA,NA,0,0,0,0,0,5.273559367e-16,7.572405401e-15,5.684341886e-13,0.1500644938,-232.312091,-1.154719353,-1.153384951,"NA",0.6,0.5,0.0002792120767,0.000164707118,1,TRUE,FALSE,FALSE,NA,NA,5,5,0,0,0,5.273559367e-16,7.572405401e-15,5.684341886e-13,0
"I_100x200",2,100,200,50,15,20264015,TRUE,99,100,99,100,99,100,100,0,49,51,2.48,2.508,2.496,0,0,0,0,0,0,0,5,4,4,0.1491327382,-226.2114257,-1.155511933,"5",-1.15704889,-1.153957638,-1.155511933,-1.155511933,NA,NA,5,10,0,2,2,0.000319015802,0.0003224897657,0.3107363029,0.1503616806,-225.1147584,-1.150024223,-1.155993853,"4",1,0,0.3265161509,0.2195684385,0.94,FALSE,FALSE,FALSE,NA,NA,0,0,0,0,0,1.33226763e-15,7.640364048e-15,1.307398634e-12,0.1477201159,-227.6927686,-1.162919386,-1.155993853,"4",0,0,0.3270403908,0.2196707683,0.94,FALSE,FALSE,FALSE,NA,NA,0,0,0,0,0,1.110223025e-15,7.561835434e-15,1.136868377e-12,0.1484490236,-226.9936289,-1.1594215,-1.156077882,"NA",0,0,0.3776510398,0.2388709153,0.92,FALSE,FALSE,FALSE,NA,NA,4,4,4,4,4,0.002774567288,0.3762131131,2.806292391,0
"I_100x200",2,100,200,50,16,20264016,TRUE,99,100,99,100,99,100,100,0,49,51,2.567,2.433,2.422,0,0,0,0,0,0,0,5,4,4,0.1458784838,-234.6089973,-1.169889513,"5",-1.162951395,-1.162172068,-1.169889513,-1.169889513,NA,NA,5,10,0,5,5,0.001554971189,0.001565230286,1.542895728,0.1515206041,-229.0794495,-1.142231297,-1.169835125,"4",1,1,0.318737632,0.3004357049,0.94,FALSE,FALSE,FALSE,NA,NA,0,0,0,0,0,3.885780586e-16,7.54228741e-15,3.694822226e-13,0.1474769874,-233.0231518,-1.161957235,-1.169889513,"5",1,0.5,0.001609049851,0.000985387763,1,TRUE,FALSE,FALSE,NA,NA,0,0,0,0,0,1.471045508e-15,7.56151357e-15,1.080024958e-12,0.1474769874,-233.0231518,-1.161957235,-1.169889513,"NA",1,0.5,0.001609049851,0.000985387763,1,TRUE,FALSE,FALSE,NA,NA,2,2,0,2,2,0.001441783712,0.001453302375,1.415071145,0
"I_100x200",2,100,200,50,17,20264017,TRUE,99,100,99,100,99,100,100,0,49,51,2.637,2.549,2.456,0,0,0,0,0,0,0,5,4,4,0.1528051805,-227.9954729,-1.138648169,"5",-1.147121054,-1.142493818,-1.138648169,-1.138648169,NA,NA,5,9,0,5,5,0.001770457529,0.001799316896,1.693886043,0.157469881,-223.606068,-1.116691895,-1.138534335,"4",1,1,0.2625739461,0.2087993419,0.96,FALSE,FALSE,FALSE,NA,NA,0,0,0,0,0,8.604228441e-16,7.462782573e-15,6.821210263e-13,0.151034723,-229.6893589,-1.147121054,-1.138648169,"5",0.3,0.5,0.001799316896,0.001068931455,1,TRUE,FALSE,FALSE,NA,NA,0,0,0,0,0,9.714451465e-16,7.431602742e-15,7.673861546e-13,0.1510962529,-229.8083382,-1.147713067,-1.139534542,"NA",0,0,0.3680577124,0.2597697782,0.92,FALSE,FALSE,FALSE,NA,NA,5,5,5,5,5,6.152988978e-05,0.3655470537,0.1189792789,0
"I_100x200",2,100,200,50,18,20264018,TRUE,99,100,99,100,99,100,100,0,49,51,2.549,2.421,2.538,0,0,0,0,0,0,0,5,4,4,0.1529369792,-224.8826188,-1.134667261,"1",-1.144795009,-1.135229832,-1.135229832,-1.134491173,NA,NA,5,8,4,4,5,0.0020828498,0.7161858524,2.024729933,0.1538490131,-225.0598812,-1.135544662,-1.139866564,"4",0.8,0,0.5571105941,0.3336880911,0.82,FALSE,FALSE,FALSE,NA,NA,0,0,0,0,0,7.494005416e-16,7.495099098e-15,8.242295735e-13,0.1523855167,-226.4489461,-1.142492873,-1.139866564,"4",0.8,0,0.5575544647,0.3341679259,0.82,FALSE,FALSE,FALSE,NA,NA,0,0,0,0,0,7.771561172e-16,7.515923298e-15,6.536993169e-13,0.1508541294,-227.7759496,-1.149132344,-1.139161743,"NA",0,0,0.5286593408,0.347199313,0.84,FALSE,FALSE,FALSE,NA,NA,5,5,5,5,5,0.002451200979,0.416385751,2.275765813,0
"I_100x200",2,100,200,50,19,20264019,TRUE,99,100,99,100,99,100,100,0,49,51,2.554,2.478,2.588,0,0,0,0,0,0,0,5,4,4,0.1551521095,-225.0304781,-1.123063767,"2",-1.126771801,-1.11821844,-1.123063767,-1.123063767,NA,NA,5,10,0,5,5,0.001038620425,0.001061543703,0.9686597417,0.1586493629,-222.6889736,-1.111343827,-1.127533419,"4",1,0,0.5678333842,0.3947520913,0.8,FALSE,FALSE,FALSE,NA,NA,0,0,0,0,0,1.526556659e-15,7.619190128e-15,1.278976924e-12,0.1561907299,-224.1374616,-1.118596342,-1.123441793,"2",0.8,0,0.5982972824,0.3921724205,0.78,FALSE,FALSE,FALSE,NA,NA,0,0,0,0,0,5.273559367e-16,7.586150414e-15,5.96855898e-13,0.1561907299,-224.1374616,-1.118596342,-1.123441793,"NA",0.8,0,0.5982972824,0.3921724205,0.78,FALSE,FALSE,FALSE,NA,NA,5,5,0,0,0,5.273559367e-16,7.586150414e-15,5.96855898e-13,0
"I_100x200",2,100,200,50,20,20264020,TRUE,99,100,99,100,99,100,100,0,49,51,2.562,2.393,2.479,0,0,0,0,0,0,0,5,4,4,0.1503841426,-226.1226236,-1.145511041,"6",-1.147565994,-1.146291441,-1.149071414,-1.145511041,NA,NA,5,10,3,5,5,0.000412343622,0.6620841354,0.4108397948,0.1492858711,-227.8510031,-1.154156477,-1.148825677,"4",0,0.2,0.7136304057,0.4546175946,0.7,FALSE,FALSE,FALSE,NA,NA,0,0,0,0,0,6.938893904e-16,7.506243023e-15,8.526512829e-13,0.1507964862,-226.436405,-1.147080429,-1.149071414,"5",0.5,0.1,0.6620841354,0.474251237,0.74,FALSE,FALSE,FALSE,NA,NA,0,0,0,0,0,6.661338148e-16,7.507213427e-15,8.810729923e-13,0.1516344667,-225.8177208,-1.143982617,-1.150003661,"NA",1,0,0.6902791717,0.4234318617,0.72,FALSE,FALSE,FALSE,NA,NA,3,3,3,3,3,0.0008379804616,0.3274565742,0.6186841801,0
"I_100x200",2,100,200,50,21,20264021,TRUE,99,100,99,100,99,100,100,0,49,51,2.515,2.437,2.486,0,0,0,0,0,0,0,5,4,4,0.1542792082,-227.6091697,-1.132142039,"5",-1.132142039,-1.125580152,-1.132142039,-1.132142039,NA,NA,5,10,0,4,4,0.001399772509,0.001425683139,1.31182572,0.1572028215,-224.8109634,-1.118145522,-1.131780901,"4",1,1,0.3758689844,0.381661382,0.92,FALSE,FALSE,FALSE,NA,NA,0,0,0,0,0,1.276756478e-15,7.560405929e-15,1.136868377e-12,0.1542792082,-227.6091697,-1.132142039,-1.132142039,"5",0.1,0.5,6.360507284e-16,4.440892099e-16,1,TRUE,FALSE,FALSE,NA,NA,0,0,0,0,0,1.026956298e-15,7.502672257e-15,1.278976924e-12,0.1542792082,-227.6091697,-1.132142039,-1.132142039,"NA",0.1,0.5,6.360507284e-16,4.440892099e-16,1,TRUE,FALSE,FALSE,NA,NA,4,4,0,1,1,0.003998804283,0.00407282455,3.715188809,0
"I_100x200",2,100,200,50,22,20264022,TRUE,99,100,99,100,99,100,100,0,49,51,2.487,2.526,2.422,0,0,0,0,0,0,0,5,4,4,0.1564809614,-226.2809173,-1.119841308,"5",-1.122328269,-1.121724183,-1.119841308,-1.119841308,NA,NA,5,10,0,5,5,0.000535017076,0.0005466164277,0.4971823952,0.1542227812,-228.3331852,-1.130107119,-1.119549281,"4",0,1,0.1836681905,0.171370293,0.98,FALSE,FALSE,FALSE,NA,NA,0,0,0,0,0,1.082467449e-15,7.467927322e-15,6.536993169e-13,0.1532851332,-229.219094,-1.134538495,-1.119549281,"4",0,1,0.1837809481,0.1713873105,0.98,FALSE,FALSE,FALSE,NA,NA,0,0,0,0,0,1.026956298e-15,7.514584517e-15,1.108446668e-12,0.155442149,-226.8342737,-1.12261356,-1.117777963,"NA",0,1,0.3132648726,0.2507630852,0.94,FALSE,FALSE,FALSE,NA,NA,3,3,3,3,3,0.002157015788,0.4041355178,2.384820238,0
"I_100x200",2,100,200,50,23,20264023,TRUE,99,100,99,100,99,100,100,0,49,51,2.569,2.54,2.762,0,0,0,0,0,0,0,5,4,4,0.1535695607,-226.8258814,-1.135103611,"5",-1.135103611,-1.135103611,-1.135103611,-1.135103611,NA,NA,5,10,0,0,0,8.049116929e-16,7.533943448e-15,7.673861546e-13,0.1589174877,-221.8845288,-1.110385673,-1.135242253,"4",1,0,0.1809822839,0.2396205798,0.98,FALSE,FALSE,FALSE,NA,NA,0,0,0,0,0,6.938893904e-16,7.587728929e-15,7.958078641e-13,0.1513811992,-228.9394914,-1.145675251,-1.135242253,"4",0,0,0.1817430858,0.2416673486,0.98,FALSE,FALSE,FALSE,NA,NA,0,0,0,0,0,8.326672685e-16,7.533425253e-15,5.400124792e-13,0.1513811992,-228.9115135,-1.145536036,-1.135103611,"NA",0,0.5,0.002223442805,0.001270718264,1,TRUE,FALSE,FALSE,NA,NA,5,5,3,1,4,0.0002918569402,0.367616383,0.2799685134,0
"I_100x200",2,100,200,50,24,20264024,TRUE,99,100,99,100,99,100,100,0,49,51,2.48,2.435,2.501,0,0,0,0,0,0,0,5,4,4,0.1577549204,-222.4207318,-1.115280717,"5",-1.115280717,-1.115280717,-1.115280717,-1.115280717,NA,NA,5,10,0,0,0,6.938893904e-16,7.515431207e-15,7.673861546e-13,0.1573845236,-222.5940223,-1.116148277,-1.114442154,"4",0,1,0.3694569365,0.300154074,0.92,FALSE,FALSE,FALSE,NA,NA,0,0,0,0,0,9.992007222e-16,7.562208766e-15,6.821210263e-13,0.1538835981,-226.0278222,-1.133323745,-1.115280717,"5",0,0.5,0.00394581149,0.002517395641,1,TRUE,FALSE,FALSE,NA,NA,0,0,0,0,0,5.273559367e-16,7.48165324e-15,3.97903932e-13,0.1538835981,-226.0278222,-1.133323745,-1.115280717,"NA",0,0.5,0.00394581149,0.002517395641,1,TRUE,FALSE,FALSE,NA,NA,5,5,0,0,0,5.273559367e-16,7.48165324e-15,3.97903932e-13,0
"I_100x200",2,100,200,50,25,20264025,TRUE,99,100,99,100,99,100,100,0,49,51,2.505,2.45,2.467,0,0,0,0,0,0,0,5,4,4,0.152906892,-229.1401286,-1.136621693,"5",-1.136621693,-1.124992433,-1.136621693,-1.136621693,NA,NA,5,8,0,4,4,0.00246720404,0.002508815713,2.3248894,0.1536889525,-228.3854327,-1.132846657,-1.13655402,"4",0.2,1,0.2634181702,0.1907237871,0.96,FALSE,FALSE,FALSE,NA,NA,0,0,0,0,0,6.938893904e-16,7.534388911e-15,5.96855898e-13,0.152906892,-229.1401286,-1.136621693,-1.136621693,"5",0.1,0.5,0,0,1,TRUE,TRUE,TRUE,NA,NA,0,0,0,0,0,1.33226763e-15,7.536451846e-15,1.5063506e-12,0.152906892,-229.1401286,-1.136621693,-1.136621693,"NA",0.1,0.5,0,0,1,TRUE,TRUE,TRUE,NA,NA,3,3,0,0,0,1.33226763e-15,7.536451846e-15,1.5063506e-12,0
"I_100x200",2,100,200,50,26,20264026,TRUE,99,100,99,100,99,100,100,0,49,51,2.462,2.345,2.828,0,0,0,0,0,0,0,5,4,4,0.150623664,-232.2315948,-1.144548092,"5",-1.144548092,-1.138167538,-1.144548092,-1.144548092,NA,NA,5,10,0,3,3,0.001328214612,0.001344774086,1.275604791,0.1548514262,-228.1139635,-1.123952634,-1.144060957,"4",1,1,0.3266101034,0.2546454983,0.94,FALSE,FALSE,FALSE,NA,NA,0,0,0,0,0,1.33226763e-15,7.652069297e-15,7.673861546e-13,0.1483466858,-234.445946,-1.155624175,-1.144548092,"5",0,0.5,0.002305366368,0.001889160548,1,TRUE,FALSE,FALSE,NA,NA,0,0,0,0,0,1.193489751e-15,7.596209358e-15,9.379164112e-13,0.1483466858,-234.4764204,-1.155775402,-1.144698288,"NA",0,0,0.418166252,0.4198859081,0.9,FALSE,FALSE,FALSE,NA,NA,5,5,5,2,5,0.002811358622,0.4246415329,2.647866612,0
"I_100x200",2,100,200,50,27,20264027,TRUE,99,100,99,100,99,100,100,0,49,51,2.526,2.409,2.542,0,0,0,0,0,0,0,5,4,4,0.1561824976,-227.4597164,-1.121202218,"5",-1.139532978,-1.121202218,-1.121202218,-1.121202218,NA,NA,5,10,0,4,4,0.003891506964,0.003967480973,3.664635768,0.153853158,-229.6110371,-1.131963134,-1.121048805,"4",0.2,1,0.1905396087,0.1404486871,0.98,FALSE,FALSE,FALSE,NA,NA,0,0,0,0,0,8.326672685e-16,7.530967355e-15,1.023181539e-12,0.1528245882,-230.6161131,-1.136990746,-1.121202218,"5",0.2,0.5,0.003423466014,0.001970282692,1,TRUE,FALSE,FALSE,NA,NA,0,0,0,0,0,8.881784197e-16,7.572016196e-15,9.094947018e-13,0.1528245882,-230.6295428,-1.137056754,-1.121266752,"NA",0.2,0,0.264766387,0.1998511267,0.96,FALSE,FALSE,FALSE,NA,NA,5,5,5,0,5,8.881784197e-16,0.2635641106,0.01342968213,0
"I_100x200",2,100,200,50,28,20264028,TRUE,99,100,99,100,99,100,100,0,49,51,2.543,2.486,2.441,0,0,0,0,0,0,0,5,4,4,0.1526036638,-226.8598278,-1.131462839,"1",-1.150685125,-1.130172545,-1.132002266,-1.12966684,NA,NA,5,10,5,5,5,0.00399539952,0.4216824948,3.842766717,0.1530887617,-226.7746006,-1.131035128,-1.133340236,"4",0.8,0,0.6200833721,0.4434196184,0.76,FALSE,FALSE,FALSE,NA,NA,0,0,0,0,0,9.436895709e-16,7.561791421e-15,1.051603249e-12,0.1533125904,-226.6805875,-1.130563379,-1.133929857,"5",0.8,0,0.6246226429,0.5699369519,0.76,FALSE,FALSE,FALSE,NA,NA,0,0,0,0,0,9.436895709e-16,7.608887093e-15,8.242295735e-13,0.1533125904,-226.6805875,-1.130563379,-1.133929857,"NA",0.8,0,0.6246226429,0.5699369519,0.76,FALSE,FALSE,FALSE,NA,NA,3,3,0,1,1,0.0001600686335,0.0001626302614,0.151512533,0
"I_100x200",2,100,200,50,29,20264029,TRUE,99,100,99,100,99,100,100,0,49,51,3.05,2.48,2.627,0,0,0,0,0,0,0,5,4,4,0.1578971509,-227.1918966,-1.110602857,"5",-1.116771704,-1.10891113,-1.110602857,-1.110602857,NA,NA,5,9,0,3,3,0.001336662958,0.001362798006,1.233253057,0.1549658029,-229.9062468,-1.124179624,-1.110577978,"4",0,1,0.2616909514,0.2164637971,0.96,FALSE,FALSE,FALSE,NA,NA,0,0,0,0,0,8.326672685e-16,7.549544275e-15,5.96855898e-13,0.153460765,-231.3279626,-1.131291739,-1.110602857,"5",0,0.5,0.004523128148,0.002694179609,1,TRUE,FALSE,FALSE,NA,NA,0,0,0,0,0,3.330669074e-16,7.533387947e-15,7.958078641e-13,0.153460765,-231.3279626,-1.131291739,-1.110602857,"NA",0,0.5,0.004523128148,0.002694179609,1,TRUE,FALSE,FALSE,NA,NA,5,5,1,0,1,3.330669074e-16,0.1910462749,0.03205658331,0
"I_100x200",2,100,200,50,30,20264030,TRUE,99,100,99,100,99,100,100,0,49,51,2.916,2.537,2.549,0,0,0,0,0,0,0,5,4,4,0.1495876348,-232.8540921,-1.155107112,"1",-1.15275298,-1.148609009,-1.155414998,-1.154130401,NA,NA,5,10,5,5,5,0.001139619794,0.3327878487,1.299381923,0.1507727038,-232.4976445,-1.153318853,-1.15906173,"4",0,0,0.5188717021,0.3966549514,0.84,FALSE,FALSE,FALSE,NA,NA,0,0,0,0,0,6.938893904e-16,7.442267436e-15,5.400124792e-13,0.1505871926,-232.6767467,-1.154214734,-1.15906173,"4",0,0,0.5189261079,0.3966826744,0.84,FALSE,FALSE,FALSE,NA,NA,0,0,0,0,0,6.661338148e-16,7.440430859e-15,5.96855898e-13,0.1505871926,-232.6767467,-1.154214734,-1.15906173,"NA",0,0,0.5189261079,0.3966826744,0.84,FALSE,FALSE,FALSE,NA,NA,4,4,4,3,4,0.0001855112505,0.4937422178,0.6054771941,0
"I_100x200",2,100,200,50,31,20264031,TRUE,99,100,99,100,99,100,100,0,49,51,2.607,2.732,2.705,0,0,0,0,0,0,0,5,4,4,0.1525599664,-231.3461105,-1.142264821,"5",-1.168125052,-1.142264821,-1.142264821,-1.142264821,NA,NA,5,10,0,2,2,0.005326870263,0.005410818473,5.169951996,0.1531518081,-230.8241704,-1.139653284,-1.142468352,"4",1,0,0.2660604263,0.2509001201,0.96,FALSE,FALSE,FALSE,NA,NA,0,0,0,0,0,7.21644966e-16,7.480182699e-15,5.115907697e-13,0.15042267,-233.438434,-1.152729992,-1.142468352,"4",0.4,0,0.2665322511,0.2507327606,0.96,FALSE,FALSE,FALSE,NA,NA,0,0,0,0,0,5.273559367e-16,7.46951057e-15,5.115907697e-13,0.15042267,-233.438434,-1.152729992,-1.142468352,"NA",0.4,0,0.2665322511,0.2507327606,0.96,FALSE,FALSE,FALSE,NA,NA,5,5,5,0,5,5.273559367e-16,0.3800147481,0.05013900113,0
"I_100x200",2,100,200,50,32,20264032,TRUE,99,100,99,100,99,100,100,0,49,51,2.577,2.455,2.428,0,0,0,0,0,0,0,5,4,4,0.1501163851,-228.6930697,-1.148445425,"5",-1.148445425,-1.13948275,-1.148445425,-1.148445425,NA,NA,5,10,0,2,2,0.001862117221,0.001887138906,1.791818036,0.1548807281,-224.1328949,-1.125635894,-1.148340447,"4",1,1,0.3194322998,0.2716779052,0.94,FALSE,FALSE,FALSE,NA,NA,0,0,0,0,0,8.049116929e-16,7.656531905e-15,6.252776075e-13,0.1523365309,-226.5593673,-1.137772638,-1.148445425,"5",1,0.5,0.002249978405,0.001477353555,1,TRUE,FALSE,FALSE,NA,NA,0,0,0,0,0,1.720845688e-15,7.762830332e-15,1.364242053e-12,0.1523365309,-226.5593673,-1.137772638,-1.148445425,"NA",1,0.5,0.002249978405,0.001477353555,1,TRUE,FALSE,FALSE,NA,NA,5,5,0,0,0,1.720845688e-15,7.762830332e-15,1.364242053e-12,0
"I_100x200",2,100,200,50,33,20264033,TRUE,99,100,99,100,99,100,100,0,49,51,2.565,2.405,2.47,0,0,0,0,0,0,0,5,4,4,0.1532246487,-228.0468883,-1.13392993,"5",-1.13392993,-1.13392993,-1.13392993,-1.13392993,NA,NA,5,10,0,0,0,1.665334537e-15,7.72931995e-15,1.335820343e-12,0.1610321115,-220.7687461,-1.097524956,-1.133595809,"4",1,1,0.1871896786,0.1747767582,0.98,FALSE,FALSE,FALSE,NA,NA,0,0,0,0,0,5.273559367e-16,7.621938449e-15,3.97903932e-13,0.1549514679,-226.4192584,-1.125788425,-1.13392993,"5",1,0.5,0.001757356406,0.001086484311,1,TRUE,FALSE,FALSE,NA,NA,0,0,0,0,0,8.881784197e-16,7.62571372e-15,9.379164112e-13,0.1549514679,-226.4192584,-1.125788425,-1.13392993,"NA",1,0.5,0.001757356406,0.001086484311,1,TRUE,FALSE,FALSE,NA,NA,2,2,0,2,2,0.002360455237,0.00240584717,2.194461534,0
"I_100x200",2,100,200,50,34,20264034,TRUE,99,100,99,100,99,100,100,0,49,51,2.484,2.459,2.46,0,0,0,0,0,0,0,5,4,4,0.1494598485,-229.5482034,-1.156595744,"5",-1.156595744,-1.146391364,-1.156595744,-1.156595744,NA,NA,5,9,0,2,2,0.002111087025,0.002138407976,2.040044453,0.1494598485,-229.665963,-1.157183561,-1.157183561,"4",0,0,0.3237985515,0.2266668733,0.94,FALSE,FALSE,TRUE,NA,NA,0,0,0,0,0,4.996003611e-16,7.577904372e-15,5.400124792e-13,0.1478357653,-231.2560675,-1.165137285,-1.157183561,"4",0,0,0.3241067589,0.2272896786,0.94,FALSE,FALSE,FALSE,NA,NA,0,0,0,0,0,5.273559367e-16,7.563410839e-15,6.821210263e-13,0.1478357653,-231.1381849,-1.164548843,-1.156595744,"NA",0,0.5,0.001645101472,0.001078502984,1,TRUE,FALSE,FALSE,NA,NA,5,5,1,0,1,5.273559367e-16,0.3239597641,0.1178826319,0
"I_100x200",2,100,200,50,35,20264035,TRUE,99,100,99,100,99,100,100,0,49,51,2.749,2.69,2.584,0,0,0,0,0,0,0,5,4,4,0.150787693,-229.7740055,-1.147254053,"5",-1.153507616,-1.145778967,-1.147254053,-1.147254053,NA,NA,5,10,0,5,5,0.001290831135,0.001307835549,1.250211316,0.1517689832,-228.8172006,-1.142468399,-1.147185015,"4",1,1,0.1861570698,0.1686307748,0.98,FALSE,FALSE,FALSE,NA,NA,0,0,0,0,0,1.193489751e-15,7.498153545e-15,1.080024958e-12,0.1529680436,-227.6874172,-1.136816868,-1.147254053,"5",1,0.5,0.002209072874,0.001348769704,1,TRUE,FALSE,FALSE,NA,NA,0,0,0,0,0,1.165734176e-15,7.492812065e-15,9.947598301e-13,0.1529680436,-227.6874172,-1.136816868,-1.147254053,"NA",1,0.5,0.002209072874,0.001348769704,1,TRUE,FALSE,FALSE,NA,NA,3,3,0,0,0,1.165734176e-15,7.492812065e-15,9.947598301e-13,0
"I_100x200",2,100,200,50,36,20264036,TRUE,99,100,99,100,99,100,100,0,49,51,2.741,2.617,2.328,0,0,0,0,0,0,0,5,4,4,0.1510503905,-231.3361097,-1.143692072,"5",-1.143692072,-1.125905722,-1.143692072,-1.143692072,NA,NA,5,10,0,3,3,0.003743116038,0.003793662214,3.55582634,0.1630994495,-220.1711251,-1.087844062,-1.143541872,"4",1,1,0.2672177778,0.2749066716,0.96,FALSE,FALSE,FALSE,NA,NA,0,0,0,0,0,1.471045508e-15,7.718547998e-15,1.051603249e-12,0.1515406397,-230.8651855,-1.141336508,-1.143692072,"5",0.4,0.5,0.0004968693647,0.0003157158688,1,TRUE,FALSE,FALSE,NA,NA,0,0,0,0,0,1.1379786e-15,7.613158034e-15,8.810729923e-13,0.1510503905,-231.3529532,-1.143775959,-1.143775959,"NA",0,0,0.3249867176,0.2361812187,0.94,FALSE,FALSE,FALSE,NA,NA,5,5,5,5,5,0.003348508703,0.3238792155,3.202066682,0
"I_100x200",2,100,200,50,37,20264037,TRUE,99,100,99,100,99,100,100,0,49,51,2.52,2.37,2.433,0,0,0,0,0,0,0,5,4,4,0.1494811913,-229.9286724,-1.153839496,"1",-1.152650119,-1.143967722,-1.154322695,-1.152950784,NA,NA,5,10,5,5,5,0.001970498967,0.3694839706,1.973677005,0.1498760735,-230.0672959,-1.154528133,-1.156448054,"1",0,0,0.5436036751,0.3893593713,0.82,FALSE,FALSE,FALSE,NA,NA,0,0,0,0,0,4.996003611e-16,7.471564117e-15,4.831690603e-13,0.1478602449,-231.6439988,-1.16241881,-1.154484056,"1",0,0,0.6025576718,0.4871688627,0.78,FALSE,FALSE,FALSE,NA,NA,0,0,0,0,0,1.498801083e-15,7.567018707e-15,1.222133506e-12,0.1478602449,-231.6439988,-1.16241881,-1.154484056,"NA",0,0,0.6025576718,0.4871688627,0.78,FALSE,FALSE,FALSE,NA,NA,5,5,0,0,0,1.498801083e-15,7.567018707e-15,1.222133506e-12,0
"I_100x200",2,100,200,50,38,20264038,TRUE,99,100,99,100,99,100,100,0,49,51,2.527,2.422,2.45,0,0,0,0,0,0,0,5,4,4,0.1524622659,-224.2103649,-1.136876957,"6",-1.154521788,-1.136876957,-1.139624753,-1.136876957,NA,NA,5,9,4,4,4,0.003321680956,0.6437713342,3.528444462,0.1554859782,-222.7269014,-1.12944363,-1.143719789,"4",1,0,0.5854866951,0.4170657262,0.8,FALSE,FALSE,FALSE,NA,NA,0,0,0,0,0,8.326672685e-16,7.573016733e-15,5.684341886e-13,0.1526274751,-224.5252466,-1.138446711,-1.139233969,"2",0.8,0.2,0.5220413639,0.3837751926,0.84,FALSE,FALSE,FALSE,NA,NA,0,0,0,0,0,5.551115123e-16,7.477641045e-15,6.252776075e-13,0.1526274751,-224.5252466,-1.138446711,-1.139233969,"NA",0.8,0.2,0.5220413639,0.3837751926,0.84,FALSE,FALSE,FALSE,NA,NA,1,1,0,0,0,5.551115123e-16,7.477641045e-15,6.252776075e-13,0
"I_100x200",2,100,200,50,39,20264039,TRUE,99,100,99,100,99,100,100,0,49,51,2.522,2.413,2.452,0,0,0,0,0,0,0,5,4,4,0.1530952012,-230.5984807,-1.136381018,"5",-1.138838731,-1.132523379,-1.136381018,-1.136381018,NA,NA,5,9,0,4,4,0.0008147790506,0.0008298658092,0.7712083528,0.1576410552,-226.2700517,-1.114730161,-1.135984279,"4",1,1,0.2605890972,0.2746316323,0.96,FALSE,FALSE,FALSE,NA,NA,0,0,0,0,0,1.054711873e-15,7.429235801e-15,5.115907697e-13,0.1524650929,-231.1978381,-1.139379039,-1.136381018,"5",0,0.5,0.0006417755952,0.0004383572747,1,TRUE,FALSE,FALSE,NA,NA,0,0,0,0,0,1.776356839e-15,7.487451365e-15,1.449507181e-12,0.1524650929,-231.1978381,-1.139379039,-1.136381018,"NA",0,0.5,0.0006417755952,0.0004383572747,1,TRUE,FALSE,FALSE,NA,NA,4,4,1,3,4,0.001444887322,0.3697447047,1.370565685,0
"I_100x200",2,100,200,50,40,20264040,TRUE,99,100,99,100,99,100,100,0,49,51,2.442,2.373,2.518,0,0,0,0,0,0,0,5,4,4,0.1513071313,-230.0371783,-1.142374728,"5",-1.148927407,-1.126506758,-1.142374728,-1.142374728,NA,NA,5,10,0,2,2,0.003341234515,0.003385256222,3.172312203,0.1513596531,-229.7552869,-1.140967499,-1.141219704,"4",0.8,1,0.268324201,0.2595993117,0.96,FALSE,FALSE,FALSE,NA,NA,0,0,0,0,0,8.049116929e-16,7.643368159e-15,5.96855898e-13,0.1513692678,-229.9775179,-1.142076307,-1.142374728,"5",0.8,0.5,6.295526078e-05,4.041518985e-05,1,TRUE,FALSE,FALSE,NA,NA,0,0,0,0,0,9.159339953e-16,7.62020296e-15,7.389644452e-13,0.1513692678,-229.9775179,-1.142076307,-1.142374728,"NA",0.8,0.5,6.295526078e-05,4.041518985e-05,1,TRUE,FALSE,FALSE,NA,NA,4,4,0,0,0,9.159339953e-16,7.62020296e-15,7.389644452e-13,0
"I_100x200",2,100,200,50,41,20264041,TRUE,99,100,99,100,99,100,100,0,49,51,2.526,2.366,2.477,0,0,0,0,0,0,0,5,4,4,0.1497455071,-227.5733284,-1.151740317,"5",-1.151199638,-1.134772305,-1.151740317,-1.151740317,NA,NA,5,10,0,5,5,0.003535853792,0.003586202264,3.392228767,0.156998384,-220.7268759,-1.117493272,-1.151865523,"4",1,0,0.1835345025,0.1863380326,0.98,FALSE,FALSE,FALSE,NA,NA,0,0,0,0,0,1.387778781e-15,7.574344425e-15,8.242295735e-13,0.1553913812,-222.2203887,-1.124963981,-1.151865523,"4",1,0,0.1836550929,0.1863866397,0.98,FALSE,FALSE,FALSE,NA,NA,0,0,0,0,0,9.159339953e-16,7.590842592e-15,6.252776075e-13,0.1553913812,-222.1954979,-1.124840183,-1.151740317,"NA",1,0.5,0.005726267987,0.003935892287,1,TRUE,FALSE,FALSE,NA,NA,4,4,4,0,4,9.159339953e-16,0.3259785221,0.1431777482,0
"I_100x200",2,100,200,50,42,20264042,TRUE,99,100,99,100,99,100,100,0,49,51,2.53,2.609,2.58,0,0,0,0,0,0,0,5,4,4,0.1510885541,-226.0558961,-1.139756675,"2",-1.144537828,-1.138747787,-1.141561884,-1.139756675,NA,NA,5,10,4,5,5,0.0006171871872,0.4825286317,0.9565362581,0.1510292064,-227.0002696,-1.14447295,-1.144187271,"1",0.2,0,0.6961501985,0.4920599372,0.7,FALSE,FALSE,FALSE,NA,NA,0,0,0,0,0,8.881784197e-16,7.554171029e-15,9.663381206e-13,0.156956879,-221.3918295,-1.116417965,-1.144105251,"1",1,0,0.7217347061,0.6241752239,0.68,FALSE,FALSE,FALSE,NA,NA,0,0,0,0,0,9.436895709e-16,7.534500124e-15,6.821210263e-13,0.1528505656,-225.2417557,-1.135675626,-1.144105251,"NA",1,0,0.7234326216,0.6249168816,0.68,FALSE,FALSE,FALSE,NA,NA,4,4,0,4,4,0.004106313392,0.004178504809,3.849926219,0
"I_100x200",2,100,200,50,43,20264043,TRUE,99,100,99,100,99,100,100,0,49,51,2.5,2.373,2.48,0,0,0,0,0,0,0,5,4,4,0.1479965628,-232.3337452,-1.156860613,"1",-1.160662538,-1.158118599,-1.163325321,-1.157273531,NA,NA,5,10,5,5,5,0.0005423283383,0.5913832994,0.7620076523,0.1547770771,-226.8405407,-1.129376581,-1.161953179,"4",1,0.4,0.6390367521,0.5166508006,0.74,FALSE,FALSE,FALSE,NA,NA,0,0,0,0,0,4.996003611e-16,7.461116435e-15,5.400124792e-13,0.1540337082,-227.8136626,-1.134241264,-1.163325321,"5",1,0.2,0.5896452072,0.5146670164,0.78,FALSE,FALSE,FALSE,NA,NA,0,0,0,0,0,6.938893904e-16,7.476865585e-15,9.094947018e-13,0.1540337082,-227.8136626,-1.134241264,-1.163325321,"NA",1,0.2,0.5896452072,0.5146670164,0.78,FALSE,FALSE,FALSE,NA,NA,1,1,0,0,0,6.938893904e-16,7.476865585e-15,9.094947018e-13,0
"I_100x200",2,100,200,50,44,20264044,TRUE,99,100,99,100,99,100,100,0,49,51,2.538,2.384,2.532,0,0,0,0,0,0,0,5,4,4,0.1614687011,-219.0060267,-1.096104895,"5",-1.096104895,-1.076805561,-1.096104895,-1.096104895,NA,NA,5,10,0,1,1,0.004358607374,0.004469480595,3.858145251,0.163944499,-216.8793695,-1.08546571,-1.096495125,"4",0.8,0,0.1908866845,0.2026923814,0.98,FALSE,FALSE,FALSE,NA,NA,0,0,0,0,0,1.498801083e-15,7.594140207e-15,1.335820343e-12,0.154818614,-225.1865678,-1.127019679,-1.096495125,"4",0,0,0.1920755535,0.2034432708,0.98,FALSE,FALSE,FALSE,NA,NA,0,0,0,0,0,4.163336342e-16,7.466861788e-15,5.96855898e-13,0.154818614,-225.1078393,-1.126626999,-1.096104895,"NA",0,0.5,0.006819250442,0.004138334949,1,TRUE,FALSE,FALSE,NA,NA,5,5,3,0,3,4.163336342e-16,0.1915561627,0.07872855731,0
"I_100x200",2,100,200,50,45,20264045,TRUE,99,100,99,100,99,100,100,0,49,51,2.719,2.306,2.37,0,0,0,0,0,0,0,5,4,4,0.152301414,-230.8189378,-1.141309866,"5",-1.141309866,-1.129509944,-1.141309866,-1.141309866,NA,NA,5,10,0,1,1,0.00249275042,0.002531692282,2.359003275,0.1553434853,-227.7833277,-1.126128387,-1.140498991,"4",1,1,0.2675598099,0.282430851,0.96,FALSE,FALSE,FALSE,NA,NA,0,0,0,0,0,9.159339953e-16,7.685542031e-15,6.821210263e-13,0.1514294054,-231.6536877,-1.145485328,-1.141309866,"5",0,0.5,0.0008856311795,0.0005839945137,1,TRUE,FALSE,FALSE,NA,NA,0,0,0,0,0,7.21644966e-16,7.597184623e-15,6.252776075e-13,0.1514294054,-231.6536877,-1.145485328,-1.141309866,"NA",0,0.5,0.0008856311795,0.0005839945137,1,TRUE,FALSE,FALSE,NA,NA,0,0,0,0,0,7.21644966e-16,7.597184623e-15,6.252776075e-13,0
"I_100x200",2,100,200,50,46,20264046,TRUE,99,100,99,100,99,100,100,0,49,51,2.516,2.457,2.549,0,0,0,0,0,0,0,5,4,4,0.1520793841,-228.423259,-1.142510073,"1",-1.145827068,-1.136829652,-1.143248672,-1.142008373,NA,NA,5,9,4,5,5,0.001149320877,0.1977524908,1.135785631,0.1530852107,-227.5525149,-1.138152385,-1.142945002,"2",0.8,0.4,0.5631268579,0.4568453896,0.82,FALSE,FALSE,FALSE,NA,NA,0,0,0,0,0,9.436895709e-16,7.485383105e-15,7.673861546e-13,0.15112217,-229.1642762,-1.146216018,-1.141624589,"2",0,1,0.5926198631,0.3853795614,0.8,FALSE,FALSE,FALSE,NA,NA,0,0,0,0,0,1.276756478e-15,7.484111286e-15,1.222133506e-12,0.15112217,-229.1642762,-1.146216018,-1.141624589,"NA",0,1,0.5926198631,0.3853795614,0.8,FALSE,FALSE,FALSE,NA,NA,1,1,1,1,1,0.001909474674,0.6415998994,2.588329653,0
"I_100x200",2,100,200,50,47,20264047,TRUE,99,100,99,100,99,100,100,0,49,51,2.513,2.472,2.672,0,0,0,0,0,0,0,5,4,4,0.1537727511,-222.7055226,-1.133721984,"5",-1.133721984,-1.128255959,-1.133721984,-1.133721984,NA,NA,5,10,0,2,2,0.001161332332,0.001181506588,1.092751406,0.1549340834,-221.5620847,-1.128003085,-1.133468863,"4",1,1,0.2621541386,0.2438952396,0.96,FALSE,FALSE,FALSE,NA,NA,0,0,0,0,0,1.609823386e-15,7.519230333e-15,1.47792889e-12,0.1549340834,-221.6127712,-1.128255959,-1.133721984,"5",0.8,0.5,0.001181506588,0.0006691158447,1,TRUE,FALSE,FALSE,NA,NA,0,0,0,0,0,1.609823386e-15,7.533942129e-15,1.5063506e-12,0.1549340834,-221.6127712,-1.128255959,-1.133721984,"NA",0.8,0.5,0.001181506588,0.0006691158447,1,TRUE,FALSE,FALSE,NA,NA,0,0,0,0,0,1.609823386e-15,7.533942129e-15,1.5063506e-12,0
"I_100x200",2,100,200,50,48,20264048,TRUE,99,100,99,100,99,100,100,0,49,51,2.554,2.408,2.481,0,0,0,0,0,0,0,5,4,4,0.1519881864,-231.9861334,-1.142169589,"5",-1.146217609,-1.142169589,-1.142169589,-1.142169589,NA,NA,5,10,0,2,2,0.0008437254174,0.0008569052157,0.809273867,0.1529572456,-231.0580772,-1.137528242,-1.142148453,"4",1,1,0.4205228314,0.6123102018,0.9,FALSE,FALSE,FALSE,NA,NA,0,0,0,0,0,1.276756478e-15,7.555794893e-15,7.673861546e-13,0.1529572456,-231.0624088,-1.137549067,-1.142169589,"5",1,0.5,0.0009841968702,0.0006061657677,1,TRUE,FALSE,FALSE,NA,NA,0,0,0,0,0,1.276756478e-15,7.550722596e-15,8.810729923e-13,0.1519139317,-232.0571676,-1.142524905,-1.142169589,"NA",0.3,0.5,7.541456146e-05,4.644774528e-05,1,TRUE,FALSE,FALSE,NA,NA,5,5,0,3,3,0.001043313871,0.001059542789,0.9947588183,0
"I_100x200",2,100,200,50,49,20264049,TRUE,99,100,99,100,99,100,100,0,49,51,2.518,2.447,2.551,0,0,0,0,0,0,0,5,4,4,0.146572367,-231.4975611,-1.168319186,"5",-1.170394521,-1.159692529,-1.168319186,-1.168319186,NA,NA,5,10,0,5,5,0.001747334065,0.001762496723,1.724654688,0.1491499074,-228.9562043,-1.155607458,-1.168295792,"4",1,1,0.2615361519,0.2229759273,0.96,FALSE,FALSE,FALSE,NA,NA,0,0,0,0,0,7.494005416e-16,7.544412891e-15,6.252776075e-13,0.1491499074,-228.9608831,-1.155630802,-1.168319186,"5",1,0.5,0.0025999073,0.001612377851,1,TRUE,FALSE,FALSE,NA,NA,0,0,0,0,0,7.494005416e-16,7.55895735e-15,8.526512829e-13,0.1485616433,-229.5357748,-1.158506401,-1.168319186,"NA",1,0.5,0.002006538496,0.001244389839,1,TRUE,FALSE,FALSE,NA,NA,5,5,0,5,5,0.0009038357412,0.0009132501017,0.8823162006,0
"I_100x200",2,100,200,50,50,20264050,TRUE,99,100,99,100,99,100,100,0,49,51,2.596,2.404,2.484,0,0,0,0,0,0,0,5,4,4,0.1455257404,-231.8006725,-1.170282202,"2",-1.175404407,-1.170282202,-1.170384525,-1.170282202,NA,NA,5,10,1,1,1,0.0009998109769,0.3166700416,1.024034147,0.1479096358,-230.3118225,-1.162829795,-1.174658974,"4",1,0,0.6378402504,0.4837091086,0.76,FALSE,FALSE,FALSE,NA,NA,0,0,0,0,0,8.326672685e-16,7.584600516e-15,5.115907697e-13,0.1477571326,-230.4966276,-1.16375389,-1.174832494,"5",1,0,0.5860622274,0.4106610462,0.8,FALSE,FALSE,FALSE,NA,NA,0,0,0,0,0,8.604228441e-16,7.62253985e-15,1.136868377e-12,0.1477571326,-230.4966276,-1.16375389,-1.174832494,"NA",1,0,0.5860622274,0.4106610462,0.8,FALSE,FALSE,FALSE,NA,NA,3,3,0,3,3,0.001241290678,0.001254293912,1.217053159,0
"I_50x250",3,50,250,25,1,20265001,TRUE,49,50,49,50,49,50,50,0,24,26,2.323,2.273,2.227,0,0,0,0,0,0,0,5,4,4,0.2533466215,-258.7754437,-1.050665016,"1",-1.050012285,-1.049215183,-1.050012285,-1.049215183,NA,NA,5,10,5,0,5,3.941291737e-15,0.480775813,0.3632293695,0.252191925,-259.5776576,-1.053875936,-1.049873422,"1",0,0.2,0.5583980284,0.5779530348,0.84,FALSE,FALSE,FALSE,NA,NA,0,0,0,0,0,1.038058528e-14,1.526652964e-14,9.151790437e-12,0.2559880635,-256.3316161,-1.040888738,-1.049973886,"6",1,0.2,0.4683562855,0.5433623295,0.88,FALSE,FALSE,FALSE,NA,NA,0,0,0,0,0,1.776356839e-15,8.469904669e-15,1.47792889e-12,0.2580744494,-254.5551683,-1.033781454,-1.049973886,"NA",1,0.2,0.4676953706,0.5424141815,0.88,FALSE,FALSE,FALSE,NA,NA,4,4,0,4,4,0.002086385938,0.002588647662,1.776447791,0
"I_50x250",3,50,250,25,2,20265002,TRUE,49,50,49,50,49,50,50,0,24,26,2.28,1.93,2.032,0,0,0,0,0,0,0,5,4,4,0.2598634294,-257.6093612,-1.025903887,"5",-1.037118875,-1.021538265,-1.025903887,-1.025903887,NA,NA,5,8,0,5,5,0.003308349379,0.004106770362,2.803166744,0.2678648353,-250.8337813,-0.9987970469,-1.025315352,"4",1,1,0.4850013516,0.4930827584,0.88,FALSE,FALSE,FALSE,NA,NA,0,0,0,0,0,1.387778781e-15,8.33005366e-15,9.947598301e-13,0.2564008457,-260.5441289,-1.037645387,-1.025903887,"5",0,0.5,0.00429822689,0.003521052092,1,TRUE,FALSE,FALSE,NA,NA,0,0,0,0,0,9.325873407e-15,1.417266047e-14,7.730704965e-12,0.2564008457,-260.5441289,-1.037645387,-1.025903887,"NA",0,0.5,0.00429822689,0.003521052092,1,TRUE,FALSE,FALSE,NA,NA,0,0,0,0,0,9.325873407e-15,1.417266047e-14,7.730704965e-12,0
"I_50x250",3,50,250,25,3,20265003,TRUE,49,50,49,50,49,50,50,0,24,26,2.159,1.958,2.088,0,0,0,0,0,0,0,5,4,4,0.2580588464,-258.3390151,-1.033438042,"5",-1.035037753,-1.030131208,-1.033438042,-1.033438042,NA,NA,5,10,0,2,2,0.0009767493204,0.001210822315,0.8265344036,0.2590355957,-257.3595231,-1.029520664,-1.032827335,"4",1,1,0.5757183048,0.7144016597,0.84,FALSE,FALSE,FALSE,NA,NA,0,0,0,0,0,2.331468352e-15,8.310795541e-15,1.534772309e-12,0.2590355957,-257.5124807,-1.030131208,-1.033438042,"5",0.9,0.5,0.001210822315,0.0009335066322,1,TRUE,FALSE,FALSE,NA,NA,0,0,0,0,0,2.331468352e-15,8.280418188e-15,1.47792889e-12,0.2590355957,-257.5124807,-1.030131208,-1.033438042,"NA",0.9,0.5,0.001210822315,0.0009335066322,1,TRUE,FALSE,FALSE,NA,NA,0,0,0,0,0,2.331468352e-15,8.280418188e-15,1.47792889e-12,0
"I_50x250",3,50,250,25,4,20265004,TRUE,49,50,49,50,49,50,50,0,24,26,2.173,2.091,2.127,0,0,0,0,0,0,0,5,4,4,0.2579070307,-256.0087994,-1.032140325,"1",-1.028956153,-1.015894501,-1.033946378,-1.032334321,NA,NA,5,10,5,5,5,0.00537588885,0.6780326391,4.059959022,0.2653124063,-250.3188668,-1.009372681,-1.034140051,"4",1,0,0.6258886785,0.5152235337,0.8,FALSE,FALSE,FALSE,NA,NA,0,0,0,0,0,6.439293543e-15,1.125397489e-14,4.462208381e-12,0.2645024099,-250.9871371,-1.01204635,-1.034140051,"4",1,0,0.626180857,0.5157621541,0.8,FALSE,FALSE,FALSE,NA,NA,0,0,0,0,0,3.16413562e-15,8.863406775e-15,2.529532139e-12,0.2645024099,-250.9387006,-1.011853061,-1.033946378,"NA",1,0.3,0.6764039065,0.5361263302,0.76,FALSE,FALSE,FALSE,NA,NA,4,4,2,0,2,3.16413562e-15,0.4025082988,0.04843647639,0
"I_50x250",3,50,250,25,5,20265005,TRUE,49,50,49,50,49,50,50,0,24,26,2.217,2.013,2.026,0,0,0,0,0,0,0,5,4,4,0.2594418527,-255.7121315,-1.028487458,"5",-1.017927726,-1.012789563,-1.028487458,-1.028487458,NA,NA,5,10,0,5,5,0.004697454783,0.005828759616,3.923634444,0.2617003636,-253.8054908,-1.020858518,-1.0284429,"4",0,1,0.4978361751,0.5250055744,0.88,FALSE,FALSE,FALSE,NA,NA,0,0,0,0,0,2.609024108e-15,8.699147716e-15,2.216893336e-12,0.262592063,-253.0727605,-1.017927726,-1.028487458,"5",0.4,0.5,0.003908886768,0.003577732162,1,TRUE,FALSE,FALSE,NA,NA,0,0,0,0,0,1.609823386e-15,8.291796684e-15,1.392663762e-12,0.262592063,-253.0727605,-1.017927726,-1.028487458,"NA",0.4,0.5,0.003908886768,0.003577732162,1,TRUE,FALSE,FALSE,NA,NA,0,0,0,0,0,1.609823386e-15,8.291796684e-15,1.392663762e-12,0
"I_50x250",3,50,250,25,6,20265006,TRUE,49,50,49,50,49,50,50,0,24,26,2.271,1.996,2.016,0,0,0,0,0,0,0,5,4,4,0.2626775179,-259.3891169,-1.018507842,"5",-1.047295977,-1.018507842,-1.018507842,-1.018507842,NA,NA,5,10,0,4,4,0.008498010843,0.0105876689,7.195506986,0.2533155374,-267.2277106,-1.049869548,-1.018099364,"4",0,1,0.3967596549,0.3960145247,0.92,FALSE,FALSE,FALSE,NA,NA,0,0,0,0,0,3.996802889e-15,9.363249649e-15,3.694822226e-12,0.2590279964,-262.4490862,-1.030750356,-1.018507842,"5",0.2,0.5,0.004546937632,0.00428357815,1,TRUE,FALSE,FALSE,NA,NA,0,0,0,0,0,3.108624469e-15,8.975037527e-15,2.557953849e-12,0.2590279964,-262.4490862,-1.030750356,-1.018507842,"NA",0.2,0.5,0.004546937632,0.00428357815,1,TRUE,FALSE,FALSE,NA,NA,5,5,0,0,0,3.108624469e-15,8.975037527e-15,2.557953849e-12,0
"I_50x250",3,50,250,25,7,20265007,TRUE,49,50,49,50,49,50,50,0,24,26,2.147,2.029,2.017,0,0,0,0,0,0,0,5,4,4,0.2619934831,-261.2250689,-1.020579568,"5",-1.025884891,-1.020579568,-1.020579568,-1.020579568,NA,NA,5,9,0,2,2,0.001583783722,0.001973566267,1.326045125,0.2619934831,-261.123797,-1.020175116,-1.020175116,"4",1,1,0.4801677892,0.4297045572,0.88,FALSE,FALSE,TRUE,NA,NA,0,0,0,0,0,4.218847494e-15,9.830136999e-15,3.410605132e-12,0.2609824525,-262.0705993,-1.023962419,-1.020579568,"5",0.4,0.5,0.001259853761,0.001086510644,1,TRUE,FALSE,FALSE,NA,NA,0,0,0,0,0,4.49640325e-15,9.880312298e-15,3.694822226e-12,0.2609824525,-262.0705993,-1.023962419,-1.020579568,"NA",0.4,0.5,0.001259853761,0.001086510644,1,TRUE,FALSE,FALSE,NA,NA,0,0,0,0,0,4.49640325e-15,9.880312298e-15,3.694822226e-12,0
"I_50x250",3,50,250,25,8,20265008,TRUE,49,50,49,50,49,50,50,0,24,26,2.171,2.145,2.603,0,0,0,0,0,0,0,5,4,4,0.2646250708,-257.2758322,-1.010089492,"5",-1.016577375,-1.010089492,-1.010089492,-1.010089492,NA,NA,5,9,0,4,4,0.001956022689,0.002438706759,1.621624904,0.2697790622,-253.0120351,-0.9930304039,-1.009888626,"4",1,1,0.5689869515,0.4464693905,0.84,FALSE,FALSE,FALSE,NA,NA,0,0,0,0,0,8.271161533e-15,1.303586723e-14,6.96331881e-12,0.2626690481,-258.8974571,-1.016577375,-1.010089492,"5",0.1,0.5,0.002438706759,0.002051584491,1,TRUE,FALSE,FALSE,NA,NA,0,0,0,0,0,3.885780586e-15,9.313186802e-15,2.899014362e-12,0.2626690481,-258.8974571,-1.016577375,-1.010089492,"NA",0.1,0.5,0.002438706759,0.002051584491,1,TRUE,FALSE,FALSE,NA,NA,5,5,0,0,0,3.885780586e-15,9.313186802e-15,2.899014362e-12,0
"I_50x250",3,50,250,25,9,20265009,TRUE,49,50,49,50,49,50,50,0,24,26,2.229,2.207,1.991,0,0,0,0,0,0,0,5,4,4,0.2646512428,-252.2049845,-1.007746005,"1",-0.9995117739,-0.9832075308,-1.007495012,-1.007101152,NA,NA,5,10,5,5,5,0.007337678754,0.7832944766,6.133578698,0.2816301909,-238.2787344,-0.9520318635,-1.006310306,"6",1,1,0.4634667835,0.4618639216,0.88,FALSE,FALSE,FALSE,NA,NA,0,0,0,0,0,8.992806499e-15,1.401462585e-14,6.423306331e-12,0.2721623012,-246.4218886,-0.9846059362,-1.009059139,"5",0.2,0,0.6163887246,0.5506947247,0.8,FALSE,FALSE,FALSE,NA,NA,0,0,0,0,0,3.552713679e-15,9.073306408e-15,2.756905815e-12,0.2721623012,-246.4218886,-0.9846059362,-1.009059139,"NA",0.2,0,0.6163887246,0.5506947247,0.8,FALSE,FALSE,FALSE,NA,NA,0,0,0,0,0,3.552713679e-15,9.073306408e-15,2.756905815e-12,0
"I_50x250",3,50,250,25,10,20265010,TRUE,49,50,49,50,49,50,50,0,24,26,2.198,2.187,2.061,0,0,0,0,0,0,0,5,4,4,0.2584876544,-262.9881522,-1.032269199,"5",-1.034310974,-1.034310974,-1.032269199,-1.032269199,NA,NA,5,9,0,5,5,0.000602207087,0.000745778867,0.5103364464,0.255927371,-265.0876213,-1.040669396,-1.031954443,"4",0,1,0.2794812622,0.4194742193,0.96,FALSE,FALSE,FALSE,NA,NA,0,0,0,0,0,5.329070518e-15,1.050165393e-14,4.263256415e-12,0.2539144326,-266.8951217,-1.047900324,-1.032269199,"5",0,0.5,0.005663520378,0.004449142557,1,TRUE,FALSE,FALSE,NA,NA,0,0,0,0,0,2.72004641e-15,8.759567824e-15,2.444267011e-12,0.2539144326,-266.8951217,-1.047900324,-1.032269199,"NA",0,0.5,0.005663520378,0.004449142557,1,TRUE,FALSE,FALSE,NA,NA,0,0,0,0,0,2.72004641e-15,8.759567824e-15,2.444267011e-12,0
"I_50x250",3,50,250,25,11,20265011,TRUE,49,50,49,50,49,50,50,0,24,26,2.28,2.015,1.992,0,0,0,0,0,0,0,5,4,4,0.2591521511,-261.3073256,-1.027354655,"5",-0.9942577986,-0.9837698776,-1.027354655,-1.027354655,NA,NA,5,9,0,5,5,0.01324909831,0.01644018816,10.89385928,0.2686328937,-253.44595,-0.9959014335,-1.027320361,"2",0,1,0.6409955693,0.6354156031,0.8,FALSE,FALSE,FALSE,NA,NA,0,0,0,0,0,5.717648577e-15,1.061390861e-14,4.803268894e-12,0.2695952057,-252.6737522,-0.9928130233,-1.027354655,"5",0.2,0.5,0.01295829943,0.00993562266,1,TRUE,FALSE,FALSE,NA,NA,0,0,0,0,0,2.997602166e-15,8.913618286e-15,1.733724275e-12,0.2695952057,-252.6737522,-0.9928130233,-1.027354655,"NA",0.2,0.5,0.01295829943,0.00993562266,1,TRUE,FALSE,FALSE,NA,NA,0,0,0,0,0,2.997602166e-15,8.913618286e-15,1.733724275e-12,0
"I_50x250",3,50,250,25,12,20265012,TRUE,49,50,49,50,49,50,50,0,24,26,2.146,2.062,2.082,0,0,0,0,0,0,0,5,4,4,0.258718343,-256.2930812,-1.030369788,"5",-1.030496162,-1.030369788,-1.030369788,-1.030369788,NA,NA,5,10,0,1,1,3.73525165e-05,4.636663206e-05,0.03158686076,0.2655933204,-250.5056364,-1.007215514,-1.030156658,"4",1,1,0.4103630294,0.521887215,0.92,FALSE,FALSE,FALSE,NA,NA,0,0,0,0,0,2.442490654e-15,8.540530173e-15,2.046363079e-12,0.2612611136,-254.1539194,-1.021811338,-1.030369788,"5",1,0.5,0.003156406053,0.002371645009,1,TRUE,FALSE,FALSE,NA,NA,0,0,0,0,0,6.106226635e-15,1.102851487e-14,5.087485988e-12,0.2612611136,-254.1539194,-1.021811338,-1.030369788,"NA",1,0.5,0.003156406053,0.002371645009,1,TRUE,FALSE,FALSE,NA,NA,0,0,0,0,0,6.106226635e-15,1.102851487e-14,5.087485988e-12,0
"I_50x250",3,50,250,25,13,20265013,TRUE,49,50,49,50,49,50,50,0,24,26,2.183,1.992,2.046,0,0,0,0,0,0,0,5,4,4,0.2643594635,-256.9148213,-1.010659309,"1",-1.02136363,-1.012248959,-1.012977442,-1.010584383,NA,NA,5,10,5,5,5,0.003114547498,0.8924316517,2.675654085,0.2674721565,-254.8728157,-1.002485916,-1.012719996,"1",1,0.2,0.6520496183,0.6505626837,0.8,FALSE,FALSE,FALSE,NA,NA,0,0,0,0,0,2.053912596e-15,8.593373098e-15,1.790567694e-12,0.2645797756,-257.3130468,-1.012248959,-1.012977442,"5",0.9,0.1,0.7000064978,0.5763881619,0.76,FALSE,FALSE,FALSE,NA,NA,0,0,0,0,0,3.330669074e-15,9.256247862e-15,2.899014362e-12,0.2645797756,-257.3130468,-1.012248959,-1.012977442,"NA",0.9,0.1,0.7000064978,0.5763881619,0.76,FALSE,FALSE,FALSE,NA,NA,0,0,0,0,0,3.330669074e-15,9.256247862e-15,2.899014362e-12,0
"I_50x250",3,50,250,25,14,20265014,TRUE,49,50,49,50,49,50,50,0,24,26,2.307,2.313,2.079,0,0,0,0,0,0,0,5,4,4,0.2606661128,-254.7982484,-1.023471609,"2",-1.02594803,-1.023488457,-1.024982129,-1.024293005,NA,NA,5,9,5,4,5,0.0004925605418,0.6348561919,0.619275664,0.266257069,-250.4236406,-1.005966771,-1.024528026,"4",1,0.2,0.6848364306,0.6560260752,0.76,FALSE,FALSE,FALSE,NA,NA,0,0,0,0,0,8.326672685e-16,8.205287681e-15,7.673861546e-13,0.261111467,-254.8030966,-1.023488457,-1.024982129,"5",0.9,0.1,0.6348561919,0.5369388584,0.8,FALSE,FALSE,FALSE,NA,NA,0,0,0,0,0,3.830269435e-15,9.745111072e-15,3.723243935e-12,0.261111467,-254.8030966,-1.023488457,-1.024982129,"NA",0.9,0.1,0.6348561919,0.5369388584,0.8,FALSE,FALSE,FALSE,NA,NA,0,0,0,0,0,3.830269435e-15,9.745111072e-15,3.723243935e-12,0
"I_50x250",3,50,250,25,15,20265015,TRUE,49,50,49,50,49,50,50,0,24,26,2.325,2.199,2.059,0,0,0,0,0,0,0,5,4,4,0.2585160191,-257.5102903,-1.031706967,"5",-1.031706967,-1.028263077,-1.031706967,-1.031706967,NA,NA,5,7,0,3,3,0.001019185944,0.001264998247,0.8607902115,0.2567194905,-258.9613097,-1.037512874,-1.03140782,"4",0,1,0.3995176966,0.4023735951,0.92,FALSE,FALSE,FALSE,NA,NA,0,0,0,0,0,6.050715484e-15,1.089727709e-14,5.570655048e-12,0.2579471905,-257.9173203,-1.033336045,-1.03140782,"4",0,1,0.3991754499,0.4023988996,0.92,FALSE,FALSE,FALSE,NA,NA,0,0,0,0,0,4.551914401e-15,9.81578729e-15,4.831690603e-12,0.2579471905,-257.9173203,-1.033336045,-1.03140782,"NA",0,1,0.3991754499,0.4023988996,0.92,FALSE,FALSE,FALSE,NA,NA,0,0,0,0,0,4.551914401e-15,9.81578729e-15,4.831690603e-12,0
"I_50x250",3,50,250,25,16,20265016,TRUE,49,50,49,50,49,50,50,0,24,26,2.345,2.235,2.179,0,0,0,0,0,0,0,5,4,4,0.2687623794,-249.5134437,-0.9960626147,"5",-1.03134543,-1.009912336,-0.9960626147,-0.9960626147,NA,NA,5,10,0,5,5,0.01062747214,0.01334205693,8.818822617,0.2644616,-253.1084319,-1.010444384,-0.99634383,"4",0.8,0,0.4872168716,0.4604879833,0.88,FALSE,FALSE,FALSE,NA,NA,0,0,0,0,0,4.218847494e-15,9.521619385e-15,3.836930773e-12,0.2574935148,-258.9476293,-1.033806119,-0.99634383,"4",0,0,0.4898192687,0.4614856497,0.88,FALSE,FALSE,FALSE,NA,NA,0,0,0,0,0,5.551115123e-15,1.054675153e-14,5.059064279e-12,0.2574935148,-258.9476293,-1.033806119,-0.99634383,"NA",0,0,0.4898192687,0.4614856497,0.88,FALSE,FALSE,FALSE,NA,NA,1,1,1,1,1,0.0001621042838,0.4836083373,0.2087572661,0
"I_50x250",3,50,250,25,17,20265017,TRUE,49,50,49,50,49,50,50,0,24,26,2.11,2.043,1.991,0,0,0,0,0,0,0,5,4,4,0.2611595342,-258.6552967,-1.023681682,"5",-1.042390402,-1.041901341,-1.023681682,-1.023681682,NA,NA,5,10,0,5,5,0.0055224415,0.006857636606,4.6761926,0.2645181723,-255.8425242,-1.012427911,-1.023605562,"4",1,1,0.3921002739,0.4664550332,0.92,FALSE,FALSE,FALSE,NA,NA,0,0,0,0,0,2.386979503e-15,8.692717208e-15,2.046363079e-12,0.2590787773,-260.4049867,-1.030681936,-1.023681682,"5",1,0.5,0.002583834462,0.002232088009,1,TRUE,FALSE,FALSE,NA,NA,0,0,0,0,0,5.884182031e-15,1.078997836e-14,4.661160347e-12,0.2590787773,-260.4049867,-1.030681936,-1.023681682,"NA",1,0.5,0.002583834462,0.002232088009,1,TRUE,FALSE,FALSE,NA,NA,0,0,0,0,0,5.884182031e-15,1.078997836e-14,4.661160347e-12,0
"I_50x250",3,50,250,25,18,20265018,TRUE,49,50,49,50,49,50,50,0,24,26,2.018,1.958,1.906,0,0,0,0,0,0,0,5,4,4,0.2623223617,-260.4878433,-1.017515349,"5",-1.020706851,-1.016737252,-1.017515349,-1.017515349,NA,NA,5,10,0,5,5,0.0009553256912,0.001190198218,0.7977068171,0.2643378312,-258.6444339,-1.010141622,-1.016834836,"4",1,1,0.4921209135,0.594180821,0.88,FALSE,FALSE,FALSE,NA,NA,0,0,0,0,0,6.161737787e-15,1.116220219e-14,4.888534022e-12,0.2643378312,-258.8148104,-1.01082179,-1.017515349,"5",1,0.5,0.002510984695,0.001943568092,1,TRUE,FALSE,FALSE,NA,NA,0,0,0,0,0,6.161737787e-15,1.110932367e-14,4.661160347e-12,0.2643378312,-258.8148104,-1.01082179,-1.017515349,"NA",1,0.5,0.002510984695,0.001943568092,1,TRUE,FALSE,FALSE,NA,NA,4,4,0,0,0,6.161737787e-15,1.110932367e-14,4.661160347e-12,0
"I_50x250",3,50,250,25,19,20265019,TRUE,49,50,49,50,49,50,50,0,24,26,2.06,2.001,2.063,0,0,0,0,0,0,0,5,4,4,0.2552435229,-262.5639294,-1.04162764,"5",-1.053852691,-1.032719945,-1.04162764,-1.04162764,NA,NA,5,9,0,4,4,0.003537444123,0.004368467247,3.055649423,0.2634689064,-255.6138415,-1.013821507,-1.041578071,"4",1,1,0.4838823741,0.4826296962,0.88,FALSE,FALSE,FALSE,NA,NA,0,0,0,0,0,4.218847494e-15,9.667444247e-15,2.955857781e-12,0.2583517173,-259.9152721,-1.03103084,-1.04162764,"5",1,0.5,0.003838377355,0.002928670471,1,TRUE,FALSE,FALSE,NA,NA,0,0,0,0,0,8.271161533e-15,1.31731159e-14,7.219114195e-12,0.2583517173,-259.9152721,-1.03103084,-1.04162764,"NA",1,0.5,0.003838377355,0.002928670471,1,TRUE,FALSE,FALSE,NA,NA,0,0,0,0,0,8.271161533e-15,1.31731159e-14,7.219114195e-12,0
"I_50x250",3,50,250,25,20,20265020,TRUE,49,50,49,50,49,50,50,0,24,26,2.089,1.945,2.019,0,0,0,0,0,0,0,5,4,4,0.2503363173,-263.293212,-1.059891944,"5",-1.063983488,-1.060828007,-1.059891944,-1.059891944,NA,NA,5,8,0,5,5,0.001165762794,0.001433392398,1.022682469,0.2513334212,-262.2699204,-1.055799356,-1.059283082,"4",1,1,0.5752417628,0.5937024204,0.84,FALSE,FALSE,FALSE,NA,NA,0,0,0,0,0,8.271161533e-15,1.274902811e-14,6.707523426e-12,0.2506560991,-263.0135448,-1.058773052,-1.059891944,"5",1,0.5,0.0003931955577,0.0003202358603,1,TRUE,FALSE,FALSE,NA,NA,0,0,0,0,0,3.60822483e-15,9.113400717e-15,2.614797268e-12,0.2506560991,-263.0135448,-1.058773052,-1.059891944,"NA",1,0.5,0.0003931955577,0.0003202358603,1,TRUE,FALSE,FALSE,NA,NA,5,5,0,0,0,3.60822483e-15,9.113400717e-15,2.614797268e-12,0
"I_50x250",3,50,250,25,21,20265021,TRUE,49,50,49,50,49,50,50,0,24,26,2.042,2.022,2.032,0,0,0,0,0,0,0,5,4,4,0.2602610684,-253.5484791,-1.023858432,"1",-1.028615722,-1.023858432,-1.02629887,-1.023858432,NA,NA,5,8,3,3,3,0.0006881080477,0.9137635797,1.190212157,0.2607813,-253.3596023,-1.023100708,-1.024847936,"2",1,0.4,0.7841177202,0.7718058649,0.68,FALSE,FALSE,FALSE,NA,NA,0,0,0,0,0,4.996003611e-15,1.015502403e-14,4.433786671e-12,0.2595773279,-254.023086,-1.025757466,-1.02345571,"6",0.6,1,0.4695901879,0.4043921455,0.88,FALSE,FALSE,FALSE,NA,NA,0,0,0,0,0,5.662137426e-15,1.065244624e-14,4.718003765e-12,0.2595773279,-254.023086,-1.025757466,-1.02345571,"NA",0.6,1,0.4695901879,0.4043921455,0.88,FALSE,FALSE,FALSE,NA,NA,0,0,0,0,0,5.662137426e-15,1.065244624e-14,4.718003765e-12,0
"I_50x250",3,50,250,25,22,20265022,TRUE,49,50,49,50,49,50,50,0,24,26,2.07,2.085,1.987,0,0,0,0,0,0,0,5,4,4,0.2611184354,-257.0003438,-1.021354866,"5",-1.022694544,-1.021354866,-1.021354866,-1.021354866,NA,NA,5,9,0,4,4,0.0003995432346,0.0004971764553,0.3348494907,0.2672822244,-251.8983235,-1.000942495,-1.021342824,"4",1,1,0.4913579655,0.5774026565,0.88,FALSE,FALSE,FALSE,NA,NA,0,0,0,0,0,1.243449788e-14,1.756324759e-14,1.006128514e-11,0.2607188922,-257.3351932,-1.022694544,-1.021354866,"5",0.3,0.5,0.0004971764553,0.0003667821481,1,TRUE,FALSE,FALSE,NA,NA,0,0,0,0,0,2.831068713e-15,8.818184053e-15,2.444267011e-12,0.2607188922,-257.3351932,-1.022694544,-1.021354866,"NA",0.3,0.5,0.0004971764553,0.0003667821481,1,TRUE,FALSE,FALSE,NA,NA,0,0,0,0,0,2.831068713e-15,8.818184053e-15,2.444267011e-12,0
"I_50x250",3,50,250,25,23,20265023,TRUE,49,50,49,50,49,50,50,0,24,26,2.125,2.083,2.104,0,0,0,0,0,0,0,5,4,4,0.2638737957,-252.7025205,-1.014512227,"1",-1.016774011,-1.009652552,-1.014177654,-1.01374679,NA,NA,5,9,5,5,5,0.001368942668,0.412820521,1.214756213,0.2726416316,-245.8115883,-0.9869400688,-1.015510236,"4",1,0,0.4796964697,0.5369893181,0.88,FALSE,FALSE,FALSE,NA,NA,0,0,0,0,0,2.220446049e-15,8.63892792e-15,1.961097951e-12,0.2645695426,-251.8889764,-1.01125899,-1.01356177,"6",0.8,1,0.4085829763,0.4208461012,0.92,FALSE,FALSE,FALSE,NA,NA,0,0,0,0,0,2.109423747e-15,8.594387503e-15,2.103206498e-12,0.2645695426,-251.8889764,-1.01125899,-1.01356177,"NA",0.8,1,0.4085829763,0.4208461012,0.92,FALSE,FALSE,FALSE,NA,NA,2,2,0,0,0,2.109423747e-15,8.594387503e-15,2.103206498e-12,0
"I_50x250",3,50,250,25,24,20265024,TRUE,49,50,49,50,49,50,50,0,24,26,2.162,1.955,2.068,0,0,0,0,0,0,0,5,4,4,0.2550252709,-264.8770995,-1.044705606,"5",-1.052457275,-1.043882877,-1.044705606,-1.044705606,NA,NA,5,10,0,5,5,0.002246722686,0.002769092309,1.937519008,0.2565043295,-263.5616394,-1.039442916,-1.044507216,"4",1,1,0.4972439008,0.459421582,0.88,FALSE,FALSE,FALSE,NA,NA,0,0,0,0,0,9.381384558e-15,1.4183757e-14,8.412825991e-12,0.2553381479,-264.6086934,-1.043631759,-1.044705606,"5",1,0.5,0.0003856217817,0.000299465766,1,TRUE,FALSE,FALSE,NA,NA,0,0,0,0,0,4.329869796e-15,9.698691484e-15,3.410605132e-12,0.2553381479,-264.6086934,-1.043631759,-1.044705606,"NA",1,0.5,0.0003856217817,0.000299465766,1,TRUE,FALSE,FALSE,NA,NA,0,0,0,0,0,4.329869796e-15,9.698691484e-15,3.410605132e-12,0
"I_50x250",3,50,250,25,25,20265025,TRUE,49,50,49,50,49,50,50,0,24,26,2.166,2.032,2.03,0,0,0,0,0,0,0,5,4,4,0.2569704867,-262.1453111,-1.038147884,"5",-1.041074608,-1.038147884,-1.038147884,-1.038147884,NA,NA,5,10,0,2,2,0.0008574425795,0.001060988196,0.7315273783,0.2596786937,-259.7493023,-1.028562494,-1.037739856,"4",1,1,0.3929555726,0.3905601333,0.92,FALSE,FALSE,FALSE,NA,NA,0,0,0,0,0,4.551914401e-15,9.751808215e-15,3.808509064e-12,0.2542373427,-264.4860315,-1.047512721,-1.038147884,"5",0,0.5,0.003381956545,0.002490739542,1,TRUE,FALSE,FALSE,NA,NA,0,0,0,0,0,6.106226635e-15,1.132587529e-14,5.172751116e-12,0.2542373427,-264.4860315,-1.047512721,-1.038147884,"NA",0,0.5,0.003381956545,0.002490739542,1,TRUE,FALSE,FALSE,NA,NA,1,1,0,1,1,0.002299561738,0.002836656335,1.971128075,0
"I_50x250",3,50,250,25,26,20265026,TRUE,49,50,49,50,49,50,50,0,24,26,2.123,1.982,2.029,0,0,0,0,0,0,0,5,4,4,0.2656344355,-258.7546335,-1.006357454,"2",-1.026942937,-1.006357454,-1.006357454,-1.00602166,NA,NA,5,8,3,3,3,0.006278548291,0.4228271093,5.145167829,0.2593558872,-263.9753311,-1.027244608,-1.006322962,"4",0,0.6,0.6827024265,0.6937584064,0.76,FALSE,FALSE,FALSE,NA,NA,0,0,0,0,0,1.537658889e-14,2.103802768e-14,1.335820343e-11,0.2576964751,-265.3795165,-1.032862511,-1.006322962,"4",0,0.6,0.6834799764,0.6947541495,0.76,FALSE,FALSE,FALSE,NA,NA,0,0,0,0,0,5.107025913e-15,1.017941813e-14,4.718003765e-12,0.2576964751,-265.3795165,-1.032862511,-1.006322962,"NA",0,0.6,0.6834799764,0.6947541495,0.76,FALSE,FALSE,FALSE,NA,NA,3,3,3,3,3,0.00165941212,0.6865329673,1.479715171,0
"I_50x250",3,50,250,25,27,20265027,TRUE,49,50,49,50,49,50,50,0,24,26,2.227,2.013,2.035,0,0,0,0,0,0,0,5,4,4,0.2562013791,-262.9695018,-1.040934358,"5",-1.051271872,-1.029136992,-1.040934358,-1.040934358,NA,NA,5,8,0,5,5,0.003475815569,0.004293171548,2.948715491,0.2608524179,-258.9747418,-1.024952469,-1.040701183,"4",1,1,0.2903598267,0.3549727579,0.96,FALSE,FALSE,FALSE,NA,NA,0,0,0,0,0,2.386979503e-15,8.589661255e-15,2.216893336e-12,0.2506815531,-267.7390087,-1.06001632,-1.040934358,"5",0,0.5,0.006817841552,0.006073063106,1,TRUE,FALSE,FALSE,NA,NA,0,0,0,0,0,3.16413562e-15,8.859908028e-15,2.899014362e-12,0.2506815531,-267.7390087,-1.06001632,-1.040934358,"NA",0,0.5,0.006817841552,0.006073063106,1,TRUE,FALSE,FALSE,NA,NA,0,0,0,0,0,3.16413562e-15,8.859908028e-15,2.899014362e-12,0
"I_50x250",3,50,250,25,28,20265028,TRUE,49,50,49,50,49,50,50,0,24,26,2.126,2.002,2.192,0,0,0,0,0,0,0,5,4,4,0.2605638663,-259.8447186,-1.021152295,"1",-1.021488722,-1.019190594,-1.023480984,-1.021152295,NA,NA,5,9,4,5,5,0.0005940296457,0.6785558532,0.4903250078,0.2611488459,-259.819309,-1.021047953,-1.023009829,"4",0.2,0.2,0.6692951331,0.6814749874,0.76,FALSE,FALSE,FALSE,NA,NA,0,0,0,0,0,4.107825191e-15,9.38425206e-15,3.0127012e-12,0.261157896,-259.9297334,-1.021488722,-1.023480984,"5",0.1,0.1,0.6785558532,0.7651960112,0.76,FALSE,FALSE,FALSE,NA,NA,0,0,0,0,0,1.276756478e-15,8.242969605e-15,1.023181539e-12,0.261157896,-259.9297334,-1.021488722,-1.023480984,"NA",0.1,0.1,0.6785558532,0.7651960112,0.76,FALSE,FALSE,FALSE,NA,NA,0,0,0,0,0,1.276756478e-15,8.242969605e-15,1.023181539e-12,0
"I_50x250",3,50,250,25,29,20265029,TRUE,49,50,49,50,49,50,50,0,24,26,2.142,2.12,1.947,0,0,0,0,0,0,0,5,4,4,0.2778273138,-244.4829216,-0.9689872951,"5",-0.9787798279,-0.9689872951,-0.9689872951,-0.9677602432,NA,NA,5,9,4,4,4,0.003477866852,0.6450008772,2.447113999,0.2788234084,-243.5418688,-0.9652235618,-0.9683456481,"4",1,0.2,0.2849872829,0.342281851,0.96,FALSE,FALSE,FALSE,NA,NA,0,0,0,0,0,3.219646771e-15,9.193493942e-15,2.188471626e-12,0.2680538862,-252.1378822,-0.9996155067,-0.9683456481,"4",0,0.2,0.287372512,0.3403916547,0.96,FALSE,FALSE,FALSE,NA,NA,0,0,0,0,0,3.552713679e-15,9.322558238e-15,1.790567694e-12,0.2680538862,-252.1378822,-0.9996155067,-0.9683456481,"NA",0,0.2,0.287372512,0.3403916547,0.96,FALSE,FALSE,FALSE,NA,NA,0,0,0,0,0,3.552713679e-15,9.322558238e-15,1.790567694e-12,0
"I_50x250",3,50,250,25,30,20265030,TRUE,49,50,49,50,49,50,50,0,24,26,2.069,2.057,2.037,0,0,0,0,0,0,0,5,4,4,0.2542494769,-263.2348371,-1.047500823,"5",-1.047500823,-1.047174729,-1.047500823,-1.047500823,NA,NA,5,10,0,2,2,9.466580693e-05,0.0001166840238,0.08150655739,0.2641255562,-254.716507,-1.013421877,-1.046775487,"4",1,1,0.3972043247,0.3828169487,0.92,FALSE,FALSE,FALSE,NA,NA,0,0,0,0,0,3.885780586e-15,9.435047811e-15,2.785327524e-12,0.2577936852,-260.2046669,-1.035377608,-1.047500823,"5",1,0.5,0.004368551762,0.004061064593,1,TRUE,FALSE,FALSE,NA,NA,0,0,0,0,0,4.274358645e-15,9.455277205e-15,2.671640686e-12,0.2577936852,-260.2046669,-1.035377608,-1.047500823,"NA",1,0.5,0.004368551762,0.004061064593,1,TRUE,FALSE,FALSE,NA,NA,0,0,0,0,0,4.274358645e-15,9.455277205e-15,2.671640686e-12,0
"I_50x250",3,50,250,25,31,20265031,TRUE,49,50,49,50,49,50,50,0,24,26,2.117,1.964,1.968,0,0,0,0,0,0,0,5,4,4,0.2506487717,-262.47696,-1.060928778,"5",-1.069416044,-1.060803922,-1.060928778,-1.059786829,NA,NA,5,8,3,3,3,0.00266091726,0.6563569622,2.121077646,0.2576416604,-256.3446524,-1.036395457,-1.06050125,"4",1,0.4,0.284504931,0.4393662786,0.96,FALSE,FALSE,FALSE,NA,NA,0,0,0,0,0,8.215650382e-15,1.31471158e-14,6.878053682e-12,0.2568841661,-257.095969,-1.039400319,-1.060928778,"5",1,0.2,0.007653127179,0.006155233812,1,TRUE,FALSE,FALSE,NA,NA,0,0,0,0,0,3.941291737e-15,9.715147987e-15,2.785327524e-12,0.2568841661,-257.095969,-1.039400319,-1.060928778,"NA",1,0.2,0.007653127179,0.006155233812,1,TRUE,FALSE,FALSE,NA,NA,0,0,0,0,0,3.941291737e-15,9.715147987e-15,2.785327524e-12,0
"I_50x250",3,50,250,25,32,20265032,TRUE,49,50,49,50,49,50,50,0,24,26,2.126,2.013,2.022,0,0,0,0,0,0,0,5,4,4,0.2624909378,-253.4970502,-1.018310234,"5",-1.044362309,-1.022913183,-1.018310234,-1.018310234,NA,NA,5,10,0,5,5,0.007697615738,0.009579008265,6.511650827,0.2547161995,-259.772619,-1.043420077,-1.017104958,"4",0.2,1,0.6265608694,0.6411583797,0.8,FALSE,FALSE,FALSE,NA,NA,0,0,0,0,0,6.217248938e-15,1.120826979e-14,5.343281373e-12,0.2577556163,-257.4788246,-1.034240709,-1.018310234,"5",0.2,0.5,0.00589269272,0.004921114847,1,TRUE,FALSE,FALSE,NA,NA,0,0,0,0,0,4.440892099e-15,9.848272327e-15,3.467448551e-12,0.2577556163,-257.4788246,-1.034240709,-1.018310234,"NA",0.2,0.5,0.00589269272,0.004921114847,1,TRUE,FALSE,FALSE,NA,NA,4,4,0,0,0,4.440892099e-15,9.848272327e-15,3.467448551e-12,0
"I_50x250",3,50,250,25,33,20265033,TRUE,49,50,49,50,49,50,50,0,24,26,2.22,2.066,2.068,0,0,0,0,0,0,0,5,4,4,0.2475856153,-260.398766,-1.068595355,"2",-1.069195477,-1.054209543,-1.068595355,-1.068595355,NA,NA,5,9,0,4,4,0.004096882041,0.005019796476,3.595744339,0.2566541963,-252.5121824,-1.037042766,-1.068562271,"2",1,1,0.5667122777,0.8314560788,0.84,FALSE,FALSE,FALSE,NA,NA,0,0,0,0,0,1.121325255e-14,1.627578352e-14,9.634959497e-12,0.2589977573,-250.7352178,-1.029932496,-1.069410057,"4",1,0,0.7330529866,0.6572042322,0.72,FALSE,FALSE,FALSE,NA,NA,0,0,0,0,0,4.829470157e-15,9.927912518e-15,4.462208381e-12,0.2589977573,-250.7352178,-1.029932496,-1.069410057,"NA",1,0,0.7330529866,0.6572042322,0.72,FALSE,FALSE,FALSE,NA,NA,0,0,0,0,0,4.829470157e-15,9.927912518e-15,4.462208381e-12,0
"I_50x250",3,50,250,25,34,20265034,TRUE,49,50,49,50,49,50,50,0,24,26,2.441,2.161,1.959,0,0,0,0,0,0,0,5,4,4,0.2615549152,-262.6756424,-1.021107708,"5",-1.021107708,-1.019146369,-1.021107708,-1.021107708,NA,NA,5,9,0,2,2,0.0005870553908,0.0007314064994,0.4902297598,0.2644242694,-260.2730626,-1.011494833,-1.02103815,"4",1,1,0.4821786092,0.5880200759,0.88,FALSE,FALSE,FALSE,NA,NA,0,0,0,0,0,9.93649607e-15,1.480284771e-14,8.071765478e-12,0.2621419706,-262.1854127,-1.019146369,-1.021107708,"5",0.8,0.5,0.0007314064994,0.0006003139739,1,TRUE,FALSE,FALSE,NA,NA,0,0,0,0,0,5.218048216e-15,1.035850206e-14,3.922195901e-12,0.2621419706,-262.1854127,-1.019146369,-1.021107708,"NA",0.8,0.5,0.0007314064994,0.0006003139739,1,TRUE,FALSE,FALSE,NA,NA,1,1,0,0,0,5.218048216e-15,1.035850206e-14,3.922195901e-12,0
"I_50x250",3,50,250,25,35,20265035,TRUE,49,50,49,50,49,50,50,0,24,26,2.138,2.01,2.028,0,0,0,0,0,0,0,5,4,4,0.2557984522,-260.8011988,-1.041392523,"5",-1.043365462,-1.035399871,-1.041392523,-1.039561045,NA,NA,5,9,1,2,2,0.001756683905,0.6374128429,1.497849908,0.2600513973,-256.8238762,-1.025482879,-1.039916775,"1",1,0.8,0.6286324862,0.6382551691,0.8,FALSE,FALSE,FALSE,NA,NA,0,0,0,0,0,5.273559367e-15,1.009138822e-14,4.376943252e-12,0.2582507604,-258.7131612,-1.033038623,-1.041392523,"5",1,0.4,0.003029603553,0.00250308589,1,TRUE,FALSE,FALSE,NA,NA,0,0,0,0,0,7.271960811e-15,1.21722161e-14,6.082245818e-12,0.2582507604,-258.7131612,-1.033038623,-1.041392523,"NA",1,0.4,0.003029603553,0.00250308589,1,TRUE,FALSE,FALSE,NA,NA,1,1,0,0,0,7.271960811e-15,1.21722161e-14,6.082245818e-12,0
"I_50x250",3,50,250,25,36,20265036,TRUE,49,50,49,50,49,50,50,0,24,26,2.051,2.02,2.125,0,0,0,0,0,0,0,5,4,4,0.2698928766,-251.3506227,-0.9915383581,"1",-1.000539775,-0.9868914156,-0.9919153104,-0.9913405791,NA,NA,5,10,5,5,5,0.002826697095,0.7791645213,2.249514176,0.2689215034,-252.2820824,-0.9952652909,-0.9921153478,"4",0.6,0,0.7915302128,0.93527962,0.68,FALSE,FALSE,FALSE,NA,NA,0,0,0,0,0,1.032507413e-14,1.492804841e-14,8.157030607e-12,0.2689215034,-252.2820824,-0.9952652909,-0.9921153478,"4",0.6,0,0.7915302128,0.93527962,0.68,FALSE,FALSE,FALSE,NA,NA,0,0,0,0,0,1.032507413e-14,1.492804841e-14,8.157030607e-12,0.2689215034,-252.2820824,-0.9952652909,-0.9921153478,"NA",0.6,0,0.7915302128,0.93527962,0.68,FALSE,FALSE,FALSE,NA,NA,1,1,1,1,1,0.009293412875,0.6358665662,7.909197097,0
"I_50x250",3,50,250,25,37,20265037,TRUE,49,50,49,50,49,50,50,0,24,26,2.141,2.014,1.952,0,0,0,0,0,0,0,5,4,4,0.258717649,-262.236484,-1.031903267,"5",-1.031903267,-1.028817296,-1.031903267,-1.031903267,NA,NA,5,7,0,4,4,0.0009137725361,0.001133464106,0.7713281519,0.2658096758,-256.0876053,-1.007304089,-1.030961049,"4",1,1,0.5034669717,0.4743802354,0.88,FALSE,FALSE,FALSE,NA,NA,0,0,0,0,0,5.606626274e-15,1.047791463e-14,4.945377441e-12,0.2596314216,-261.4651559,-1.028817296,-1.031903267,"5",0.7,0.5,0.001133464106,0.0009722158311,1,TRUE,FALSE,FALSE,NA,NA,0,0,0,0,0,6.605826997e-15,1.163998805e-14,5.627498467e-12,0.2596314216,-261.4651559,-1.028817296,-1.031903267,"NA",0.7,0.5,0.001133464106,0.0009722158311,1,TRUE,FALSE,FALSE,NA,NA,0,0,0,0,0,6.605826997e-15,1.163998805e-14,5.627498467e-12,0
"I_50x250",3,50,250,25,38,20265038,TRUE,49,50,49,50,49,50,50,0,24,26,2.193,1.962,2.092,0,0,0,0,0,0,0,5,4,4,0.2565743477,-260.8866454,-1.040784741,"5",-1.050505694,-1.034094376,-1.040784741,-1.040784741,NA,NA,5,10,0,5,5,0.002831668244,0.003501880409,2.429724503,0.259703117,-258.1104394,-1.029678986,-1.040290184,"4",1,1,0.4102849075,0.4205463275,0.92,FALSE,FALSE,FALSE,NA,NA,0,0,0,0,0,7.771561172e-15,1.262155495e-14,6.764366844e-12,0.2539380247,-263.1478482,-1.049831466,-1.040784741,"5",0.4,0.5,0.003260300004,0.002477244417,1,TRUE,FALSE,FALSE,NA,NA,0,0,0,0,0,3.275157923e-15,8.819264352e-15,2.50111043e-12,0.2539380247,-263.1478482,-1.049831466,-1.040784741,"NA",0.4,0.5,0.003260300004,0.002477244417,1,TRUE,FALSE,FALSE,NA,NA,0,0,0,0,0,3.275157923e-15,8.819264352e-15,2.50111043e-12,0
"I_50x250",3,50,250,25,39,20265039,TRUE,49,50,49,50,49,50,50,0,24,26,2.148,1.972,2.005,0,0,0,0,0,0,0,5,4,4,0.256512322,-261.9834877,-1.039341621,"5",-1.045880437,-1.01299197,-1.039341621,-1.039341621,NA,NA,5,7,0,5,5,0.007841383376,0.009698955508,6.586001576,0.2632643594,-256.2710051,-1.016486893,-1.039225076,"4",0.6,1,0.4133324442,0.4696705662,0.92,FALSE,FALSE,FALSE,NA,NA,0,0,0,0,0,9.436895709e-16,8.319203481e-15,1.023181539e-12,0.2658764793,-254.1421709,-1.007969601,-1.039341621,"5",1,0.5,0.01158246461,0.009780439959,1,TRUE,FALSE,FALSE,NA,NA,0,0,0,0,0,1.432187702e-14,1.940838581e-14,1.190869625e-11,0.2658764793,-254.1421709,-1.007969601,-1.039341621,"NA",1,0.5,0.01158246461,0.009780439959,1,TRUE,FALSE,FALSE,NA,NA,0,0,0,0,0,1.432187702e-14,1.940838581e-14,1.190869625e-11,0
"I_50x250",3,50,250,25,40,20265040,TRUE,49,50,49,50,49,50,50,0,24,26,2.212,2.083,2.251,0,0,0,0,0,0,0,5,4,4,0.2546920545,-263.5237057,-1.046328451,"5",-1.047331726,-1.046328451,-1.046328451,-1.045464383,NA,NA,5,10,1,1,1,0.0005423682033,0.6666286362,0.2506218442,0.2548149,-263.3898737,-1.045793359,-1.046215735,"4",1,0.8,0.2818000159,0.2824987238,0.96,FALSE,FALSE,FALSE,NA,NA,0,0,0,0,0,3.719247132e-15,9.430761508e-15,3.410605132e-12,0.2542799794,-263.6643775,-1.046892193,-1.04547384,"2",0.2,0.8,0.5131705178,0.4727659307,0.88,FALSE,FALSE,FALSE,NA,NA,0,0,0,0,0,3.219646771e-15,9.029880743e-15,2.50111043e-12,0.2542799794,-263.6643775,-1.046892193,-1.04547384,"NA",0.2,0.8,0.5131705178,0.4727659307,0.88,FALSE,FALSE,FALSE,NA,NA,0,0,0,0,0,3.219646771e-15,9.029880743e-15,2.50111043e-12,0
"I_50x250",3,50,250,25,41,20265041,TRUE,49,50,49,50,49,50,50,0,24,26,2.094,2.107,2.128,0,0,0,0,0,0,0,5,4,4,0.2718617593,-245.6317685,-0.9867047697,"5",-0.9926739881,-0.9873048988,-0.9867047697,-0.9867047697,NA,NA,5,10,0,5,5,0.001851557564,0.002336396805,1.491967864,0.2751329905,-243.0022692,-0.9761838511,-0.9866269072,"4",1,1,0.5002699934,0.4671515053,0.88,FALSE,FALSE,FALSE,NA,NA,0,0,0,0,0,1.776356839e-15,8.488347252e-15,7.105427358e-13,0.2748531059,-243.2437015,-0.9771503131,-0.9867047697,"5",1,0.5,0.003774645136,0.003026587249,1,TRUE,FALSE,FALSE,NA,NA,0,0,0,0,0,5.939693182e-15,1.100979788e-14,4.945377441e-12,0.2749260566,-243.1979048,-0.9769654696,-0.9867521832,"NA",1,0,0.6450768707,0.5975545619,0.8,FALSE,FALSE,FALSE,NA,NA,1,1,1,1,1,7.295070585e-05,0.6365054884,0.0457966645,0
"I_50x250",3,50,250,25,42,20265042,TRUE,49,50,49,50,49,50,50,0,24,26,2.385,2.271,2.159,0,0,0,0,0,0,0,5,4,4,0.2587901761,-268.1322258,-1.031667481,"5",-1.042388347,-1.031667481,-1.031667481,-1.031667481,NA,NA,5,6,0,1,1,0.003149337288,0.003909420858,2.67964825,0.2556408389,-270.7344313,-1.042079284,-1.031358712,"4",0.2,1,0.3983165209,0.4148840607,0.92,FALSE,FALSE,FALSE,NA,NA,0,0,0,0,0,2.609024108e-15,8.891624185e-15,1.98951966e-12,0.2556408389,-270.811874,-1.042388347,-1.031667481,"5",0.1,0.5,0.003909420858,0.003155925146,1,TRUE,FALSE,FALSE,NA,NA,0,0,0,0,0,2.609024108e-15,8.798528006e-15,1.932676241e-12,0.2556408389,-270.811874,-1.042388347,-1.031667481,"NA",0.1,0.5,0.003909420858,0.003155925146,1,TRUE,FALSE,FALSE,NA,NA,1,1,0,0,0,2.609024108e-15,8.798528006e-15,1.932676241e-12,0
"I_50x250",3,50,250,25,43,20265043,TRUE,49,50,49,50,49,50,50,0,24,26,2.188,2.191,2.075,0,0,0,0,0,0,0,5,4,4,0.2693670793,-254.2316588,-0.9934629384,"1",-0.9936825138,-0.992927369,-0.9936825138,-0.992927369,NA,NA,5,10,5,0,5,2.942091015e-15,0.4913159381,0.1340858368,0.2701207717,-253.9034711,-0.9921470604,-0.9945881591,"4",1,0,0.6853991687,0.5725715319,0.76,FALSE,FALSE,FALSE,NA,NA,0,0,0,0,0,1.049160758e-14,1.517068359e-14,8.554934539e-12,0.2730037006,-251.5859779,-0.9828749809,-0.9945881591,"4",1,0,0.6840711876,0.5716891772,0.76,FALSE,FALSE,FALSE,NA,NA,0,0,0,0,0,5.162537065e-15,1.052286596e-14,3.410605132e-12,0.2730037006,-251.5859779,-0.9828749809,-0.9945881591,"NA",1,0,0.6840711876,0.5716891772,0.76,FALSE,FALSE,FALSE,NA,NA,0,0,0,0,0,5.162537065e-15,1.052286596e-14,3.410605132e-12,0
"I_50x250",3,50,250,25,44,20265044,TRUE,49,50,49,50,49,50,50,0,24,26,2.378,2.103,2.086,0,0,0,0,0,0,0,5,4,4,0.2609212303,-256.2372126,-1.023252144,"5",-1.029737298,-1.023252144,-1.023252144,-1.023252144,NA,NA,5,10,0,2,2,0.001926596281,0.002390879407,1.620948691,0.2609212303,-256.1446516,-1.022882108,-1.022882108,"4",1,1,0.4072213354,0.4691831357,0.92,FALSE,FALSE,TRUE,NA,NA,0,0,0,0,0,3.16413562e-15,8.873214416e-15,2.955857781e-12,0.2609212303,-256.2372126,-1.023252144,-1.023252144,"5",0.7,0.5,0,0,1,TRUE,TRUE,TRUE,NA,NA,0,0,0,0,0,3.16413562e-15,8.960451365e-15,2.899014362e-12,0.2609212303,-256.2372126,-1.023252144,-1.023252144,"NA",0.7,0.5,0,0,1,TRUE,TRUE,TRUE,NA,NA,0,0,0,0,0,3.16413562e-15,8.960451365e-15,2.899014362e-12,0
"I_50x250",3,50,250,25,45,20265045,TRUE,49,50,49,50,49,50,50,0,24,26,2.055,1.983,2.112,0,0,0,0,0,0,0,5,4,4,0.2640895252,-257.7381449,-1.010943754,"5",-1.015759653,-1.01426295,-1.010943754,-1.010313564,NA,NA,5,10,1,5,5,0.001639596234,0.5450128606,1.203402151,0.2612834641,-260.0683486,-1.020266711,-1.010924071,"4",0,0.8,0.2841746921,0.3590859127,0.96,FALSE,FALSE,FALSE,NA,NA,0,0,0,0,0,5.995204333e-15,1.085816405e-14,4.718003765e-12,0.2629434418,-258.6887617,-1.014747028,-1.010943754,"5",0.5,0.4,0.001430317957,0.001198167282,1,TRUE,FALSE,FALSE,NA,NA,0,0,0,0,0,3.719247132e-15,9.106519631e-15,3.126388037e-12,0.2629434418,-258.6887617,-1.014747028,-1.010943754,"NA",0.5,0.4,0.001430317957,0.001198167282,1,TRUE,FALSE,FALSE,NA,NA,1,1,0,0,0,3.719247132e-15,9.106519631e-15,3.126388037e-12,0
"I_50x250",3,50,250,25,46,20265046,TRUE,49,50,49,50,49,50,50,0,24,26,2.222,1.982,2.02,0,0,0,0,0,0,0,5,4,4,0.2714798441,-252.951483,-0.9890412634,"5",-0.9911510139,-0.9898246255,-0.9890412634,-0.9890412634,NA,NA,5,9,0,5,5,0.0006548992915,0.0008255214513,0.5273166938,0.2688421411,-254.9620339,-0.9970863333,-0.9885566315,"4",0,1,0.3995237619,0.4725139231,0.92,FALSE,FALSE,FALSE,NA,NA,0,0,0,0,0,2.386979503e-15,8.648277667e-15,1.932676241e-12,0.2630082968,-259.8776256,-1.016752036,-0.9890412634,"5",0,0.5,0.01067865575,0.009221649147,1,TRUE,FALSE,FALSE,NA,NA,0,0,0,0,0,3.108624469e-15,8.673498984e-15,2.671640686e-12,0.2686330306,-255.2534558,-0.9982512523,-0.9890412634,"NA",0,0.5,0.003588499232,0.003098880762,1,TRUE,FALSE,FALSE,NA,NA,5,5,0,5,5,0.005624733888,0.007066929237,4.624169807,0
"I_50x250",3,50,250,25,47,20265047,TRUE,49,50,49,50,49,50,50,0,24,26,2.121,1.974,2.084,0,0,0,0,0,0,0,5,4,4,0.2533441379,-265.9012666,-1.051010323,"5",-1.050149681,-1.047467164,-1.051010323,-1.051010323,NA,NA,5,8,0,5,5,0.001026734996,0.001262929311,0.8856067997,0.2557686781,-263.7619512,-1.042450913,-1.050794021,"1",1,1,0.6323610538,0.6408982519,0.8,FALSE,FALSE,FALSE,NA,NA,0,0,0,0,0,3.275157923e-15,8.871122769e-15,3.126388037e-12,0.251987379,-267.0772846,-1.055715358,-1.051010323,"5",0,0.5,0.001668873285,0.001518440823,1,TRUE,FALSE,FALSE,NA,NA,0,0,0,0,0,2.664535259e-15,8.58294525e-15,2.273736754e-12,0.251987379,-267.0772846,-1.055715358,-1.051010323,"NA",0,0.5,0.001668873285,0.001518440823,1,TRUE,FALSE,FALSE,NA,NA,0,0,0,0,0,2.664535259e-15,8.58294525e-15,2.273736754e-12,0
"I_50x250",3,50,250,25,48,20265048,TRUE,49,50,49,50,49,50,50,0,24,26,2.041,1.975,2.034,0,0,0,0,0,0,0,5,4,4,0.2634990675,-258.4359215,-1.014557089,"5",-1.014557089,-1.011048156,-1.014557089,-1.014557089,NA,NA,5,9,0,1,1,0.001059414717,0.001319742743,0.8770429518,0.2591563426,-261.9312095,-1.028541774,-1.014002762,"1",0,1,0.478503706,0.5075151913,0.88,FALSE,FALSE,FALSE,NA,NA,0,0,0,0,0,3.60822483e-15,9.145835604e-15,2.899014362e-12,0.265146592,-257.0735904,-1.00910658,-1.014557089,"5",1,0.5,0.002052367697,0.001727225818,1,TRUE,FALSE,FALSE,NA,NA,0,0,0,0,0,1.11577414e-14,1.604502666e-14,9.265477274e-12,0.265146592,-257.0735904,-1.00910658,-1.014557089,"NA",1,0.5,0.002052367697,0.001727225818,1,TRUE,FALSE,FALSE,NA,NA,0,0,0,0,0,1.11577414e-14,1.604502666e-14,9.265477274e-12,0
"I_50x250",3,50,250,25,49,20265049,TRUE,49,50,49,50,49,50,50,0,24,26,2.119,2.009,2.049,0,0,0,0,0,0,0,5,4,4,0.2567533393,-264.9382242,-1.036288315,"5",-1.028903693,-1.028903693,-1.036288315,-1.036288315,NA,NA,5,10,0,5,5,0.002175243052,0.002689841443,1.845775823,0.2598315911,-262.3669372,-1.026000749,-1.036432074,"4",1,0,0.3967282524,0.4371046077,0.92,FALSE,FALSE,FALSE,NA,NA,0,0,0,0,0,7.66053887e-15,1.215975614e-14,6.99174052e-12,0.255476997,-266.0648707,-1.040795527,-1.036432074,"4",0,0,0.3978591356,0.4383612819,0.92,FALSE,FALSE,FALSE,NA,NA,0,0,0,0,0,4.662936703e-15,1.005897941e-14,3.296918294e-12,0.255476997,-266.0648707,-1.040795527,-1.036432074,"NA",0,0,0.3978591356,0.4383612819,0.92,FALSE,FALSE,FALSE,NA,NA,0,0,0,0,0,4.662936703e-15,1.005897941e-14,3.296918294e-12,0
"I_50x250",3,50,250,25,50,20265050,TRUE,49,50,49,50,49,50,50,0,24,26,2.146,1.923,1.979,0,0,0,0,0,0,0,5,4,4,0.2649959546,-254.0271516,-1.011983584,"5",-1.022902487,-1.022902487,-1.011983584,-1.011983584,NA,NA,5,10,0,5,5,0.00328745785,0.004098190423,2.729126191,0.2556452617,-261.8721135,-1.043370441,-1.011932989,"4",0,1,0.2941880778,0.2717518699,0.96,FALSE,FALSE,FALSE,NA,NA,0,0,0,0,0,4.94049246e-15,9.737623733e-15,4.547473509e-12,0.2522690949,-264.795883,-1.055067694,-1.011983584,"5",0,0.5,0.01586547923,0.01136798949,1,TRUE,FALSE,FALSE,NA,NA,0,0,0,0,0,5.107025913e-15,1.012820824e-14,4.831690603e-12,0.2522690949,-264.795883,-1.055067694,-1.011983584,"NA",0,0.5,0.01586547923,0.01136798949,1,TRUE,FALSE,FALSE,NA,NA,1,1,0,0,0,5.107025913e-15,1.012820824e-14,4.831690603e-12,0
"I_100x250",4,100,250,50,1,20266001,TRUE,99,100,99,100,99,100,100,0,49,51,4.106,4.071,3.81,0,0,0,0,0,0,0,5,4,4,0.1742975367,-283.6240753,-1.140197262,"5",-1.140539072,-1.138131347,-1.140197262,-1.140197262,NA,NA,5,10,0,3,3,0.0004655786267,0.0004947853569,0.5163296892,0.1763164687,-281.5023127,-1.131706896,-1.140624674,"4",1,0,0.3369211972,0.2499440414,0.94,FALSE,FALSE,FALSE,NA,NA,0,0,0,0,0,1.082467449e-15,7.790183879e-15,1.307398634e-12,0.1736019203,-284.5052833,-1.14372227,-1.140624674,"4",0,0,0.3375242986,0.2503649597,0.94,FALSE,FALSE,FALSE,NA,NA,0,0,0,0,0,7.771561172e-16,7.789375486e-15,1.136868377e-12,0.1736019203,-284.5052833,-1.14372227,-1.140624674,"NA",0,0,0.3375242986,0.2503649597,0.94,FALSE,FALSE,FALSE,NA,NA,1,1,1,1,1,0.005848895647,0.3366898613,6.532975058,0
"I_100x250",4,100,250,50,2,20266002,TRUE,99,100,99,100,99,100,100,0,49,51,4.016,4.192,4.036,0,0,0,0,0,0,0,5,4,4,0.1783979321,-278.347505,-1.118975329,"5",-1.123809348,-1.118975329,-1.118975329,-1.118975329,NA,NA,5,10,0,1,1,0.001111212412,0.001187678445,1.208151419,0.1787453643,-277.8457084,-1.116968861,-1.118473672,"4",1,1,0.330319291,0.2897307197,0.94,FALSE,FALSE,FALSE,NA,NA,0,0,0,0,0,1.443289932e-15,7.702511256e-15,1.534772309e-12,0.174055029,-282.9886588,-1.13754659,-1.118473672,"4",0,1,0.3313079306,0.2891209822,0.94,FALSE,FALSE,FALSE,NA,NA,0,0,0,0,0,1.193489751e-15,7.68246925e-15,9.094947018e-13,0.174055029,-282.9886588,-1.13754659,-1.118473672,"NA",0,1,0.3313079306,0.2891209822,0.94,FALSE,FALSE,FALSE,NA,NA,2,2,2,2,2,0.000408400657,0.3799058736,0.4031706385,0
"I_100x250",4,100,250,50,3,20266003,TRUE,99,100,99,100,99,100,100,0,49,51,3.91,3.748,3.556,0,0,0,0,0,0,0,5,4,4,0.1753017471,-283.607323,-1.132360713,"5",-1.14424577,-1.141422528,-1.132360713,-1.132360713,NA,NA,5,10,0,5,5,0.002669816324,0.002848459188,2.970419636,0.1716922048,-287.4530768,-1.147749353,-1.131636612,"4",0,1,0.3352674906,0.2935770554,0.94,FALSE,FALSE,FALSE,NA,NA,0,0,0,0,0,4.996003611e-16,7.650004747e-15,5.684341886e-13,0.1721079379,-287.1663633,-1.146600914,-1.132360713,"5",0,0.5,0.003407513534,0.001944979873,1,TRUE,FALSE,FALSE,NA,NA,0,0,0,0,0,1.665334537e-15,7.73965713e-15,1.875832822e-12,0.1721079379,-287.1663633,-1.146600914,-1.132360713,"NA",0,0.5,0.003407513534,0.001944979873,1,TRUE,FALSE,FALSE,NA,NA,4,4,0,0,0,1.665334537e-15,7.73965713e-15,1.875832822e-12,0
"I_100x250",4,100,250,50,4,20266004,TRUE,99,100,99,100,99,100,100,0,49,51,3.866,3.766,3.779,0,0,0,0,0,0,0,5,4,4,0.1728047498,-285.132658,-1.145592504,"5",-1.159727052,-1.144708581,-1.145592504,-1.145592504,NA,NA,5,10,0,5,5,0.003123170612,0.003314177321,3.532650664,0.1740135932,-283.4993962,-1.139060001,-1.144458574,"4",1,1,0.3818173832,0.3211555266,0.92,FALSE,FALSE,FALSE,NA,NA,0,0,0,0,0,2.220446049e-15,7.896103731e-15,2.046363079e-12,0.1696815792,-288.6653087,-1.159727052,-1.145592504,"5",0.2,0.5,0.003314177321,0.001854408386,1,TRUE,FALSE,FALSE,NA,NA,0,0,0,0,0,8.326672685e-16,7.701029913e-15,1.023181539e-12,0.1696815792,-288.6653087,-1.159727052,-1.145592504,"NA",0.2,0.5,0.003314177321,0.001854408386,1,TRUE,FALSE,FALSE,NA,NA,0,0,0,0,0,8.326672685e-16,7.701029913e-15,1.023181539e-12,0
"I_100x250",4,100,250,50,5,20266005,TRUE,99,100,99,100,99,100,100,0,49,51,3.819,3.61,3.767,0,0,0,0,0,0,0,5,4,4,0.1755715462,-282.8072093,-1.130771537,"5",-1.141144752,-1.122164016,-1.130771537,-1.130771537,NA,NA,5,10,0,5,5,0.002336592095,0.002492940953,2.592568841,0.1782028355,-280.0465537,-1.119723912,-1.131235623,"4",1,0,0.3804226504,0.2695570974,0.92,FALSE,FALSE,FALSE,NA,NA,0,0,0,0,0,7.21644966e-16,7.606244394e-15,9.663381206e-13,0.1752203686,-283.3110336,-1.132785624,-1.131235623,"4",0.4,0,0.3811504688,0.270273828,0.92,FALSE,FALSE,FALSE,NA,NA,0,0,0,0,0,4.440892099e-16,7.600049637e-15,8.526512829e-13,0.1752203686,-283.3110336,-1.132785624,-1.131235623,"NA",0.4,0,0.3811504688,0.270273828,0.92,FALSE,FALSE,FALSE,NA,NA,1,1,1,0,1,4.440892099e-16,0.3789155849,0.116484832,0
"I_100x250",4,100,250,50,6,20266006,TRUE,99,100,99,100,99,100,100,0,49,51,3.859,3.501,3.869,0,0,0,0,0,0,0,5,4,4,0.1759523896,-281.5073512,-1.128038533,"4",-1.143215764,-1.122882891,-1.130405113,-1.126907169,NA,NA,5,10,5,5,5,0.00352253481,0.7266885936,3.792983338,0.1730716482,-285.0679045,-1.1422849,-1.129504801,"4",0.2,0.4,0.5947679429,0.4362218621,0.8,FALSE,FALSE,FALSE,NA,NA,0,0,0,0,0,4.996003611e-16,7.552236356e-15,5.684341886e-13,0.1737098538,-284.3555067,-1.139434509,-1.129504801,"4",0.2,0.4,0.5945510868,0.4362911969,0.8,FALSE,FALSE,FALSE,NA,NA,0,0,0,0,0,1.498801083e-15,7.698074856e-15,1.193711796e-12,0.1738322881,-283.8044825,-1.137229943,-1.127845577,"NA",0.2,0.4,0.8023953839,0.5368147182,0.64,FALSE,FALSE,FALSE,NA,NA,4,4,3,3,3,0.0001224343438,0.7227743163,0.5510241743,0
"I_100x250",4,100,250,50,7,20266007,TRUE,99,100,99,100,99,100,100,0,49,51,3.984,3.636,3.681,0,0,0,0,0,0,0,5,4,4,0.1741346576,-285.487372,-1.13884541,"5",-1.146927893,-1.13884541,-1.13884541,-1.13884541,NA,NA,5,10,0,2,2,0.001807414199,0.001924187402,2.020045429,0.1715998932,-288.1493429,-1.149497819,-1.138138903,"4",0,1,0.3230148862,0.2577648967,0.94,FALSE,FALSE,FALSE,NA,NA,0,0,0,0,0,8.881784197e-16,7.647950014e-15,5.684341886e-13,0.1688237697,-291.4868017,-1.16284987,-1.13884541,"5",0,0.5,0.005654013164,0.003425765167,1,TRUE,FALSE,FALSE,NA,NA,0,0,0,0,0,1.054711873e-15,7.705401982e-15,1.080024958e-12,0.1688237697,-291.4868017,-1.16284987,-1.13884541,"NA",0,0.5,0.005654013164,0.003425765167,1,TRUE,FALSE,FALSE,NA,NA,0,0,0,0,0,1.054711873e-15,7.705401982e-15,1.080024958e-12,0
"I_100x250",4,100,250,50,8,20266008,TRUE,99,100,99,100,99,100,100,0,49,51,4.321,4.212,3.747,0,0,0,0,0,0,0,5,4,4,0.1728112511,-287.6187044,-1.143939548,"5",-1.143939548,-1.143522959,-1.143939548,-1.143939548,NA,NA,5,10,0,2,2,9.295891425e-05,9.886705104e-05,0.1041178366,0.1774087616,-282.443091,-1.123232374,-1.143558639,"4",1,1,0.3335016488,0.2563981253,0.94,FALSE,FALSE,FALSE,NA,NA,0,0,0,0,0,7.771561172e-16,7.761476432e-15,9.663381206e-13,0.1735810965,-286.7582035,-1.140496571,-1.143939548,"5",1,0.5,0.0008187740312,0.0004756091033,1,TRUE,FALSE,FALSE,NA,NA,0,0,0,0,0,6.661338148e-16,7.708216069e-15,5.684341886e-13,0.1735810965,-286.7582035,-1.140496571,-1.143939548,"NA",1,0.5,0.0008187740312,0.0004756091033,1,TRUE,FALSE,FALSE,NA,NA,0,0,0,0,0,6.661338148e-16,7.708216069e-15,5.684341886e-13,0
"I_100x250",4,100,250,50,9,20266009,TRUE,99,100,99,100,99,100,100,0,49,51,3.734,3.872,4.067,0,0,0,0,0,0,0,5,4,4,0.1752575445,-284.5276216,-1.130721164,"5",-1.139461041,-1.127817395,-1.130721164,-1.130721164,NA,NA,5,10,0,5,5,0.001967369243,0.002096822059,2.184354967,0.1763207043,-283.4102976,-1.12624993,-1.130930588,"4",1,0,0.1916522504,0.1542760902,0.98,FALSE,FALSE,FALSE,NA,NA,0,0,0,0,0,4.163336342e-16,7.667845713e-15,9.094947018e-13,0.1726788498,-287.4486445,-1.142407881,-1.130930588,"4",0,0,0.1921253517,0.1536981964,0.98,FALSE,FALSE,FALSE,NA,NA,0,0,0,0,0,6.106226635e-16,7.691937871e-15,5.115907697e-13,0.1726788498,-287.4486445,-1.142407881,-1.130930588,"NA",0,0,0.1921253517,0.1536981964,0.98,FALSE,FALSE,FALSE,NA,NA,1,1,1,0,1,6.106226635e-16,0.3813517626,0.04413145396,0
"I_100x250",4,100,250,50,10,20266010,TRUE,99,100,99,100,99,100,100,0,49,51,4.24,3.685,3.761,0,0,0,0,0,0,0,5,4,4,0.1703510015,-289.0793978,-1.15805819,"5",-1.162810398,-1.15805819,-1.15805819,-1.15805819,NA,NA,5,9,0,1,1,0.001040916347,0.001103467393,1.187721473,0.1763089068,-282.4997966,-1.131731501,-1.158363191,"4",1,0,0.2645036998,0.2483089241,0.96,FALSE,FALSE,FALSE,NA,NA,0,0,0,0,0,1.026956298e-15,7.783756352e-15,1.193711796e-12,0.1693188274,-290.3335843,-1.163075598,-1.158363191,"4",0,0,0.2656082779,0.248415638,0.96,FALSE,FALSE,FALSE,NA,NA,0,0,0,0,0,1.165734176e-15,7.755228112e-15,1.364242053e-12,0.1693188274,-290.3335843,-1.163075598,-1.158363191,"NA",0,0,0.2656082779,0.248415638,0.96,FALSE,FALSE,FALSE,NA,NA,1,1,1,1,1,8.74227398e-06,0.2649371783,0.066464985,0
"I_100x250",4,100,250,50,11,20266011,TRUE,99,100,99,100,99,100,100,0,49,51,3.91,3.918,3.807,0,0,0,0,0,0,0,5,4,4,0.176876566,-281.03233,-1.124752127,"5",-1.124752127,-1.124724913,-1.124752127,-1.124115876,NA,NA,5,10,1,1,1,0.0001391614875,0.6351001411,0.006508973474,0.177722521,-280.1098045,-1.121060961,-1.124752127,"4",1,0.4,0.0009018044307,0.0005595452338,1,TRUE,FALSE,FALSE,NA,NA,0,0,0,0,0,1.665334537e-15,8.01042822e-15,1.364242053e-12,0.176876566,-281.03233,-1.124752127,-1.124752127,"4|5",0.4,0.4,5.595814881e-16,4.440892099e-16,1,TRUE,FALSE,FALSE,NA,NA,0,0,0,0,0,1.082467449e-15,7.797741045e-15,1.364242053e-12,0.176876566,-281.03233,-1.124752127,-1.124752127,"NA",0.4,0.4,5.595814881e-16,4.440892099e-16,1,TRUE,FALSE,FALSE,NA,NA,5,5,2,0,2,1.082467449e-15,0.3232501555,0.09332677181,0
"I_100x250",4,100,250,50,12,20266012,TRUE,99,100,99,100,99,100,100,0,49,51,4.2,3.743,3.69,0,0,0,0,0,0,0,5,4,4,0.1766936344,-282.4569206,-1.122912737,"4",-1.12530407,-1.12164406,-1.125329222,-1.122373175,NA,NA,5,10,5,5,5,0.0008211476913,0.6943586524,0.5974947387,0.1786861046,-280.7977191,-1.116271937,-1.124946124,"4",1,0.4,0.6089588136,0.42162615,0.78,FALSE,FALSE,FALSE,NA,NA,0,0,0,0,0,5.828670879e-16,7.680429441e-15,7.389644452e-13,0.1780172685,-281.6183725,-1.119555542,-1.125329222,"5",1,0.2,0.6172267237,0.363018615,0.78,FALSE,FALSE,FALSE,NA,NA,0,0,0,0,0,8.326672685e-16,7.707760163e-15,9.663381206e-13,0.1780172685,-281.6183725,-1.119555542,-1.125329222,"NA",1,0.2,0.6172267237,0.363018615,0.78,FALSE,FALSE,FALSE,NA,NA,5,5,1,0,1,8.326672685e-16,0.4284961773,0.003176454414,0
"I_100x250",4,100,250,50,13,20266013,TRUE,99,100,99,100,99,100,100,0,49,51,3.933,3.73,3.769,0,0,0,0,0,0,0,5,4,4,0.1703593266,-293.010486,-1.15540265,"5",-1.158485028,-1.15540265,-1.15540265,-1.15540265,NA,NA,5,10,0,1,1,0.0006759977636,0.000716598072,0.770381103,0.1758620533,-286.5777595,-1.129667138,-1.154288839,"4",1,1,0.4232487232,0.3134786194,0.9,FALSE,FALSE,FALSE,NA,NA,0,0,0,0,0,1.831867991e-15,7.858356208e-15,2.103206498e-12,0.1703593266,-293.010486,-1.15540265,-1.15540265,"5",0.6,0.5,0,0,1,TRUE,TRUE,TRUE,NA,NA,0,0,0,0,0,6.383782392e-16,7.718756552e-15,1.136868377e-12,0.1703593266,-293.010486,-1.15540265,-1.15540265,"NA",0.6,0.5,0,0,1,TRUE,TRUE,TRUE,NA,NA,5,5,0,0,0,6.383782392e-16,7.718756552e-15,1.136868377e-12,0
"I_100x250",4,100,250,50,14,20266014,TRUE,99,100,99,100,99,100,100,0,49,51,3.878,3.72,3.84,0,0,0,0,0,0,0,5,4,4,0.1701778412,-290.8513677,-1.154961977,"5",-1.162561389,-1.154961977,-1.154961977,-1.154961977,NA,NA,5,10,0,1,1,0.00166005297,0.001761535406,1.899335156,0.1730800323,-287.4927056,-1.141524192,-1.154625453,"4",1,1,0.3339467201,0.2674528619,0.94,FALSE,FALSE,FALSE,NA,NA,0,0,0,0,0,2.248201625e-15,7.948636286e-15,2.728484105e-12,0.1721343295,-288.6375323,-1.146104187,-1.154961977,"5",1,0.5,0.002076092445,0.001098513853,1,TRUE,FALSE,FALSE,NA,NA,0,0,0,0,0,8.049116929e-16,7.615055375e-15,1.080024958e-12,0.1721343295,-288.6375323,-1.146104187,-1.154961977,"NA",1,0.5,0.002076092445,0.001098513853,1,TRUE,FALSE,FALSE,NA,NA,1,1,0,0,0,8.049116929e-16,7.615055375e-15,1.080024958e-12,0
"I_100x250",4,100,250,50,15,20266015,TRUE,99,100,99,100,99,100,100,0,49,51,3.965,3.722,3.756,0,0,0,0,0,0,0,5,4,4,0.1699492952,-293.3241607,-1.1571495,"5",-1.1571495,-1.150355346,-1.1571495,-1.1571495,NA,NA,5,10,0,2,2,0.001496335774,0.001586277871,1.698067639,0.1704336328,-292.4560776,-1.153678737,-1.155884319,"4",0.6,1,0.3847963823,0.4242789161,0.92,FALSE,FALSE,FALSE,NA,NA,0,0,0,0,0,5.551115123e-16,7.65392184e-15,8.526512829e-13,0.1690961967,-293.9822674,-1.159785159,-1.155884319,"4",0,1,0.385107688,0.4244895809,0.92,FALSE,FALSE,FALSE,NA,NA,0,0,0,0,0,6.938893904e-16,7.703893616e-15,1.080024958e-12,0.1680688756,-295.20748,-1.16468596,-1.156059422,"NA",0,1,0.5404630719,0.3762921176,0.84,FALSE,FALSE,FALSE,NA,NA,5,5,5,4,5,0.001027321169,0.5656781867,1.225212547,0
"I_100x250",4,100,250,50,16,20266016,TRUE,99,100,99,100,99,100,100,0,49,51,3.927,3.865,3.965,0,0,0,0,0,0,0,5,4,4,0.1787130192,-281.4955458,-1.116164938,"5",-1.116164938,-1.109017759,-1.116164938,-1.116164938,NA,NA,5,10,0,2,2,0.0016596101,0.001775113207,1.786269662,0.1803726293,-279.6106825,-1.108624486,-1.115771049,"4",1,1,0.2646890931,0.2562483643,0.96,FALSE,FALSE,FALSE,NA,NA,0,0,0,0,0,4.440892099e-16,7.741394787e-15,6.821210263e-13,0.1779737833,-282.2967953,-1.11937087,-1.116164938,"5",0,0.5,0.0007906841744,0.0005560424956,1,TRUE,FALSE,FALSE,NA,NA,0,0,0,0,0,9.436895709e-16,7.744326363e-15,9.663381206e-13,0.1779737833,-282.2967953,-1.11937087,-1.116164938,"NA",0,0.5,0.0007906841744,0.0005560424956,1,TRUE,FALSE,FALSE,NA,NA,0,0,0,0,0,9.436895709e-16,7.744326363e-15,9.663381206e-13,0
"I_100x250",4,100,250,50,17,20266017,TRUE,99,100,99,100,99,100,100,0,49,51,3.971,3.992,3.996,0,0,0,0,0,0,0,5,4,4,0.170666086,-287.180773,-1.153618468,"4",-1.154327991,-1.152058162,-1.154327991,-1.153266348,NA,NA,5,10,5,3,5,0.0004309015142,0.7702260111,0.3896565533,0.1747287754,-283.3750365,-1.138387348,-1.15661471,"4",1,0,0.6047108865,0.4786286135,0.8,FALSE,FALSE,FALSE,NA,NA,0,0,0,0,0,1.193489751e-15,7.696089535e-15,1.421085472e-12,0.171405928,-287.1122856,-1.153340684,-1.156693468,"5",0.4,0,0.608493211,0.5121536284,0.8,FALSE,FALSE,FALSE,NA,NA,0,0,0,0,0,6.661338148e-16,7.686231638e-15,1.364242053e-12,0.171405928,-287.1122856,-1.153340684,-1.156693468,"NA",0.4,0,0.608493211,0.5121536284,0.8,FALSE,FALSE,FALSE,NA,NA,5,5,0,1,1,0.0003110030999,0.0003298263932,0.3511227782,0
"I_100x250",4,100,250,50,18,20266018,TRUE,99,100,99,100,99,100,100,0,49,51,3.95,3.978,3.892,0,0,0,0,0,0,0,5,4,4,0.1702734465,-292.2951015,-1.156399558,"5",-1.156102035,-1.153791542,-1.156399558,-1.156399558,NA,NA,5,10,0,5,5,0.0005738465477,0.0006086507346,0.6518224676,0.1703388093,-291.9843584,-1.155158102,-1.155455588,"4",0.8,1,0.3342329197,0.2360811064,0.94,FALSE,FALSE,FALSE,NA,NA,0,0,0,0,0,6.661338148e-16,7.79561483e-15,9.094947018e-13,0.1700011438,-292.6052076,-1.157640327,-1.156399558,"5",0,0.5,0.0002888180407,0.0001627664308,1,TRUE,FALSE,FALSE,NA,NA,0,0,0,0,0,1.249000903e-15,7.74998646e-15,1.023181539e-12,0.1700011438,-292.6052076,-1.157640327,-1.156399558,"NA",0,0.5,0.0002888180407,0.0001627664308,1,TRUE,FALSE,FALSE,NA,NA,3,3,0,0,0,1.249000903e-15,7.74998646e-15,1.023181539e-12,0
"I_100x250",4,100,250,50,19,20266019,TRUE,99,100,99,100,99,100,100,0,49,51,4.002,3.75,3.825,0,0,0,0,0,0,0,5,4,4,0.1735611306,-288.3967956,-1.142246635,"5",-1.144491625,-1.144491625,-1.142246635,-1.142246635,NA,NA,5,9,0,5,5,0.0005022671223,0.0005345544944,0.5610876306,0.1782760267,-283.1081163,-1.121086548,-1.141834792,"4",1,1,0.2770609421,0.2518189318,0.96,FALSE,FALSE,FALSE,NA,NA,0,0,0,0,0,1.970645869e-15,7.884467485e-15,1.364242053e-12,0.1726954026,-289.3649704,-1.146120436,-1.142246635,"5",0,0.5,0.0009213798404,0.0004943741455,1,TRUE,FALSE,FALSE,NA,NA,0,0,0,0,0,7.494005416e-16,7.669391677e-15,5.684341886e-13,0.1726954026,-289.3649704,-1.146120436,-1.142246635,"NA",0,0.5,0.0009213798404,0.0004943741455,1,TRUE,FALSE,FALSE,NA,NA,3,3,0,0,0,7.494005416e-16,7.669391677e-15,5.684341886e-13,0
"I_100x250",4,100,250,50,20,20266020,TRUE,99,100,99,100,99,100,100,0,49,51,4.435,3.874,3.667,0,0,0,0,0,0,0,5,4,4,0.1739462147,-285.5371015,-1.136653637,"5",-1.136653637,-1.126672537,-1.136653637,-1.133647816,NA,NA,5,10,2,4,4,0.002257799293,0.6821064247,2.494572988,0.173269633,-286.397293,-1.140094539,-1.137077022,"4",0,0,0.1892339486,0.1696874009,0.98,FALSE,FALSE,FALSE,NA,NA,0,0,0,0,0,3.885780586e-16,7.694517658e-15,5.684341886e-13,0.1735855619,-286.0447528,-1.138683985,-1.137077022,"4",0,0,0.1891950218,0.169637098,0.98,FALSE,FALSE,FALSE,NA,NA,0,0,0,0,0,8.049116929e-16,7.703726437e-15,9.663381206e-13,0.1739462147,-285.5371015,-1.136653637,-1.136653637,"NA",0.1,0.3,8.841010597e-16,6.661338148e-16,1,TRUE,FALSE,FALSE,NA,NA,5,5,5,5,5,0.0003606528015,0.1891950218,0.5076513147,0
"I_100x250",4,100,250,50,21,20266021,TRUE,99,100,99,100,99,100,100,0,49,51,3.903,3.847,3.779,0,0,0,0,0,0,0,5,4,4,0.1770430352,-282.3966507,-1.122033517,"5",-1.122033517,-1.110886047,-1.122033517,-1.122033517,NA,NA,5,10,0,2,2,0.002570653342,0.002741066744,2.786064956,0.1810033216,-278.2829192,-1.105572172,-1.122678334,"4",1,0,0.3317443268,0.2515198251,0.94,FALSE,FALSE,FALSE,NA,NA,0,0,0,0,0,7.771561172e-16,7.746609057e-15,7.389644452e-13,0.1776521896,-281.8941314,-1.120021241,-1.122678334,"4",0.6,0,0.3324356597,0.2516949212,0.94,FALSE,FALSE,FALSE,NA,NA,0,0,0,0,0,7.21644966e-16,7.74758568e-15,6.821210263e-13,0.1776521896,-281.8941314,-1.120021241,-1.122678334,"NA",0.6,0,0.3324356597,0.2516949212,0.94,FALSE,FALSE,FALSE,NA,NA,2,2,2,1,2,0.001750837081,0.4195596692,2.056805791,0
"I_100x250",4,100,250,50,22,20266022,TRUE,99,100,99,100,99,100,100,0,49,51,4.053,3.815,4.031,0,0,0,0,0,0,0,5,4,4,0.1701036078,-290.991351,-1.154178818,"5",-1.175170939,-1.145561733,-1.154178818,-1.154178818,NA,NA,5,10,0,5,5,0.004543282999,0.004808924166,5.246630169,0.1704543801,-290.6663655,-1.152877897,-1.154474317,"4",0.8,0,0.3238451911,0.2276509316,0.94,FALSE,FALSE,FALSE,NA,NA,0,0,0,0,0,1.276756478e-15,7.747310734e-15,1.591615728e-12,0.1655603248,-296.2379812,-1.175170939,-1.154178818,"5",0.1,0.5,0.004808924166,0.002885591734,1,TRUE,FALSE,FALSE,NA,NA,0,0,0,0,0,4.163336342e-16,7.697452432e-15,7.389644452e-13,0.1655603248,-296.2379812,-1.175170939,-1.154178818,"NA",0.1,0.5,0.004808924166,0.002885591734,1,TRUE,FALSE,FALSE,NA,NA,5,5,0,0,0,4.163336342e-16,7.697452432e-15,7.389644452e-13,0
"I_100x250",4,100,250,50,23,20266023,TRUE,99,100,99,100,99,100,100,0,49,51,3.341,3.107,3.083,0,0,0,0,0,0,0,5,4,4,0.170639772,-294.809398,-1.152636922,"5",-1.154361447,-1.154361447,-1.152636922,-1.152636922,NA,NA,5,9,0,5,5,0.0003792796707,0.000402128949,0.4310129994,0.17931042,-285.0692326,-1.113666599,-1.152031507,"4",1,1,0.2739285167,0.2492346835,0.96,FALSE,FALSE,FALSE,NA,NA,0,0,0,0,0,4.996003611e-16,7.74816335e-15,9.094947018e-13,0.1741333743,-290.8856741,-1.136937651,-1.152636922,"5",1,0.5,0.003704070404,0.002292433374,1,TRUE,FALSE,FALSE,NA,NA,0,0,0,0,0,1.360023205e-15,7.754566758e-15,1.364242053e-12,0.1741333743,-290.8856741,-1.136937651,-1.152636922,"NA",1,0.5,0.003704070404,0.002292433374,1,TRUE,FALSE,FALSE,NA,NA,1,1,0,1,1,0.0002768879122,0.00029452667,0.3074537621,0
"I_100x250",4,100,250,50,24,20266024,TRUE,99,100,99,100,99,100,100,0,49,51,3.184,3.14,3.138,0,0,0,0,0,0,0,5,4,4,0.1726720763,-285.8190034,-1.146064079,"5",-1.147396583,-1.131862234,-1.146064079,-1.146064079,NA,NA,5,10,0,5,5,0.003195714263,0.003395266417,3.549443205,0.1690504943,-289.8205842,-1.162075093,-1.145645448,"4",0,1,0.3804528946,0.2873618159,0.92,FALSE,FALSE,FALSE,NA,NA,0,0,0,0,0,1.165734176e-15,7.917807683e-15,9.663381206e-13,0.1689507277,-290.0397152,-1.162951641,-1.146064079,"5",0,0.5,0.003953723274,0.002258298278,1,TRUE,FALSE,FALSE,NA,NA,0,0,0,0,0,9.159339953e-16,7.919351703e-15,9.663381206e-13,0.1689507277,-290.0397152,-1.162951641,-1.146064079,"NA",0,0.5,0.003953723274,0.002258298278,1,TRUE,FALSE,FALSE,NA,NA,0,0,0,0,0,9.159339953e-16,7.919351703e-15,9.663381206e-13,0
"I_100x250",4,100,250,50,25,20266025,TRUE,99,100,99,100,99,100,100,0,49,51,3.183,2.966,2.916,0,0,0,0,0,0,0,5,4,4,0.1722204747,-290.3518509,-1.1447936,"5",-1.149689853,-1.142059895,-1.1447936,-1.1447936,NA,NA,5,10,0,5,5,0.001085050284,0.001151947772,1.22372602,0.1728266112,-289.6591977,-1.142022227,-1.1447434,"4",1,1,0.2703561098,0.2042853252,0.96,FALSE,FALSE,FALSE,NA,NA,0,0,0,0,0,4.440892099e-16,7.780848726e-15,3.97903932e-13,0.1695533501,-293.3744395,-1.156887266,-1.1447936,"5",0,0.5,0.002831563075,0.001713418815,1,TRUE,FALSE,FALSE,NA,NA,0,0,0,0,0,4.718447855e-16,7.799274658e-15,5.115907697e-13,0.1711354244,-291.5755769,-1.149689853,-1.1447936,"NA",0.1,0.5,0.001151947772,0.0006970598691,1,TRUE,FALSE,FALSE,NA,NA,5,5,0,1,1,0.001582074384,0.00167791932,1.798862624,0
"I_100x250",4,100,250,50,26,20266026,TRUE,99,100,99,100,99,100,100,0,49,51,2.997,2.906,2.924,0,0,0,0,0,0,0,5,4,4,0.1768230041,-283.7023948,-1.128887127,"5",-1.123819576,-1.106688358,-1.128887127,-1.128887127,NA,NA,5,10,0,5,5,0.005148098488,0.005487509079,5.548029341,0.1775005128,-283.0102139,-1.126116752,-1.12907671,"4",0,0,0.3257669618,0.2438990517,0.94,FALSE,FALSE,FALSE,NA,NA,0,0,0,0,0,6.383782392e-16,7.619547283e-15,6.252776075e-13,0.1723913852,-288.6631238,-1.148734968,-1.12907671,"4",0,0,0.3268890801,0.2443449459,0.94,FALSE,FALSE,FALSE,NA,NA,0,0,0,0,0,7.21644966e-16,7.60483778e-15,9.094947018e-13,0.1723913852,-288.6631238,-1.148734968,-1.12907671,"NA",0,0,0.3268890801,0.2443449459,0.94,FALSE,FALSE,FALSE,NA,NA,1,1,1,0,1,7.21644966e-16,0.3184059829,0.07535023743,0
"I_100x250",4,100,250,50,27,20266027,TRUE,99,100,99,100,99,100,100,0,49,51,2.813,2.692,2.705,0,0,0,0,0,0,0,5,4,4,0.1813987999,-276.290965,-1.103574803,"5",-1.109793379,-1.105801511,-1.103574803,-1.103574803,NA,NA,5,10,0,5,5,0.001453650754,0.001558323526,1.554186113,0.1808768782,-276.7546703,-1.105431218,-1.103204674,"4",1,1,0.4568662829,0.3237822556,0.88,FALSE,FALSE,FALSE,NA,NA,0,0,0,0,0,6.938893904e-16,7.737478564e-15,1.591615728e-12,0.1808768782,-276.8474775,-1.105801511,-1.103574803,"5",0.6,0.5,0.0005595036993,0.0003290114453,1,TRUE,FALSE,FALSE,NA,NA,0,0,0,0,0,6.938893904e-16,7.715354485e-15,1.534772309e-12,0.1808768782,-276.8474775,-1.105801511,-1.103574803,"NA",0.6,0.5,0.0005595036993,0.0003290114453,1,TRUE,FALSE,FALSE,NA,NA,0,0,0,0,0,6.938893904e-16,7.715354485e-15,1.534772309e-12,0
"I_100x250",4,100,250,50,28,20266028,TRUE,99,100,99,100,99,100,100,0,49,51,2.797,2.665,2.779,0,0,0,0,0,0,0,5,4,4,0.173411305,-286.7479916,-1.137718479,"5",-1.150122626,-1.137718479,-1.137718479,-1.134581323,NA,NA,5,10,4,4,4,0.003293041822,0.6606934453,3.099251598,0.1780413215,-281.5751788,-1.117022048,-1.137409839,"4",1,0.2,0.3288962158,0.2860876644,0.94,FALSE,FALSE,FALSE,NA,NA,0,0,0,0,0,2.386979503e-15,7.992575524e-15,2.330580173e-12,0.1743683201,-285.6831441,-1.133457906,-1.137718479,"5",1,0.1,0.001017014095,0.000597002302,1,TRUE,FALSE,FALSE,NA,NA,0,0,0,0,0,6.938893904e-16,7.623733897e-15,8.526512829e-13,0.1743683201,-285.6831441,-1.133457906,-1.137718479,"NA",1,0.1,0.001017014095,0.000597002302,1,TRUE,FALSE,FALSE,NA,NA,2,2,0,0,0,6.938893904e-16,7.623733897e-15,8.526512829e-13,0
"I_100x250",4,100,250,50,29,20266029,TRUE,99,100,99,100,99,100,100,0,49,51,3.971,4.138,4.025,0,0,0,0,0,0,0,5,4,4,0.1746689851,-283.0880417,-1.135676306,"5",-1.148834754,-1.130996789,-1.135676306,-1.135676306,NA,NA,5,10,0,5,5,0.002942280765,0.003131136296,3.288683518,0.1787584381,-278.7751535,-1.118418282,-1.136329359,"4",1,0,0.3190337301,0.2361967528,0.94,FALSE,FALSE,FALSE,NA,NA,0,0,0,0,0,9.992007222e-16,7.765938966e-15,1.136868377e-12,0.1787584381,-278.7751535,-1.118418282,-1.136329359,"4",1,0,0.3190337301,0.2361967528,0.94,FALSE,FALSE,FALSE,NA,NA,0,0,0,0,0,9.992007222e-16,7.765938966e-15,1.136868377e-12,0.1787584381,-278.6718265,-1.11800549,-1.135915852,"NA",1,0,0.3756429459,0.2941878684,0.92,FALSE,FALSE,FALSE,NA,NA,4,4,4,0,4,9.992007222e-16,0.1940561092,0.0257877763,0
"I_100x250",4,100,250,50,30,20266030,TRUE,99,100,99,100,99,100,100,0,49,51,4.154,3.997,3.985,0,0,0,0,0,0,0,5,4,4,0.1757453985,-285.435013,-1.12644706,"5",-1.129614626,-1.119666222,-1.12644706,-1.12644706,NA,NA,5,10,0,5,5,0.001547347461,0.00164833896,1.694731952,0.177561728,-283.6300657,-1.119223504,-1.127177713,"4",1,0,0.3756065975,0.3121078052,0.92,FALSE,FALSE,FALSE,NA,NA,0,0,0,0,0,1.831867991e-15,7.849031867e-15,2.046363079e-12,0.1752059332,-286.2126428,-1.12955674,-1.127177713,"4",0.2,0,0.3761678074,0.3129422621,0.92,FALSE,FALSE,FALSE,NA,NA,0,0,0,0,0,1.58206781e-15,7.799610039e-15,1.591615728e-12,0.1752059332,-286.0295337,-1.128825808,-1.12644706,"NA",0.2,0.5,0.0005746747933,0.0003383797071,1,TRUE,FALSE,FALSE,NA,NA,5,5,5,0,5,1.58206781e-15,0.5337377453,0.1831091103,0
"I_100x250",4,100,250,50,31,20266031,TRUE,99,100,99,100,99,100,100,0,49,51,3.887,3.781,3.797,0,0,0,0,0,0,0,5,4,4,0.1678653589,-287.311182,-1.168848257,"5",-1.168848257,-1.168010901,-1.168848257,-1.168848257,NA,NA,5,10,0,2,2,0.0001812950928,0.0001917767646,0.2092813497,0.1662158994,-289.0820616,-1.175934989,-1.168273668,"4",0,1,0.2713544113,0.2148979331,0.96,FALSE,FALSE,FALSE,NA,NA,0,0,0,0,0,1.360023205e-15,7.743746453e-15,2.046363079e-12,0.1635856978,-292.3210684,-1.188893215,-1.168848257,"5",0,0.5,0.004527091975,0.002548991717,1,TRUE,FALSE,FALSE,NA,NA,0,0,0,0,0,5.273559367e-16,7.664632723e-15,7.389644452e-13,0.1635856978,-292.3210684,-1.188893215,-1.168848257,"NA",0,0.5,0.004527091975,0.002548991717,1,TRUE,FALSE,FALSE,NA,NA,1,1,0,1,1,0.00329345595,0.003470103341,3.867300786,0
"I_100x250",4,100,250,50,32,20266032,TRUE,99,100,99,100,99,100,100,0,49,51,3.834,3.845,3.77,0,0,0,0,0,0,0,5,4,4,0.1703598451,-289.4343573,-1.154956801,"5",-1.154956801,-1.14857848,-1.154956801,-1.154956801,NA,NA,5,8,0,3,3,0.001408136819,0.001492251315,1.594141195,0.1717679819,-287.9762869,-1.149121491,-1.15550044,"4",0.8,0,0.3835987403,0.2414937546,0.92,FALSE,FALSE,FALSE,NA,NA,0,0,0,0,0,4.440892099e-16,7.638953683e-15,9.094947018e-13,0.1717679819,-287.9762869,-1.149121491,-1.15550044,"4",0.8,0,0.3835987403,0.2414937546,0.92,FALSE,FALSE,FALSE,NA,NA,0,0,0,0,0,4.440892099e-16,7.638953683e-15,9.094947018e-13,0.1717679819,-287.9762869,-1.149121491,-1.15550044,"NA",0.8,0,0.3835987403,0.2414937546,0.92,FALSE,FALSE,FALSE,NA,NA,2,2,2,0,2,4.440892099e-16,0.2708216811,0.01873212929,0
"I_100x250",4,100,250,50,33,20266033,TRUE,99,100,99,100,99,100,100,0,49,51,3.933,3.851,3.729,0,0,0,0,0,0,0,5,4,4,0.171327035,-289.2812371,-1.148937024,"1",-1.156062837,-1.148729791,-1.150126466,-1.148729791,NA,NA,5,10,5,3,5,0.001398089272,0.7970708681,1.781264489,0.1763849948,-284.6261792,-1.130306355,-1.152844528,"4",1,0,0.6856007991,0.4693200695,0.72,FALSE,FALSE,FALSE,NA,NA,0,0,0,0,0,8.881784197e-16,7.649594895e-15,8.526512829e-13,0.171327035,-290.2590977,-1.152844528,-1.152844528,"4",0.4,0,0.6875290995,0.4698443019,0.72,FALSE,FALSE,TRUE,NA,NA,0,0,0,0,0,7.771561172e-16,7.625870187e-15,6.821210263e-13,0.171327035,-290.2590977,-1.152844528,-1.152844528,"NA",0.4,0,0.6875290995,0.4698443019,0.72,FALSE,FALSE,TRUE,NA,NA,3,3,3,2,3,0.00114577422,0.6179357082,1.387941715,0
"I_100x250",4,100,250,50,34,20266034,TRUE,99,100,99,100,99,100,100,0,49,51,3.78,3.579,3.825,0,0,0,0,0,0,0,5,4,4,0.1746474647,-288.210864,-1.135697218,"5",-1.136313253,-1.135697218,-1.135697218,-1.135697218,NA,NA,5,9,0,3,3,0.0001388841642,0.000148199742,0.1539645776,0.1769018845,-285.4422929,-1.124621906,-1.134549238,"4",1,1,0.3784580048,0.3403768901,0.92,FALSE,FALSE,FALSE,NA,NA,0,0,0,0,0,1.471045508e-15,7.985447979e-15,1.762145985e-12,0.1732085638,-289.524568,-1.140955669,-1.134549238,"4",0,1,0.3792952822,0.3411584553,0.92,FALSE,FALSE,FALSE,NA,NA,0,0,0,0,0,1.387778781e-15,7.762979288e-15,1.534772309e-12,0.1722666622,-290.7204995,-1.145738931,-1.135107326,"NA",0,1,0.3861634637,0.2802310446,0.92,FALSE,FALSE,FALSE,NA,NA,4,4,4,4,4,0.001086907066,0.3835371028,1.249379092,0
"I_100x250",4,100,250,50,35,20266035,TRUE,99,100,99,100,99,100,100,0,49,51,3.873,3.783,3.744,0,0,0,0,0,0,0,5,4,4,0.1729870191,-280.6294023,-1.137942383,"1",-1.142197989,-1.138497592,-1.142498968,-1.138971282,NA,NA,5,10,5,5,5,0.0008960934684,0.7914303168,1.063753705,0.1715991191,-282.8378739,-1.146773827,-1.140533844,"2",0,0.8,0.7023993655,0.4629907046,0.72,FALSE,FALSE,FALSE,NA,NA,0,0,0,0,0,3.330669074e-16,7.639984025e-15,3.97903932e-13,0.1738831126,-280.7697322,-1.138497592,-1.142498968,"5",0.6,0.4,0.7295246207,0.5194460234,0.7,FALSE,FALSE,FALSE,NA,NA,0,0,0,0,0,7.771561172e-16,7.676437423e-15,7.389644452e-13,0.1738831126,-280.7697322,-1.138497592,-1.142498968,"NA",0.6,0.4,0.7295246207,0.5194460234,0.7,FALSE,FALSE,FALSE,NA,NA,5,5,1,1,1,0.00161545288,0.4686855162,1.491998554,0
"I_100x250",4,100,250,50,36,20266036,TRUE,99,100,99,100,99,100,100,0,49,51,4.172,4.111,3.755,0,0,0,0,0,0,0,5,4,4,0.1686939382,-296.9807873,-1.160899085,"5",-1.160899085,-1.132490483,-1.160899085,-1.158697214,NA,NA,5,10,1,4,4,0.006301251959,0.6320999276,7.100191746,0.1710812512,-294.2168687,-1.149838786,-1.160731472,"1",0.4,0.8,0.6052579532,0.3949235881,0.8,FALSE,FALSE,FALSE,NA,NA,0,0,0,0,0,1.110223025e-15,7.641628467e-15,8.526512829e-13,0.171010693,-294.3385875,-1.150327414,-1.160899085,"5",0.4,0.4,0.002449312189,0.001350825278,1,TRUE,FALSE,FALSE,NA,NA,0,0,0,0,0,8.326672685e-16,7.738232483e-15,7.958078641e-13,0.171010693,-294.3385875,-1.150327414,-1.160899085,"NA",0.4,0.4,0.002449312189,0.001350825278,1,TRUE,FALSE,FALSE,NA,NA,5,5,0,0,0,8.326672685e-16,7.738232483e-15,7.958078641e-13,0
"I_100x250",4,100,250,50,37,20266037,TRUE,99,100,99,100,99,100,100,0,49,51,3.914,3.788,4.005,0,0,0,0,0,0,0,5,4,4,0.1720181517,-289.4233886,-1.149360891,"5",-1.15128078,-1.149360891,-1.149360891,-1.149360891,NA,NA,5,10,0,3,3,0.0004256155203,0.0004519418352,0.4798363405,0.1766190934,-284.2994184,-1.128858766,-1.149302526,"4",1,1,0.3299959138,0.3064274129,0.94,FALSE,FALSE,FALSE,NA,NA,0,0,0,0,0,1.054711873e-15,7.6666925e-15,1.591615728e-12,0.175585823,-285.4492982,-1.133459966,-1.149360891,"5",1,0.5,0.003788348452,0.002145200723,1,TRUE,FALSE,FALSE,NA,NA,0,0,0,0,0,9.159339953e-16,7.737620928e-15,1.080024958e-12,0.175585823,-285.4933311,-1.133635144,-1.14953724,"NA",1,0,0.3766791312,0.311630842,0.92,FALSE,FALSE,FALSE,NA,NA,5,5,5,0,5,9.159339953e-16,0.4132984744,0.04403288467,0
"I_100x250",4,100,250,50,38,20266038,TRUE,99,100,99,100,99,100,100,0,49,51,4.093,3.858,3.757,0,0,0,0,0,0,0,5,4,4,0.1692746618,-286.0387354,-1.163567481,"5",-1.163567481,-1.155214928,-1.163567481,-1.163567481,NA,NA,5,10,0,4,4,0.001833361956,0.001941111926,2.087552246,0.1697309498,-285.3085577,-1.160646569,-1.162734078,"2",0.2,1,0.4269581844,0.3491929556,0.9,FALSE,FALSE,FALSE,NA,NA,0,0,0,0,0,7.771561172e-16,7.743477027e-15,1.080024958e-12,0.1720876994,-282.8452224,-1.150789829,-1.163567481,"5",1,0.5,0.002978364879,0.001942085916,1,TRUE,FALSE,FALSE,NA,NA,0,0,0,0,0,1.1379786e-15,7.843033732e-15,1.421085472e-12,0.1720876994,-282.8452224,-1.150789829,-1.163567481,"NA",1,0.5,0.002978364879,0.001942085916,1,TRUE,FALSE,FALSE,NA,NA,1,1,0,0,0,1.1379786e-15,7.843033732e-15,1.421085472e-12,0
"I_100x250",4,100,250,50,39,20266039,TRUE,99,100,99,100,99,100,100,0,49,51,3.885,3.903,3.765,0,0,0,0,0,0,0,5,4,4,0.1757080219,-283.3902155,-1.130643631,"5",-1.130643631,-1.12427614,-1.130643631,-1.130643631,NA,NA,5,8,0,1,1,0.001451704433,0.001546902435,1.591413587,0.179066251,-279.7952682,-1.116258642,-1.130907276,"4",1,0,0.3300726085,0.2572592771,0.94,FALSE,FALSE,FALSE,NA,NA,0,0,0,0,0,1.193489751e-15,7.82435679e-15,1.591615728e-12,0.1757080219,-283.4563591,-1.130907276,-1.130907276,"4",0,0,0.3307669258,0.2574735391,0.94,FALSE,FALSE,FALSE,NA,NA,0,0,0,0,0,9.159339953e-16,7.682792629e-15,1.250555215e-12,0.1757080219,-283.4563591,-1.130907276,-1.130907276,"NA",0,0,0.3307669258,0.2574735391,0.94,FALSE,FALSE,FALSE,NA,NA,0,0,0,0,0,9.159339953e-16,7.682792629e-15,1.250555215e-12,0
"I_100x250",4,100,250,50,40,20266040,TRUE,99,100,99,100,99,100,100,0,49,51,4.362,3.729,3.756,0,0,0,0,0,0,0,5,4,4,0.1754582108,-286.840441,-1.13132408,"5",-1.13132408,-1.116044606,-1.13132408,-1.13132408,NA,NA,5,10,0,3,3,0.003499517575,0.003728185197,3.818762811,0.174640494,-287.6629282,-1.134615613,-1.130999576,"4",0,1,0.1879541856,0.206934767,0.98,FALSE,FALSE,FALSE,NA,NA,0,0,0,0,0,1.165734176e-15,7.692356862e-15,8.526512829e-13,0.172818743,-289.7737437,-1.14306061,-1.13132408,"5",0,0.5,0.002811937502,0.001905808584,1,TRUE,FALSE,FALSE,NA,NA,0,0,0,0,0,1.1379786e-15,7.663561465e-15,9.663381206e-13,0.172818743,-289.7737437,-1.14306061,-1.13132408,"NA",0,0.5,0.002811937502,0.001905808584,1,TRUE,FALSE,FALSE,NA,NA,1,1,0,0,0,1.387778781e-15,7.66335992e-15,1.364242053e-12,0
"I_100x250",4,100,250,50,41,20266041,TRUE,99,100,99,100,99,100,100,0,49,51,3.968,3.718,3.761,0,0,0,0,0,0,0,5,4,4,0.1676889074,-291.6029602,-1.168766067,"5",-1.168766067,-1.161611634,-1.168766067,-1.168766067,NA,NA,5,10,0,2,2,0.001554127899,0.001642227804,1.78811925,0.1653528878,-294.1939135,-1.179133599,-1.168249381,"4",0,1,0.2737221452,0.2050914378,0.96,FALSE,FALSE,FALSE,NA,NA,0,0,0,0,0,7.21644966e-16,7.777991479e-15,7.958078641e-13,0.1680130865,-291.2285502,-1.167268019,-1.168766067,"5",0.6,0.5,0.0003425560646,0.0002005075209,1,TRUE,FALSE,FALSE,NA,NA,0,0,0,0,0,1.276756478e-15,7.894387593e-15,7.389644452e-13,0.1680130865,-291.2285502,-1.167268019,-1.168766067,"NA",0.6,0.5,0.0003425560646,0.0002005075209,1,TRUE,FALSE,FALSE,NA,NA,4,4,0,1,1,0.0005672324656,0.0005995671121,0.6533158543,0
"I_100x250",4,100,250,50,42,20266042,TRUE,99,100,99,100,99,100,100,0,49,51,3.871,3.724,3.767,0,0,0,0,0,0,0,5,4,4,0.1692503738,-291.5233465,-1.156452136,"4",-1.155544772,-1.143008628,-1.155544772,-1.153898098,NA,NA,5,10,5,4,5,0.002395711155,0.7387129609,3.36070533,0.1752858715,-284.9194674,-1.130028712,-1.15716814,"4",1,0,0.5045504451,0.3693595035,0.86,FALSE,FALSE,FALSE,NA,NA,0,0,0,0,0,9.159339953e-16,7.717959303e-15,6.821210263e-13,0.1725468858,-287.9669468,-1.142222039,-1.15716814,"4",1,0,0.505349958,0.3700494652,0.86,FALSE,FALSE,FALSE,NA,NA,0,0,0,0,0,7.494005416e-16,7.74134742e-15,1.136868377e-12,0.1725468858,-287.9674288,-1.142223655,-1.157170115,"NA",1,0,0.6049394227,0.4546542916,0.8,FALSE,FALSE,FALSE,NA,NA,5,5,5,2,5,0.0003351684043,0.3872122757,0.3976702331,0
"I_100x250",4,100,250,50,43,20266043,TRUE,99,100,99,100,99,100,100,0,49,51,3.995,3.694,3.739,0,0,0,0,0,0,0,5,4,4,0.1751257565,-284.5801951,-1.134148111,"5",-1.138516404,-1.1321542,-1.134148111,-1.134148111,NA,NA,5,9,0,5,5,0.0009852114309,0.001048816081,1.091761089,0.1742936192,-285.3506718,-1.13723196,-1.133544324,"4",0.6,1,0.4291253537,0.298811479,0.9,FALSE,FALSE,FALSE,NA,NA,0,0,0,0,0,7.771561172e-16,7.769272681e-15,9.094947018e-13,0.1705711073,-289.6821603,-1.154561729,-1.134148111,"5",0,0.5,0.004848694588,0.00285563157,1,TRUE,FALSE,FALSE,NA,NA,0,0,0,0,0,4.163336342e-16,7.67546983e-15,2.842170943e-13,0.1705711073,-289.6821603,-1.154561729,-1.134148111,"NA",0,0.5,0.004848694588,0.00285563157,1,TRUE,FALSE,FALSE,NA,NA,1,1,0,0,0,4.163336342e-16,7.67546983e-15,2.842170943e-13,0
"I_100x250",4,100,250,50,44,20266044,TRUE,99,100,99,100,99,100,100,0,49,51,3.966,3.732,3.946,0,0,0,0,0,0,0,5,4,4,0.168838989,-288.4004906,-1.16312246,"5",-1.16312246,-1.16312246,-1.16312246,-1.16312246,NA,NA,5,9,0,0,0,4.718447855e-16,7.76771967e-15,7.958078641e-13,0.16902718,-288.322497,-1.162808785,-1.163672671,"4",1,0,0.2641605588,0.1983734709,0.96,FALSE,FALSE,FALSE,NA,NA,0,0,0,0,0,3.275157923e-15,8.35398527e-15,3.637978807e-12,0.168838989,-288.5384093,-1.163672671,-1.163672671,"4",0,0,0.2641945636,0.198413918,0.96,FALSE,FALSE,TRUE,NA,NA,0,0,0,0,0,4.718447855e-16,7.72683296e-15,7.958078641e-13,0.168838989,-288.5384093,-1.163672671,-1.163672671,"NA",0,0,0.2641945636,0.198413918,0.96,FALSE,FALSE,TRUE,NA,NA,4,4,4,0,4,4.718447855e-16,0.3847689342,0.03581692524,0
"I_100x250",4,100,250,50,45,20266045,TRUE,99,100,99,100,99,100,100,0,49,51,4.056,4.033,4.029,0,0,0,0,0,0,0,5,4,4,0.1722445163,-284.9244832,-1.146778722,"5",-1.142556244,-1.136827014,-1.146778722,-1.146778722,NA,NA,5,10,0,5,5,0.002227452755,0.002366485284,2.487224281,0.174985959,-281.7772188,-1.134187095,-1.146415501,"4",1,1,0.1904030014,0.1713260165,0.98,FALSE,FALSE,FALSE,NA,NA,0,0,0,0,0,1.110223025e-15,7.680444044e-15,1.023181539e-12,0.1726818551,-284.4335008,-1.144814241,-1.146778722,"5",0,0.5,0.0004646364867,0.00027857439,1,TRUE,FALSE,FALSE,NA,NA,0,0,0,0,0,8.049116929e-16,7.673500932e-15,9.663381206e-13,0.1726818551,-284.4335008,-1.144814241,-1.146778722,"NA",0,0.5,0.0004646364867,0.00027857439,1,TRUE,FALSE,FALSE,NA,NA,2,2,0,0,0,8.049116929e-16,7.673500932e-15,9.663381206e-13,0
"I_100x250",4,100,250,50,46,20266046,TRUE,99,100,99,100,99,100,100,0,49,51,3.845,3.992,3.793,0,0,0,0,0,0,0,5,4,4,0.1741133715,-284.7703688,-1.137552006,"5",-1.154746879,-1.13716664,-1.137552006,-1.137552006,NA,NA,5,10,0,5,5,0.003822236136,0.00406296529,4.297523404,0.1686958486,-290.8885925,-1.162031723,-1.137540893,"4",0,1,0.2657317149,0.3185306614,0.96,FALSE,FALSE,FALSE,NA,NA,0,0,0,0,0,3.330669074e-16,7.623077281e-15,6.252776075e-13,0.1690089682,-290.532081,-1.16060523,-1.137552006,"5",0,0.5,0.005425884875,0.003805076133,1,TRUE,FALSE,FALSE,NA,NA,0,0,0,0,0,2.775557562e-16,7.647043088e-15,6.252776075e-13,0.1690089682,-290.532081,-1.16060523,-1.137552006,"NA",0,0.5,0.005425884875,0.003805076133,1,TRUE,FALSE,FALSE,NA,NA,2,2,1,1,2,0.0009478821021,0.2652091256,1.083558523,0
"I_100x250",4,100,250,50,47,20266047,TRUE,99,100,99,100,99,100,100,0,49,51,3.925,3.857,3.8,0,0,0,0,0,0,0,5,4,4,0.1749665775,-282.5111128,-1.13172279,"1",-1.142608423,-1.130547576,-1.136010723,-1.131779432,NA,NA,5,10,5,5,5,0.002429840426,0.6487828236,2.720660258,0.1732764481,-284.5623237,-1.139927615,-1.132410817,"2",0.4,0.4,0.5308175304,0.3945644622,0.84,FALSE,FALSE,FALSE,NA,NA,0,0,0,0,0,6.383782392e-16,7.633701364e-15,7.958078641e-13,0.1752234523,-283.2319212,-1.134601317,-1.135737316,"4",0.4,0.4,0.6224847898,0.419511041,0.78,FALSE,FALSE,FALSE,NA,NA,0,0,0,0,0,1.887379142e-15,7.771952005e-15,1.98951966e-12,0.1744367543,-284.1815614,-1.13839948,-1.136050631,"NA",0.4,0,0.6226177891,0.4287742044,0.78,FALSE,FALSE,FALSE,NA,NA,5,5,5,4,5,0.0007866980603,0.376733602,0.9496401406,0
"I_100x250",4,100,250,50,48,20266048,TRUE,99,100,99,100,99,100,100,0,49,51,4.066,4.061,3.759,0,0,0,0,0,0,0,5,4,4,0.1696026827,-287.3559674,-1.156766864,"5",-1.15677239,-1.156766864,-1.156766864,-1.156766864,NA,NA,5,10,0,3,3,1.209228419e-06,1.280085124e-06,0.001381180996,0.1749076211,-281.331083,-1.132660815,-1.156516904,"4",1,1,0.3712529277,0.2819698578,0.92,FALSE,FALSE,FALSE,NA,NA,0,0,0,0,0,1.693090113e-15,7.87385277e-15,1.193711796e-12,0.1696026827,-287.3559674,-1.156766864,-1.156766864,"5",0.8,0.5,0,0,1,TRUE,TRUE,TRUE,NA,NA,0,0,0,0,0,9.992007222e-16,7.773483952e-15,8.526512829e-13,0.1696026827,-287.3559674,-1.156766864,-1.156766864,"NA",0.8,0.5,0,0,1,TRUE,TRUE,TRUE,NA,NA,4,4,0,0,0,9.992007222e-16,7.773483952e-15,8.526512829e-13,0
"I_100x250",4,100,250,50,49,20266049,TRUE,99,100,99,100,99,100,100,0,49,51,4.139,3.734,3.842,0,0,0,0,0,0,0,5,4,4,0.1690330486,-289.9548134,-1.164105075,"5",-1.153287059,-1.146319161,-1.164105075,-1.164105075,NA,NA,5,10,0,5,5,0.003923355622,0.0041564886,4.445228197,0.1696300912,-289.2588872,-1.161320875,-1.164055019,"4",0,1,0.1949010293,0.203848142,0.98,FALSE,FALSE,FALSE,NA,NA,0,0,0,0,0,6.383782392e-16,7.65209545e-15,6.252776075e-13,0.1722609502,-286.2898249,-1.149441009,-1.164105075,"5",0.6,0.5,0.003419709498,0.002348430882,1,TRUE,FALSE,FALSE,NA,NA,0,0,0,0,0,4.718447855e-16,7.649275275e-15,9.663381206e-13,0.1722609502,-286.2898249,-1.149441009,-1.164105075,"NA",0.6,0.5,0.003419709498,0.002348430882,1,TRUE,FALSE,FALSE,NA,NA,0,0,0,0,0,4.718447855e-16,7.649275275e-15,9.663381206e-13,0
"I_100x250",4,100,250,50,50,20266050,TRUE,99,100,99,100,99,100,100,0,49,51,3.98,3.86,3.958,0,0,0,0,0,0,0,5,4,4,0.1713493093,-289.5041698,-1.152629456,"5",-1.152629456,-1.150479334,-1.152629456,-1.152629456,NA,NA,5,10,0,2,2,0.000476063268,0.0005048975037,0.5373796336,0.1713493093,-289.4406727,-1.152376024,-1.152376024,"4",0.6,1,0.3810384845,0.2902197955,0.92,FALSE,FALSE,TRUE,NA,NA,0,0,0,0,0,1.249000903e-15,7.793807433e-15,7.958078641e-13,0.1692566461,-291.884985,-1.162155368,-1.152629456,"5",0,0.5,0.00221941174,0.001315389352,1,TRUE,FALSE,FALSE,NA,NA,0,0,0,0,0,6.383782392e-16,7.716156213e-15,5.115907697e-13,0.1713493093,-289.5041698,-1.152629456,-1.152629456,"NA",0.3,0.5,0,0,1,TRUE,TRUE,TRUE,NA,NA,5,5,0,5,5,0.002092663161,0.00221941174,2.380815213,0
"AR1_50x200",5,50,200,25,1,20267001,TRUE,49,50,49,50,49,50,50,0,24,26,1.453,1.473,1.542,0,0,0,0,0,0,0,5,4,4,0.2915591885,-185.1561535,-0.8927257897,"5",-0.8942622812,-0.8927257897,-0.8927257897,-0.8927257897,NA,NA,5,9,0,1,1,0.0005315072342,0.0006812922679,0.3071455075,0.2926602648,-184.3914234,-0.8889023567,-0.8920757083,"4",1,1,0.2764495575,0.3168958869,0.96,FALSE,FALSE,FALSE,NA,NA,0,0,0,0,0,8.326672685e-16,7.804562951e-15,7.673861546e-13,0.2926602648,-184.5217525,-0.8895521995,-0.8927257897,"5",1,0.5,0.001411372555,0.001210475202,1,TRUE,FALSE,FALSE,NA,NA,0,0,0,0,0,8.326672685e-16,7.787814719e-15,8.526512829e-13,0.2926602648,-184.5217525,-0.8895521995,-0.8927257897,"NA",1,0.5,0.001411372555,0.001210475202,1,TRUE,FALSE,FALSE,NA,NA,0,0,0,0,0,8.326672685e-16,7.787814719e-15,8.526512829e-13,0
"AR1_50x200",5,50,200,25,2,20267002,TRUE,49,50,49,50,49,50,50,0,24,26,1.307,1.312,1.342,0,0,0,0,0,0,0,5,4,4,0.2832748753,-187.3720411,-0.9161795717,"5",-0.9241455212,-0.9161795717,-0.9161795717,-0.9161795717,NA,NA,5,10,0,3,3,0.002662317608,0.003380614187,1.592443267,0.2883251719,-184.5731125,-0.9021742999,-0.9170722965,"4",1,0,0.2691743135,0.2927092187,0.96,FALSE,FALSE,FALSE,NA,NA,0,0,0,0,0,2.831068713e-15,8.31356545e-15,1.591615728e-12,0.2883251719,-184.5731125,-0.9021742999,-0.9170722965,"4",1,0,0.2691743135,0.2927092187,0.96,FALSE,FALSE,FALSE,NA,NA,0,0,0,0,0,2.831068713e-15,8.31356545e-15,1.591615728e-12,0.2883251719,-184.5731125,-0.9021742999,-0.9170722965,"NA",1,0,0.2691743135,0.2927092187,0.96,FALSE,FALSE,FALSE,NA,NA,0,0,0,0,0,2.831068713e-15,8.31356545e-15,1.591615728e-12,0
"AR1_50x200",5,50,200,25,3,20267003,TRUE,49,50,49,50,49,50,50,0,24,26,1.343,1.294,1.237,0,0,0,0,0,0,0,5,4,4,0.2743535137,-186.1886916,-0.9479467044,"5",-0.9502529156,-0.9477556488,-0.9479467044,-0.9458140202,NA,NA,5,10,4,4,4,0.001284357588,0.5702111442,0.4605914677,0.2906821066,-176.5232851,-0.8995927843,-0.9483886074,"4",1,0,0.403411828,0.3947843064,0.92,FALSE,FALSE,FALSE,NA,NA,0,0,0,0,0,1.720845688e-15,8.070334946e-15,1.051603249e-12,0.2743535137,-186.1886916,-0.9479467044,-0.9479467044,"5",0.7,0.1,6.478335808e-16,8.881784197e-16,1,TRUE,FALSE,FALSE,NA,NA,0,0,0,0,0,1.887379142e-15,7.941655748e-15,7.105427358e-13,0.2743535137,-186.1886916,-0.9479467044,-0.9479467044,"NA",0.7,0.1,6.478335808e-16,8.881784197e-16,1,TRUE,FALSE,FALSE,NA,NA,0,0,0,0,0,1.887379142e-15,7.941655748e-15,7.105427358e-13,0
"AR1_50x200",5,50,200,25,4,20267004,TRUE,49,50,49,50,49,50,50,0,24,26,1.416,1.185,1.263,0,0,0,0,0,0,0,5,4,4,0.2676985117,-189.5115156,-0.9671135212,"5",-0.9766949801,-0.9359046689,-0.9671135212,-0.9671135212,NA,NA,5,10,0,5,5,0.01006553252,0.01252639725,6.238912068,0.2806951531,-181.3321896,-0.9262014557,-0.9662698291,"4",1,1,0.2739480902,0.2284933558,0.96,FALSE,FALSE,FALSE,NA,NA,0,0,0,0,0,1.165734176e-15,7.954604628e-15,5.96855898e-13,0.2735798459,-185.8366897,-0.9487310747,-0.9671135212,"5",0.6,0.5,0.007319228174,0.007687185201,1,TRUE,FALSE,FALSE,NA,NA,0,0,0,0,0,8.326672685e-16,7.881625207e-15,5.400124792e-13,0.2735798459,-185.8366897,-0.9487310747,-0.9671135212,"NA",0.6,0.5,0.007319228174,0.007687185201,1,TRUE,FALSE,FALSE,NA,NA,0,0,0,0,0,8.326672685e-16,7.881625207e-15,5.400124792e-13,0
"AR1_50x200",5,50,200,25,5,20267005,TRUE,49,50,49,50,49,50,50,0,24,26,1.471,1.264,1.227,0,0,0,0,0,0,0,5,4,4,0.2826278134,-183.9933608,-0.9199506059,"5",-0.9375604073,-0.9172417977,-0.9199506059,-0.9199506059,NA,NA,5,10,0,5,5,0.00583387479,0.007420178978,3.520291553,0.2874853359,-181.057139,-0.9052615943,-0.919634326,"4",1,1,0.2581535444,0.2657729634,0.96,FALSE,FALSE,FALSE,NA,NA,0,0,0,0,0,1.33226763e-15,7.63120116e-15,4.831690603e-13,0.2767939386,-187.5136524,-0.9375604073,-0.9199506059,"5",0.2,0.5,0.007420178978,0.009266567091,1,TRUE,FALSE,FALSE,NA,NA,0,0,0,0,0,2.553512957e-15,8.116990661e-15,1.108446668e-12,0.2767939386,-187.5136524,-0.9375604073,-0.9199506059,"NA",0.2,0.5,0.007420178978,0.009266567091,1,TRUE,FALSE,FALSE,NA,NA,0,0,0,0,0,2.553512957e-15,8.116990661e-15,1.108446668e-12,0
"AR1_50x200",5,50,200,25,6,20267006,TRUE,49,50,49,50,49,50,50,0,24,26,1.442,1.249,1.28,0,0,0,0,0,0,0,5,4,4,0.2793252576,-185.5965492,-0.9337540661,"5",-0.9410513587,-0.9337540661,-0.9337540661,-0.9337540661,NA,NA,5,5,0,2,2,0.002402632792,0.00303402012,1.458761998,0.2966238055,-175.4698928,-0.8830952131,-0.9337540661,"4",1,0.5,0.0218444294,0.02374006688,1,TRUE,FALSE,FALSE,NA,NA,0,0,0,0,0,1.609823386e-15,7.76530964e-15,9.947598301e-13,0.2793968934,-185.5532589,-0.933537511,-0.9337540661,"4|5",1,0.5,9.04608628e-05,9.831096494e-05,1,TRUE,FALSE,FALSE,NA,NA,0,0,0,0,0,1.443289932e-15,7.617781747e-15,6.821210263e-13,0.2793968934,-185.5532589,-0.933537511,-0.9337540661,"NA",1,0.5,9.04608628e-05,9.831096494e-05,1,TRUE,FALSE,FALSE,NA,NA,0,0,0,0,0,1.443289932e-15,7.617781747e-15,6.821210263e-13,0
"AR1_50x200",5,50,200,25,7,20267007,TRUE,49,50,49,50,49,50,50,0,24,26,1.368,1.204,1.226,0,0,0,0,0,0,0,5,4,4,0.2778290959,-184.7934084,-0.9350181357,"5",-0.9534912338,-0.940684268,-0.9350181357,-0.9350181357,NA,NA,5,8,0,5,5,0.006007296355,0.007555926488,3.692920852,0.27078901,-189.0486748,-0.9563062384,-0.9346155455,"4",0,1,0.2763619561,0.2995865791,0.96,FALSE,FALSE,FALSE,NA,NA,0,0,0,0,0,1.887379142e-15,7.830392643e-15,1.47792889e-12,0.2756074795,-186.1492234,-0.9418003639,-0.9350181357,"5",0.6,0.5,0.002794330221,0.002956558216,1,TRUE,FALSE,FALSE,NA,NA,0,0,0,0,0,2.053912596e-15,8.147463614e-15,1.108446668e-12,0.2756074795,-186.1492234,-0.9418003639,-0.9350181357,"NA",0.6,0.5,0.002794330221,0.002956558216,1,TRUE,FALSE,FALSE,NA,NA,0,0,0,0,0,2.053912596e-15,8.147463614e-15,1.108446668e-12,0
"AR1_50x200",5,50,200,25,8,20267008,TRUE,49,50,49,50,49,50,50,0,24,26,1.366,1.323,1.66,0,0,0,0,0,0,0,5,4,4,0.2586611781,-197.7996006,-0.9959450946,"3",-1.026125117,-0.9959450946,-0.9959450946,-0.9959450946,NA,NA,5,9,0,4,4,0.009039103044,0.01115014848,6.033539379,0.2621485256,-195.422411,-0.984060741,-0.9954071058,"4",1,1,0.5938224457,0.5132152857,0.8,FALSE,FALSE,FALSE,NA,NA,0,0,0,0,0,2.442490654e-15,8.128557782e-15,1.904254532e-12,0.2586611781,-197.732686,-0.9956162568,-0.9956162568,"5",1,1,0.5965480997,0.4633521523,0.8,FALSE,FALSE,FALSE,NA,NA,0,0,0,0,0,1.665334537e-15,7.906266244e-15,1.051603249e-12,0.2586611781,-197.732686,-0.9956162568,-0.9956162568,"NA",1,1,0.5965480997,0.4633521523,0.8,FALSE,FALSE,FALSE,NA,NA,0,0,0,0,0,1.665334537e-15,7.906266244e-15,1.051603249e-12,0
"AR1_50x200",5,50,200,25,9,20267009,TRUE,49,50,49,50,49,50,50,0,24,26,1.441,1.208,1.255,0,0,0,0,0,0,0,5,4,4,0.2583171244,-200.7393639,-0.9986032614,"6",-0.9986032614,-0.9969216375,-0.9986032614,-0.9986032614,NA,NA,5,9,0,3,3,0.0005129261801,0.0006310297057,0.3361836278,0.2795642248,-187.3829394,-0.931791275,-0.9986688647,"4",1,0,0.5512735961,0.4170766497,0.84,FALSE,FALSE,FALSE,NA,NA,0,0,0,0,0,7.771561172e-16,7.844588854e-15,7.958078641e-13,0.2591391247,-200.2140687,-0.9959756276,-0.9986688647,"4",1,0,0.5583812991,0.4278849669,0.84,FALSE,FALSE,FALSE,NA,NA,0,0,0,0,0,8.326672685e-16,7.778149374e-15,8.242295735e-13,0.2591391247,-200.2140687,-0.9959756276,-0.9986688647,"NA",1,0,0.5583812991,0.4278849669,0.84,FALSE,FALSE,FALSE,NA,NA,0,0,0,0,0,8.326672685e-16,7.778149374e-15,8.242295735e-13,0
"AR1_50x200",5,50,200,25,10,20267010,TRUE,49,50,49,50,49,50,50,0,24,26,1.392,1.291,1.285,0,0,0,0,0,0,0,5,4,4,0.2615819604,-212.9335875,-0.9823434448,"4",-0.9833240106,-0.9675474378,-0.9817259599,-0.9795157359,NA,NA,5,8,5,5,5,0.00372535747,0.7352362369,2.958689632,0.2750911852,-204.73227,-0.9413136377,-0.9839036363,"4",1,0,0.5314141746,0.5373085554,0.84,FALSE,FALSE,FALSE,NA,NA,0,0,0,0,0,1.942890293e-15,8.205389256e-15,6.252776075e-13,0.2665738991,-210.1155395,-0.9682409789,-0.9842432275,"5",0.4,0,0.5308217081,0.5407896617,0.84,FALSE,FALSE,FALSE,NA,NA,0,0,0,0,0,1.33226763e-15,7.830583767e-15,3.694822226e-13,0.2665738991,-210.1155395,-0.9682409789,-0.9842432275,"NA",0.4,0,0.5308217081,0.5407896617,0.84,FALSE,FALSE,FALSE,NA,NA,0,0,0,0,0,1.33226763e-15,7.830583767e-15,3.694822226e-13,0
"AR1_50x200",5,50,200,25,11,20267011,TRUE,49,50,49,50,49,50,50,0,24,26,1.487,1.276,1.33,0,0,0,0,0,0,0,5,4,4,0.2686645346,-187.7880323,-0.9617838985,"5",-0.9866244089,-0.9617838985,-0.9617838985,-0.9617838985,NA,NA,5,10,0,4,4,0.007770543997,0.009668841617,4.966009488,0.2731746893,-185.0016723,-0.9478443558,-0.9619188106,"4",1,0,0.280442968,0.2620994198,0.96,FALSE,FALSE,FALSE,NA,NA,0,0,0,0,0,3.219646771e-15,8.599710506e-15,2.216893336e-12,0.2622613713,-191.8965318,-0.9823335012,-0.9619188106,"4",0.2,0,0.282691383,0.2620235548,0.96,FALSE,FALSE,FALSE,NA,NA,0,0,0,0,0,1.110223025e-15,7.817040246e-15,7.958078641e-13,0.2622613713,-191.8965318,-0.9823335012,-0.9619188106,"NA",0.2,0,0.282691383,0.2620235548,0.96,FALSE,FALSE,FALSE,NA,NA,0,0,0,0,0,1.110223025e-15,7.817040246e-15,7.958078641e-13,0
"AR1_50x200",5,50,200,25,12,20267012,TRUE,49,50,49,50,49,50,50,0,24,26,1.327,1.272,1.252,0,0,0,0,0,0,0,5,4,4,0.2609505791,-193.700685,-0.9888940776,"2",-1.008335457,-0.9888940776,-0.9888940776,-0.9888940776,NA,NA,5,10,0,1,1,0.005914850355,0.007322782669,3.886634583,0.2649184749,-190.8549247,-0.9746665441,-0.9874477779,"6",1,1,0.5489883186,0.4580992956,0.84,FALSE,FALSE,FALSE,NA,NA,0,0,0,0,0,2.609024108e-15,8.560036764e-15,1.421085472e-12,0.2609505791,-193.4871299,-0.9878365272,-0.9878365272,"5",1,1,0.6193162047,0.5787577766,0.8,FALSE,FALSE,TRUE,NA,NA,0,0,0,0,0,9.992007222e-16,7.91081735e-15,5.115907697e-13,0.2609505791,-193.4871299,-0.9878365272,-0.9878365272,"NA",1,1,0.6193162047,0.5787577766,0.8,FALSE,FALSE,TRUE,NA,NA,0,0,0,0,0,9.992007222e-16,7.91081735e-15,5.115907697e-13,0
"AR1_50x200",5,50,200,25,13,20267013,TRUE,49,50,49,50,49,50,50,0,24,26,1.261,1.302,1.3,0,0,0,0,0,0,0,5,4,4,0.2694902413,-189.8463134,-0.9622657825,"5",-0.9622657825,-0.9566662067,-0.9622657825,-0.9622657825,NA,NA,5,8,0,1,1,0.001789823693,0.002234122023,1.119408035,0.2793008397,-183.5217955,-0.9306342785,-0.9608524146,"4",1,1,0.3810075846,0.3669607655,0.92,FALSE,FALSE,FALSE,NA,NA,0,0,0,0,0,8.881784197e-16,7.517392072e-15,4.831690603e-13,0.2793008397,-183.8042622,-0.9320415186,-0.9622657825,"5",1,0.5,0.01224594018,0.01303180526,1,TRUE,FALSE,FALSE,NA,NA,0,0,0,0,0,8.881784197e-16,7.534097542e-15,5.115907697e-13,0.2793008397,-183.8042622,-0.9320415186,-0.9622657825,"NA",1,0.5,0.01224594018,0.01303180526,1,TRUE,FALSE,FALSE,NA,NA,0,0,0,0,0,8.881784197e-16,7.534097542e-15,5.115907697e-13,0
"AR1_50x200",5,50,200,25,14,20267014,TRUE,49,50,49,50,49,50,50,0,24,26,1.378,1.268,1.287,0,0,0,0,0,0,0,5,4,4,0.2858293722,-183.57966,-0.9102738185,"5",-0.9455675396,-0.9038194011,-0.9112322293,-0.9093845757,NA,NA,5,10,3,5,5,0.01199367242,0.6544325443,7.055609796,0.2988905594,-176.0749811,-0.8727314887,-0.9103500632,"4",1,0.4,0.382852162,0.3941011463,0.92,FALSE,FALSE,FALSE,NA,NA,0,0,0,0,0,6.106226635e-16,8.10257118e-15,4.831690603e-13,0.2911348629,-180.4972034,-0.8948538552,-0.9103500632,"4",1,0.4,0.3848058782,0.3974937353,0.92,FALSE,FALSE,FALSE,NA,NA,0,0,0,0,0,1.110223025e-15,8.024418806e-15,3.97903932e-13,0.2911348629,-180.4972034,-0.8948538552,-0.9103500632,"NA",1,0.4,0.3848058782,0.3974937353,0.92,FALSE,FALSE,FALSE,NA,NA,0,0,0,0,0,1.110223025e-15,8.024418806e-15,3.97903932e-13,0
"AR1_50x200",5,50,200,25,15,20267015,TRUE,49,50,49,50,49,50,50,0,24,26,1.354,1.333,1.316,0,0,0,0,0,0,0,5,4,4,0.2731818723,-198.9056529,-0.9464059855,"5",-0.9464059855,-0.9072295806,-0.9464059855,-0.9464059855,NA,NA,5,9,0,4,4,0.0129813074,0.01626147834,7.831689642,0.2881940539,-189.8372506,-0.9010415469,-0.9461795462,"4",1,1,0.409981805,0.4014570821,0.92,FALSE,FALSE,FALSE,NA,NA,0,0,0,0,0,1.054711873e-15,7.951882573e-15,5.96855898e-13,0.2814990981,-193.8437985,-0.9210852631,-0.9464059855,"5",0.4,0.5,0.01041885702,0.009375123924,1,TRUE,FALSE,FALSE,NA,NA,0,0,0,0,0,8.881784197e-16,8.007348558e-15,7.105427358e-13,0.2814990981,-193.8437985,-0.9210852631,-0.9464059855,"NA",0.4,0.5,0.01041885702,0.009375123924,1,TRUE,FALSE,FALSE,NA,NA,0,0,0,0,0,8.881784197e-16,8.007348558e-15,7.105427358e-13,0
"AR1_50x200",5,50,200,25,16,20267016,TRUE,49,50,49,50,49,50,50,0,24,26,1.421,1.317,1.306,0,0,0,0,0,0,0,5,4,4,0.2706213187,-187.3230903,-0.9532885657,"2",-0.955059787,-0.9516509195,-0.9544012527,-0.9541598571,NA,NA,5,10,5,5,5,0.0008818175462,0.4340140057,0.3545892079,0.2738826311,-185.6873781,-0.9450953375,-0.9552235327,"1",1,0,0.5654671101,0.5570046323,0.8,FALSE,FALSE,FALSE,NA,NA,0,0,0,0,0,6.661338148e-16,7.749498081e-15,3.410605132e-13,0.2789191684,-182.5889053,-0.9295991394,-0.9551182334,"4",1,0,0.443943306,0.4424079272,0.88,FALSE,FALSE,FALSE,NA,NA,0,0,0,0,0,1.942890293e-15,7.987995008e-15,5.96855898e-13,0.2789191684,-182.5889053,-0.9295991394,-0.9551182334,"NA",1,0,0.443943306,0.4424079272,0.88,FALSE,FALSE,FALSE,NA,NA,0,0,0,0,0,1.942890293e-15,7.987995008e-15,5.96855898e-13,0
"AR1_50x200",5,50,200,25,17,20267017,TRUE,49,50,49,50,49,50,50,0,24,26,1.421,1.291,1.299,0,0,0,0,0,0,0,5,4,4,0.2655449084,-197.1698984,-0.971787344,"5",-0.9766886297,-0.9744897715,-0.971787344,-0.971787344,NA,NA,5,9,0,5,5,0.001533166615,0.001902161775,0.9798412646,0.2885097988,-183.1677253,-0.9017445557,-0.971787344,"4",1,0.5,0.02849196964,0.03109222537,1,TRUE,FALSE,FALSE,NA,NA,0,0,0,0,0,1.998401444e-15,8.403181864e-15,1.705302566e-12,0.2760005946,-190.6425017,-0.939136009,-0.971787344,"4|5",1,0.5,0.01297211037,0.01415598095,1,TRUE,FALSE,FALSE,NA,NA,0,0,0,0,0,2.609024108e-15,8.761994749e-15,1.136868377e-12,0.2760005946,-190.6425017,-0.939136009,-0.971787344,"NA",1,0.5,0.01297211037,0.01415598095,1,TRUE,FALSE,FALSE,NA,NA,0,0,0,0,0,2.609024108e-15,8.761994749e-15,1.136868377e-12,0
"AR1_50x200",5,50,200,25,18,20267018,TRUE,49,50,49,50,49,50,50,0,24,26,1.416,1.282,1.295,0,0,0,0,0,0,0,5,4,4,0.2543968614,-204.8263801,-1.013222192,"5",-1.019089891,-1.011875618,-1.013222192,-1.013222192,NA,NA,5,9,0,5,5,0.00175273501,0.002145776984,1.173053742,0.2669305103,-196.4801434,-0.971476833,-1.01223478,"4",1,1,0.3786204781,0.4465525602,0.92,FALSE,FALSE,FALSE,NA,NA,0,0,0,0,0,1.221245327e-15,7.854575069e-15,6.536993169e-13,0.2646419727,-198.134807,-0.9797499573,-1.013222192,"5",1,0.5,0.0125425258,0.01445239443,1,TRUE,FALSE,FALSE,NA,NA,0,0,0,0,0,3.885780586e-16,7.668053267e-15,3.694822226e-13,0.2646419727,-198.134807,-0.9797499573,-1.013222192,"NA",1,0.5,0.0125425258,0.01445239443,1,TRUE,FALSE,FALSE,NA,NA,0,0,0,0,0,3.885780586e-16,7.668053267e-15,3.694822226e-13,0
"AR1_50x200",5,50,200,25,19,20267019,TRUE,49,50,49,50,49,50,50,0,24,26,1.378,1.313,1.316,0,0,0,0,0,0,0,5,4,4,0.273783469,-197.5189071,-0.9411847641,"1",-0.952118279,-0.9411847641,-0.9411847641,-0.9406475067,NA,NA,5,6,1,2,2,0.003692556258,0.2719867515,2.185104427,0.2826266133,-192.1819241,-0.9144906613,-0.9413114059,"4",1,0,0.5162770184,0.4318202118,0.84,FALSE,FALSE,FALSE,NA,NA,0,0,0,0,0,1.942890293e-15,8.09916039e-15,1.165290087e-12,0.2789710509,-194.72327,-0.9271953846,-0.9430424174,"5",1,0,0.4536951746,0.3634775742,0.88,FALSE,FALSE,FALSE,NA,NA,0,0,0,0,0,2.942091015e-15,8.28397336e-15,1.790567694e-12,0.2789710509,-194.72327,-0.9271953846,-0.9430424174,"NA",1,0,0.4536951746,0.3634775742,0.88,FALSE,FALSE,FALSE,NA,NA,0,0,0,0,0,2.942091015e-15,8.28397336e-15,1.790567694e-12,0
"AR1_50x200",5,50,200,25,20,20267020,TRUE,49,50,49,50,49,50,50,0,24,26,1.412,1.314,1.265,0,0,0,0,0,0,0,5,4,4,0.2644031524,-198.7418681,-0.9765159438,"5",-0.9814829006,-0.9765159438,-0.9765159438,-0.9765159438,NA,NA,5,6,0,2,2,0.001546432683,0.001913656228,0.99296908,0.2703696199,-194.893309,-0.9572629706,-0.9761459308,"4",1,1,0.564912698,0.4833712542,0.84,FALSE,FALSE,FALSE,NA,NA,0,0,0,0,0,1.33226763e-15,7.946610295e-15,6.252776075e-13,0.2644031524,-198.7418681,-0.9765159438,-0.9765159438,"5",0.7,0.5,0,0,1,TRUE,TRUE,TRUE,NA,NA,0,0,0,0,0,1.33226763e-15,7.913419712e-15,7.673861546e-13,0.2644031524,-198.7418681,-0.9765159438,-0.9765159438,"NA",0.7,0.5,0,0,1,TRUE,TRUE,TRUE,NA,NA,0,0,0,0,0,1.33226763e-15,7.913419712e-15,7.673861546e-13,0
"AR1_50x200",5,50,200,25,21,20267021,TRUE,49,50,49,50,49,50,50,0,24,26,1.36,1.337,1.321,0,0,0,0,0,0,0,5,4,4,0.2776713976,-196.915378,-0.9355961935,"5",-0.9355961935,-0.9059211662,-0.9355961935,-0.9355961935,NA,NA,5,10,0,2,2,0.009940934936,0.01252181275,5.932175028,0.2925274072,-188.129848,-0.8916472884,-0.9355961935,"4",1,0.5,0.01871294519,0.02178927127,1,TRUE,FALSE,FALSE,NA,NA,0,0,0,0,0,2.109423747e-15,8.187434524e-15,9.094947018e-13,0.2776713976,-196.915378,-0.9355961935,-0.9355961935,"4|5",0.3,0.5,0,0,1,TRUE,TRUE,TRUE,NA,NA,0,0,0,0,0,2.442490654e-15,8.314818119e-15,1.676880856e-12,0.2776713976,-196.915378,-0.9355961935,-0.9355961935,"NA",0.3,0.5,0,0,1,TRUE,TRUE,TRUE,NA,NA,0,0,0,0,0,2.442490654e-15,8.314818119e-15,1.676880856e-12,0
"AR1_50x200",5,50,200,25,22,20267022,TRUE,49,50,49,50,49,50,50,0,24,26,1.346,1.339,1.27,0,0,0,0,0,0,0,5,4,4,0.265735769,-191.6004248,-0.9710371668,"2",-0.972649938,-0.9710371668,-0.9732984382,-0.9710371668,NA,NA,5,5,4,4,4,0.0002036634076,0.4839617835,0.3231983154,0.2750763415,-186.1040676,-0.9435416839,-0.9727558827,"4",1,0.8,0.5437666889,0.5452237952,0.84,FALSE,FALSE,FALSE,NA,NA,0,0,0,0,0,2.331468352e-15,8.336206024e-15,1.080024958e-12,0.2725631694,-187.7632362,-0.9518387729,-0.9732984382,"5",1,0.4,0.4818309017,0.46697887,0.88,FALSE,FALSE,FALSE,NA,NA,0,0,0,0,0,1.110223025e-15,7.687059323e-15,5.96855898e-13,0.2725631694,-187.7632362,-0.9518387729,-0.9732984382,"NA",1,0.4,0.4818309017,0.46697887,0.88,FALSE,FALSE,FALSE,NA,NA,0,0,0,0,0,1.110223025e-15,7.687059323e-15,5.96855898e-13,0
"AR1_50x200",5,50,200,25,23,20267023,TRUE,49,50,49,50,49,50,50,0,24,26,1.366,1.219,1.235,0,0,0,0,0,0,0,5,4,4,0.2728254449,-185.6003658,-0.9477799943,"5",-0.9565142828,-0.9325172023,-0.9477799943,-0.9477799943,NA,NA,5,6,0,5,5,0.004974257761,0.006233622661,3.051181409,0.2907194047,-175.0577001,-0.8950376142,-0.9486406673,"4",1,0,0.3706012287,0.3421381046,0.92,FALSE,FALSE,FALSE,NA,NA,0,0,0,0,0,1.33226763e-15,8.046111367e-15,6.821210263e-13,0.2848531374,-178.3201487,-0.9113621432,-0.9477799943,"5",1,0.5,0.01507282091,0.01650150429,1,TRUE,FALSE,FALSE,NA,NA,0,0,0,0,0,1.276756478e-15,7.969720792e-15,5.400124792e-13,0.2848531374,-178.3201487,-0.9113621432,-0.9477799943,"NA",1,0.5,0.01507282091,0.01650150429,1,TRUE,FALSE,FALSE,NA,NA,0,0,0,0,0,1.276756478e-15,7.969720792e-15,5.400124792e-13,0
"AR1_50x200",5,50,200,25,24,20267024,TRUE,49,50,49,50,49,50,50,0,24,26,1.386,1.26,1.294,0,0,0,0,0,0,0,5,4,4,0.2629509043,-193.1204848,-0.9786757128,"5",-0.9786757128,-0.9686839897,-0.9786757128,-0.9786757128,NA,NA,5,8,0,2,2,0.003122608388,0.003865045598,1.997507913,0.2678513781,-189.985043,-0.9629914617,-0.9786173535,"4",1,1,0.275710513,0.3994953649,0.96,FALSE,FALSE,FALSE,NA,NA,0,0,0,0,0,2.997602166e-15,8.564785942e-15,2.01794137e-12,0.2636266464,-192.6861104,-0.9765029379,-0.9786757128,"5",0.6,0.5,0.0008364078602,0.001200582278,1,TRUE,FALSE,FALSE,NA,NA,0,0,0,0,0,1.221245327e-15,7.694242731e-15,5.400124792e-13,0.2636266464,-192.6861104,-0.9765029379,-0.9786757128,"NA",0.6,0.5,0.0008364078602,0.001200582278,1,TRUE,FALSE,FALSE,NA,NA,0,0,0,0,0,1.221245327e-15,7.694242731e-15,5.400124792e-13,0
"AR1_50x200",5,50,200,25,25,20267025,TRUE,49,50,49,50,49,50,50,0,24,26,1.497,1.248,1.392,0,0,0,0,0,0,0,5,4,4,0.287896774,-179.2650019,-0.9063799976,"5",-0.91689434,-0.9063799976,-0.9063799976,-0.9063799976,NA,NA,5,10,0,2,2,0.00356749366,0.004541876986,2.101830208,0.271160406,-189.0598833,-0.9553832932,-0.9048242219,"4",0,1,0.4953234569,0.4651726132,0.88,FALSE,FALSE,FALSE,NA,NA,0,0,0,0,0,2.386979503e-15,8.262909445e-15,1.136868377e-12,0.2807340021,-183.5134368,-0.9276325577,-0.9063799976,"5",0,0.5,0.009119127258,0.01158314736,1,TRUE,FALSE,FALSE,NA,NA,0,0,0,0,0,2.164934898e-15,8.264936496e-15,1.47792889e-12,0.2807340021,-183.5134368,-0.9276325577,-0.9063799976,"NA",0,0.5,0.009119127258,0.01158314736,1,TRUE,FALSE,FALSE,NA,NA,0,0,0,0,0,2.164934898e-15,8.264936496e-15,1.47792889e-12,0
"AR1_50x200",5,50,200,25,26,20267026,TRUE,49,50,49,50,49,50,50,0,24,26,1.393,1.368,1.27,0,0,0,0,0,0,0,5,4,4,0.2557399053,-213.0531943,-1.006443649,"5",-1.012405088,-0.9708863463,-1.006443649,-1.006443649,NA,NA,5,9,0,5,5,0.01096020517,0.01339933706,7.108429972,0.2647997918,-207.258055,-0.9774536967,-1.006959157,"4",0.4,0,0.2798125001,0.2342542218,0.96,FALSE,FALSE,FALSE,NA,NA,0,0,0,0,0,1.054711873e-15,7.77820689e-15,8.526512829e-13,0.2647997918,-207.258055,-0.9774536967,-1.006959157,"4",0.4,0,0.2798125001,0.2342542218,0.96,FALSE,FALSE,FALSE,NA,NA,0,0,0,0,0,1.054711873e-15,7.77820689e-15,8.526512829e-13,0.2647997918,-207.258055,-0.9774536967,-1.006959157,"NA",0.4,0,0.2798125001,0.2342542218,0.96,FALSE,FALSE,FALSE,NA,NA,0,0,0,0,0,1.054711873e-15,7.77820689e-15,8.526512829e-13,0
"AR1_50x200",5,50,200,25,27,20267027,TRUE,49,50,49,50,49,50,50,0,24,26,1.374,1.275,1.345,0,0,0,0,0,0,0,5,4,4,0.2716188161,-184.1976147,-0.9513457136,"4",-0.9513887174,-0.9353065015,-0.9513887174,-0.9497634994,NA,NA,5,7,5,3,5,0.004688592113,0.6146818067,3.207316112,0.2763074082,-181.2603912,-0.9366516067,-0.9511117209,"2",0.6,0.2,0.6719219116,0.5257314141,0.76,FALSE,FALSE,FALSE,NA,NA,0,0,0,0,0,1.498801083e-15,7.721205264e-15,9.947598301e-13,0.2770170337,-180.5835099,-0.9332684236,-0.9498930635,"2",1,0.4,0.6445438744,0.5822474084,0.76,FALSE,FALSE,FALSE,NA,NA,0,0,0,0,0,2.331468352e-15,7.841799472e-15,1.023181539e-12,0.2770170337,-180.5835099,-0.9332684236,-0.9498930635,"NA",1,0.4,0.6445438744,0.5822474084,0.76,FALSE,FALSE,FALSE,NA,NA,0,0,0,0,0,2.331468352e-15,7.841799472e-15,1.023181539e-12,0
"AR1_50x200",5,50,200,25,28,20267028,TRUE,49,50,49,50,49,50,50,0,24,26,1.432,1.257,1.464,0,0,0,0,0,0,0,5,4,4,0.2623374483,-192.5301373,-0.9826687737,"5",-0.9826687737,-0.9670591524,-0.9826687737,-0.9826687737,NA,NA,5,10,0,4,4,0.004881309564,0.006042585799,3.120574724,0.2623374483,-192.6515918,-0.9832702815,-0.9832702815,"1",0,0,0.5522771216,0.4742464202,0.84,FALSE,FALSE,TRUE,NA,NA,0,0,0,0,0,1.276756478e-15,7.630937448e-15,7.958078641e-13,0.2623374483,-192.5301373,-0.9826687737,-0.9826687737,"5",0.1,0.5,0,0,1,TRUE,TRUE,TRUE,NA,NA,0,0,0,0,0,1.276756478e-15,7.789937836e-15,6.821210263e-13,0.2623374483,-192.5301373,-0.9826687737,-0.9826687737,"NA",0.1,0.5,0,0,1,TRUE,TRUE,TRUE,NA,NA,0,0,0,0,0,1.276756478e-15,7.789937836e-15,6.821210263e-13,0
"AR1_50x200",5,50,200,25,29,20267029,TRUE,49,50,49,50,49,50,50,0,24,26,1.35,1.355,1.396,0,0,0,0,0,0,0,5,4,4,0.2643241943,-192.2129416,-0.9760108723,"6",-0.9763004398,-0.9716388895,-0.9760108723,-0.9760108723,NA,NA,5,10,0,5,5,0.001368515869,0.001694697661,0.8740197647,0.2574247252,-196.7642571,-0.998775383,-0.9763641416,"2",0,0,0.6029656827,0.4805235489,0.8,FALSE,FALSE,FALSE,NA,NA,0,0,0,0,0,6.661338148e-16,7.708876196e-15,3.410605132e-13,0.2650900795,-191.7232148,-0.9735611846,-0.9760108723,"6",0.2,0.5,0.0009484317575,0.001070273732,1,TRUE,FALSE,FALSE,NA,NA,0,0,0,0,0,7.771561172e-16,7.753329976e-15,7.389644452e-13,0.2650900795,-191.7232148,-0.9735611846,-0.9760108723,"NA",0.2,0.5,0.0009484317575,0.001070273732,1,TRUE,FALSE,FALSE,NA,NA,0,0,0,0,0,7.771561172e-16,7.753329976e-15,7.389644452e-13,0
"AR1_50x200",5,50,200,25,30,20267030,TRUE,49,50,49,50,49,50,50,0,24,26,1.362,1.365,1.375,0,0,0,0,0,0,0,5,4,4,0.249600241,-207.7541074,-1.022242446,"5",-1.004495617,-0.9969757027,-1.022242446,-1.022242446,NA,NA,5,10,0,5,5,0.007548842735,0.009168272131,5.051403643,0.2647520066,-197.7969754,-0.9724343822,-1.022379508,"4",1,0,0.4792379683,0.3683523349,0.88,FALSE,FALSE,FALSE,NA,NA,0,0,0,0,0,5.551115123e-16,7.834130703e-15,4.263256415e-13,0.2548776952,-204.2336738,-1.004630869,-1.022379508,"4",0,0,0.4827987188,0.3705852151,0.88,FALSE,FALSE,FALSE,NA,NA,0,0,0,0,0,1.221245327e-15,7.825807588e-15,5.400124792e-13,0.2548776952,-204.2336738,-1.004630869,-1.022379508,"NA",0,0,0.4827987188,0.3705852151,0.88,FALSE,FALSE,FALSE,NA,NA,0,0,0,0,0,1.221245327e-15,7.825807588e-15,5.400124792e-13,0
"AR1_50x200",5,50,200,25,31,20267031,TRUE,49,50,49,50,49,50,50,0,24,26,1.408,1.276,1.384,0,0,0,0,0,0,0,5,4,4,0.2683542322,-194.4527953,-0.9642747345,"5",-0.9720641872,-0.9642747345,-0.9642747345,-0.9642747345,NA,NA,5,10,0,1,1,0.002458757674,0.003069017515,1.557209399,0.2703328636,-193.3258234,-0.9586337266,-0.9648486539,"4",1,0,0.3853169037,0.3984771255,0.92,FALSE,FALSE,FALSE,NA,NA,0,0,0,0,0,1.387778781e-15,7.804908505e-15,3.410605132e-13,0.2683542322,-194.5682536,-0.9648486539,-0.9648486539,"4",0.2,0,0.385840863,0.3993041891,0.92,FALSE,FALSE,TRUE,NA,NA,0,0,0,0,0,1.110223025e-15,7.597318651e-15,1.023181539e-12,0.2683542322,-194.5682536,-0.9648486539,-0.9648486539,"NA",0.2,0,0.385840863,0.3993041891,0.92,FALSE,FALSE,TRUE,NA,NA,0,0,0,0,0,1.110223025e-15,7.597318651e-15,1.023181539e-12,0
"AR1_50x200",5,50,200,25,32,20267032,TRUE,49,50,49,50,49,50,50,0,24,26,1.365,1.273,1.32,0,0,0,0,0,0,0,5,4,4,0.2937499054,-188.2287145,-0.8855218692,"5",-0.8855218692,-0.8855218692,-0.8855218692,-0.8855218692,NA,NA,5,8,0,0,0,1.387778781e-15,7.911937568e-15,7.389644452e-13,0.3121923248,-177.9700433,-0.8342021902,-0.8853518442,"4",1,1,0.2671806455,0.26736444,0.96,FALSE,FALSE,FALSE,NA,NA,0,0,0,0,0,1.221245327e-15,7.771295613e-15,3.694822226e-13,0.281956126,-195.1314602,-0.9200524079,-0.8855218692,"5",0,0.5,0.01515556859,0.01450180761,1,TRUE,FALSE,FALSE,NA,NA,0,0,0,0,0,1.887379142e-15,7.896677727e-15,1.250555215e-12,0.281956126,-195.1314602,-0.9200524079,-0.8855218692,"NA",0,0.5,0.01515556859,0.01450180761,1,TRUE,FALSE,FALSE,NA,NA,0,0,0,0,0,1.887379142e-15,7.896677727e-15,1.250555215e-12,0
"AR1_50x200",5,50,200,25,33,20267033,TRUE,49,50,49,50,49,50,50,0,24,26,1.36,1.286,1.308,0,0,0,0,0,0,0,5,4,4,0.2782233026,-185.2460701,-0.9318996719,"1",-0.9380341211,-0.9137005164,-0.9324787403,-0.9317654076,NA,NA,5,10,5,5,5,0.006114841629,0.5766746606,3.639971808,0.2955505248,-175.1166117,-0.881232681,-0.9321628084,"4",1,0.6,0.5137222621,0.6302049065,0.84,FALSE,FALSE,FALSE,NA,NA,0,0,0,0,0,7.21644966e-16,7.675258074e-15,5.400124792e-13,0.2869269849,-180.102215,-0.9061732141,-0.9321628084,"4",1,0.6,0.5158404519,0.6347367785,0.84,FALSE,FALSE,FALSE,NA,NA,0,0,0,0,0,7.771561172e-16,7.657968885e-15,4.547473509e-13,0.2869269849,-180.102215,-0.9061732141,-0.9321628084,"NA",1,0.6,0.5158404519,0.6347367785,0.84,FALSE,FALSE,FALSE,NA,NA,0,0,0,0,0,7.771561172e-16,7.657968885e-15,4.547473509e-13,0
"AR1_50x200",5,50,200,25,34,20267034,TRUE,49,50,49,50,49,50,50,0,24,26,1.36,1.291,1.278,0,0,0,0,0,0,0,5,4,4,0.2387037809,-219.1496939,-1.063827419,"1|2",-1.063827419,-1.058501162,-1.064997715,-1.063827419,NA,NA,5,6,1,1,1,0.001829788549,0.2709876672,1.063994784,0.2643937644,-202.3227531,-0.9796526492,-1.066430693,"4",1,0,0.5389726759,0.4984630689,0.84,FALSE,FALSE,FALSE,NA,NA,0,0,0,0,0,7.771561172e-16,7.893785137e-15,5.115907697e-13,0.25206256,-210.4188073,-1.02015003,-1.066430693,"4|5",1,0,0.5424399646,0.4978908031,0.84,FALSE,FALSE,FALSE,NA,NA,0,0,0,0,0,9.436895709e-16,7.867191665e-15,7.958078641e-13,0.25206256,-210.4188073,-1.02015003,-1.066430693,"NA",1,0,0.5424399646,0.4978908031,0.84,FALSE,FALSE,FALSE,NA,NA,0,0,0,0,0,9.436895709e-16,7.867191665e-15,7.958078641e-13,0
"AR1_50x200",5,50,200,25,35,20267035,TRUE,49,50,49,50,49,50,50,0,24,26,1.4,1.261,1.405,0,0,0,0,0,0,0,5,4,4,0.2633542322,-195.1068095,-0.9750235402,"2",-0.9830267342,-0.9750235402,-0.9750235402,-0.9750235402,NA,NA,5,8,0,3,3,0.00247775037,0.003072533959,1.599987353,0.2653888682,-193.7818805,-0.9683991142,-0.9749113369,"4",1,1,0.5439269343,0.4633346566,0.84,FALSE,FALSE,FALSE,NA,NA,0,0,0,0,0,1.33226763e-15,7.997620312e-15,6.252776075e-13,0.2653888682,-193.7818805,-0.9683991142,-0.9749113369,"4|5",1,1,0.5439269343,0.4633346566,0.84,FALSE,FALSE,FALSE,NA,NA,0,0,0,0,0,1.33226763e-15,7.997620312e-15,6.252776075e-13,0.2653888682,-193.7818805,-0.9683991142,-0.9749113369,"NA",1,1,0.5439269343,0.4633346566,0.84,FALSE,FALSE,FALSE,NA,NA,0,0,0,0,0,1.33226763e-15,7.997620312e-15,6.252776075e-13,0
"AR1_50x200",5,50,200,25,36,20267036,TRUE,49,50,49,50,49,50,50,0,24,26,1.41,1.24,1.382,0,0,0,0,0,0,0,5,4,4,0.2571369509,-195.917207,-1.001399256,"5",-1.018224641,-1.000028812,-1.001768358,-1.001399256,NA,NA,5,10,1,3,3,0.004939975138,0.3697205462,3.364359172,0.2575529406,-195.5946564,-0.9997857627,-1.001156217,"4",1,1,0.259377942,0.3309904132,0.96,FALSE,FALSE,FALSE,NA,NA,0,0,0,0,0,1.165734176e-15,7.850742855e-15,8.242295735e-13,0.2529828292,-198.6789368,-1.015213512,-1.001399256,"5",0.2,0.6,0.005100626381,0.005487600584,1,TRUE,FALSE,FALSE,NA,NA,0,0,0,0,0,1.776356839e-15,8.155745597e-15,9.094947018e-13,0.2529828292,-198.6789368,-1.015213512,-1.001399256,"NA",0.2,0.6,0.005100626381,0.005487600584,1,TRUE,FALSE,FALSE,NA,NA,0,0,0,0,0,1.776356839e-15,8.155745597e-15,9.094947018e-13,0
"AR1_50x200",5,50,200,25,37,20267037,TRUE,49,50,49,50,49,50,50,0,24,26,1.389,1.383,1.281,0,0,0,0,0,0,0,5,4,4,0.2785526482,-187.2024487,-0.9301692285,"5",-0.9171202669,-0.9136329964,-0.9301692285,-0.9301692285,NA,NA,5,10,0,5,5,0.005513220272,0.006965166961,3.305702021,0.2840953362,-183.9638908,-0.913965231,-0.9305912581,"4",0.4,0,0.3710280556,0.3384386684,0.92,FALSE,FALSE,FALSE,NA,NA,0,0,0,0,0,1.165734176e-15,7.790944154e-15,3.694822226e-13,0.2810523068,-185.7800517,-0.9230503451,-0.9305912581,"4",0,0,0.3718768548,0.3401282358,0.92,FALSE,FALSE,FALSE,NA,NA,0,0,0,0,0,1.554312234e-15,7.870879034e-15,4.263256415e-13,0.2810523068,-185.7800517,-0.9230503451,-0.9305912581,"NA",0,0,0.3718768548,0.3401282358,0.92,FALSE,FALSE,FALSE,NA,NA,0,0,0,0,0,1.554312234e-15,7.870879034e-15,4.263256415e-13,0
"AR1_50x200",5,50,200,25,38,20267038,TRUE,49,50,49,50,49,50,50,0,24,26,1.576,1.401,1.389,0,0,0,0,0,0,0,5,4,4,0.2811728858,-182.5825109,-0.9270160226,"5",-0.9325932734,-0.9270160226,-0.9270160226,-0.9270160226,NA,NA,5,10,0,4,4,0.001850912442,0.002348584037,1.114909072,0.2792951537,-183.7092953,-0.9326529679,-0.9269946811,"4",0,1,0.2669810186,0.2872173378,0.96,FALSE,FALSE,FALSE,NA,NA,0,0,0,0,0,5.551115123e-16,7.57214611e-15,3.694822226e-13,0.2857973787,-179.8304578,-0.9132489545,-0.9270160226,"5",1,0.5,0.005867922279,0.006113408089,1,TRUE,FALSE,FALSE,NA,NA,0,0,0,0,0,1.276756478e-15,7.850173388e-15,6.536993169e-13,0.2857973787,-179.8304578,-0.9132489545,-0.9270160226,"NA",1,0.5,0.005867922279,0.006113408089,1,TRUE,FALSE,FALSE,NA,NA,0,0,0,0,0,1.276756478e-15,7.850173388e-15,6.536993169e-13,0
"AR1_50x200",5,50,200,25,39,20267039,TRUE,49,50,49,50,49,50,50,0,24,26,1.422,1.201,1.398,0,0,0,0,0,0,0,5,4,4,0.2658550038,-190.3147388,-0.9665470871,"2",-0.9797379709,-0.9665470871,-0.9665470871,-0.9665470871,NA,NA,5,10,0,3,3,0.004112017141,0.005099856922,2.63710511,0.2798469459,-181.5679407,-0.922797705,-0.9661194682,"4",1,1,0.5597848627,0.8042138409,0.8,FALSE,FALSE,FALSE,NA,NA,0,0,0,0,0,9.992007222e-16,7.882324729e-15,9.379164112e-13,0.2617429867,-192.9193933,-0.9795788954,-0.9663897008,"5",0.4,1,0.5145312207,0.4841253447,0.84,FALSE,FALSE,FALSE,NA,NA,0,0,0,0,0,9.436895709e-16,7.826057011e-15,6.252776075e-13,0.2617429867,-192.9193933,-0.9795788954,-0.9663897008,"NA",0.4,1,0.5145312207,0.4841253447,0.84,FALSE,FALSE,FALSE,NA,NA,0,0,0,0,0,9.436895709e-16,7.826057011e-15,6.252776075e-13,0
"AR1_50x200",5,50,200,25,40,20267040,TRUE,49,50,49,50,49,50,50,0,24,26,1.356,1.371,1.302,0,0,0,0,0,0,0,5,4,4,0.253017246,-216.8282929,-1.01122386,"1",-1.026310556,-1.005602019,-1.011350716,-1.00858323,NA,NA,5,7,2,2,3,0.00445824131,0.5892842139,3.016171215,0.2669018382,-207.8235329,-0.9661845681,-1.01143864,"4",1,0,0.4742263348,0.5242748016,0.88,FALSE,FALSE,FALSE,NA,NA,0,0,0,0,0,1.498801083e-15,8.164721848e-15,7.105427358e-13,0.2611365565,-211.5187216,-0.984668197,-1.01143864,"4|5",1,0,0.4755010337,0.5259408656,0.88,FALSE,FALSE,FALSE,NA,NA,0,0,0,0,0,1.110223025e-15,8.021313241e-15,3.126388037e-13,0.2611365565,-211.5187216,-0.984668197,-1.01143864,"NA",1,0,0.4755010337,0.5259408656,0.88,FALSE,FALSE,FALSE,NA,NA,0,0,0,0,0,1.110223025e-15,8.021313241e-15,3.126388037e-13,0
"AR1_50x200",5,50,200,25,41,20267041,TRUE,49,50,49,50,49,50,50,0,24,26,1.443,1.321,1.426,0,0,0,0,0,0,0,5,4,4,0.2684021863,-189.1996717,-0.9695132186,"5",-0.9968151895,-0.9695132186,-0.9695132186,-0.9695132186,NA,NA,5,9,0,4,4,0.008511638601,0.01058825785,5.457949628,0.2598905477,-194.6576213,-0.9968151895,-0.9695132186,"4",0.2,0.5,0.01058825785,0.01146739262,1,TRUE,FALSE,FALSE,NA,NA,0,0,0,0,0,9.436895709e-16,7.91630412e-15,6.252776075e-13,0.2598905477,-194.6576213,-0.9968151895,-0.9695132186,"4|5",0.2,0.5,0.01058825785,0.01146739262,1,TRUE,FALSE,FALSE,NA,NA,0,0,0,0,0,9.436895709e-16,7.91630412e-15,6.252776075e-13,0.2598905477,-194.6576213,-0.9968151895,-0.9695132186,"NA",0.2,0.5,0.01058825785,0.01146739262,1,TRUE,FALSE,FALSE,NA,NA,0,0,0,0,0,9.436895709e-16,7.91630412e-15,6.252776075e-13,0
"AR1_50x200",5,50,200,25,42,20267042,TRUE,49,50,49,50,49,50,50,0,24,26,1.425,1.35,1.337,0,0,0,0,0,0,0,5,4,4,0.2713672709,-191.7773832,-0.9553911437,"5",-0.9553911437,-0.9491338659,-0.9553911437,-0.9553911437,NA,NA,5,7,0,2,2,0.002015753194,0.002517061935,1.250887308,0.2699244628,-192.8373197,-0.9606882541,-0.9561785505,"4",0,0,0.290457393,0.2981402934,0.96,FALSE,FALSE,FALSE,NA,NA,0,0,0,0,0,9.992007222e-16,7.726412599e-15,1.421085472e-13,0.2689334043,-193.4595202,-0.9638006638,-0.9561785505,"4",0,0,0.2906984172,0.2984385678,0.96,FALSE,FALSE,FALSE,NA,NA,0,0,0,0,0,1.443289932e-15,7.73339761e-15,1.080024958e-12,0.2689334043,-193.4595202,-0.9638006638,-0.9561785505,"NA",0,0,0.2906984172,0.2984385678,0.96,FALSE,FALSE,FALSE,NA,NA,1,1,1,0,1,1.443289932e-15,0.2881153776,0.1586804271,0
"AR1_50x200",5,50,200,25,43,20267043,TRUE,49,50,49,50,49,50,50,0,24,26,1.408,1.332,1.354,0,0,0,0,0,0,0,5,4,4,0.2838062531,-191.5465414,-0.9123854073,"2",-0.9123854073,-0.9001909,-0.9133687268,-0.9123854073,NA,NA,5,10,3,3,3,0.00447349818,0.5472153402,2.437868681,0.2954463623,-184.9070654,-0.879172161,-0.9130168974,"4",1,0.6,0.5930578401,0.5034479774,0.8,FALSE,FALSE,FALSE,NA,NA,0,0,0,0,0,1.276756478e-15,7.651616869e-15,1.136868377e-12,0.2954463623,-184.9774835,-0.8795249386,-0.9133687268,"5",1,0.3,0.5450412801,0.4826114387,0.84,FALSE,FALSE,FALSE,NA,NA,0,0,0,0,0,1.276756478e-15,7.715324036e-15,1.108446668e-12,0.2954463623,-184.9774835,-0.8795249386,-0.9133687268,"NA",1,0.3,0.5450412801,0.4826114387,0.84,FALSE,FALSE,FALSE,NA,NA,0,0,0,0,0,1.276756478e-15,7.715324036e-15,1.108446668e-12,0
"AR1_50x200",5,50,200,25,44,20267044,TRUE,49,50,49,50,49,50,50,0,24,26,1.426,1.322,1.296,0,0,0,0,0,0,0,5,4,4,0.285422932,-177.6100636,-0.9110145063,"5",-0.9110145063,-0.8967196203,-0.9110145063,-0.9110145063,NA,NA,5,9,0,3,3,0.004881610928,0.006219158244,2.85755975,0.2929320536,-173.2283907,-0.8890958651,-0.9109793748,"4",1,1,0.3625244218,0.3229715294,0.92,FALSE,FALSE,FALSE,NA,NA,0,0,0,0,0,1.165734176e-15,7.832436663e-15,7.389644452e-13,0.285422932,-177.6100636,-0.9110145063,-0.9110145063,"5",0.2,0.5,0,0,1,TRUE,TRUE,TRUE,NA,NA,0,0,0,0,0,1.609823386e-15,7.85651186e-15,7.673861546e-13,0.285422932,-177.6100636,-0.9110145063,-0.9110145063,"NA",0.2,0.5,0,0,1,TRUE,TRUE,TRUE,NA,NA,0,0,0,0,0,1.609823386e-15,7.85651186e-15,7.673861546e-13,0
"AR1_50x200",5,50,200,25,45,20267045,TRUE,49,50,49,50,49,50,50,0,24,26,1.425,1.362,1.348,0,0,0,0,0,0,0,5,4,4,0.267189747,-196.4337268,-0.9641409089,"5",-0.9616060584,-0.8984643475,-0.9641409089,-0.9641409089,NA,NA,5,9,0,5,5,0.02161487588,0.02693977096,13.12932218,0.2930713156,-180.8358031,-0.8861152733,-0.9641409089,"4",1,0.5,0.03225757731,0.03511014511,1,TRUE,FALSE,FALSE,NA,NA,0,0,0,0,0,2.331468352e-15,8.192728724e-15,1.250555215e-12,0.267189747,-196.4337268,-0.9641409089,-0.9641409089,"4|5",0,0.5,1.785929353e-15,1.998401444e-15,1,TRUE,FALSE,FALSE,NA,NA,0,0,0,0,0,1.665334537e-15,7.840078025e-15,1.335820343e-12,0.267189747,-196.4337268,-0.9641409089,-0.9641409089,"NA",0,0.5,1.785929353e-15,1.998401444e-15,1,TRUE,FALSE,FALSE,NA,NA,0,0,0,0,0,1.665334537e-15,7.840078025e-15,1.335820343e-12,0
"AR1_50x200",5,50,200,25,46,20267046,TRUE,49,50,49,50,49,50,50,0,24,26,1.324,1.189,1.42,0,0,0,0,0,0,0,5,4,4,0.2755192047,-190.265697,-0.9452428701,"5",-0.9806112398,-0.9668244017,-0.9452428701,-0.9452428701,NA,NA,5,10,0,5,5,0.01127967272,0.01416259744,7.070448827,0.276018429,-189.962688,-0.9437249754,-0.9452550678,"4",1,0,0.3737945473,0.341820245,0.92,FALSE,FALSE,FALSE,NA,NA,0,0,0,0,0,8.881784197e-16,7.587388171e-15,8.242295735e-13,0.260111659,-200.0069089,-0.993968857,-0.9452550678,"4",0,0,0.3790220063,0.3431866601,0.92,FALSE,FALSE,FALSE,NA,NA,0,0,0,0,0,3.108624469e-15,8.502137716e-15,2.074784788e-12,0.260111659,-200.0069089,-0.993968857,-0.9452550678,"NA",0,0,0.3790220063,0.3431866601,0.92,FALSE,FALSE,FALSE,NA,NA,0,0,0,0,0,3.108624469e-15,8.502137716e-15,2.074784788e-12,0
"AR1_50x200",5,50,200,25,47,20267047,TRUE,49,50,49,50,49,50,50,0,24,26,1.381,1.304,1.451,0,0,0,0,0,0,0,5,4,4,0.28655879,-179.8336467,-0.9111407336,"5",-0.9115187834,-0.902554113,-0.9111407336,-0.9094700839,NA,NA,5,10,1,2,2,0.002933069701,0.5897828392,1.716450973,0.3093859633,-166.7324824,-0.8456047138,-0.9100919549,"4",1,0.8,0.2523339922,0.3052303776,0.96,FALSE,FALSE,FALSE,NA,NA,0,0,0,0,0,1.831867991e-15,8.241425108e-15,5.96855898e-13,0.2850024322,-180.5412767,-0.9146852582,-0.9100919549,"4",0,0.8,0.2544154058,0.3184318816,0.96,FALSE,FALSE,FALSE,NA,NA,0,0,0,0,0,1.887379142e-15,7.999497609e-15,9.379164112e-13,0.2850024322,-180.5412767,-0.9146852582,-0.9100919549,"NA",0,0.8,0.2544154058,0.3184318816,0.96,FALSE,FALSE,FALSE,NA,NA,0,0,0,0,0,1.887379142e-15,7.999497609e-15,9.379164112e-13,0
"AR1_50x200",5,50,200,25,48,20267048,TRUE,49,50,49,50,49,50,50,0,24,26,1.446,1.267,1.335,0,0,0,0,0,0,0,5,4,4,0.2712188186,-193.3330409,-0.9551937953,"5",-0.9708570479,-0.9632211944,-0.9559230382,-0.9551937953,NA,NA,5,9,2,5,5,0.004745047807,0.4877169361,3.132521295,0.2696637786,-194.3249105,-0.9601545851,-0.955291946,"4",1,0.4,0.2956949855,0.3498976384,0.96,FALSE,FALSE,FALSE,NA,NA,0,0,0,0,0,7.771561172e-16,7.844751067e-15,6.821210263e-13,0.2712188186,-193.3528147,-0.955291946,-0.955291946,"4",1,0.4,0.2953710747,0.349593582,0.96,FALSE,FALSE,TRUE,NA,NA,0,0,0,0,0,1.443289932e-15,7.955603912e-15,7.958078641e-13,0.2712188186,-193.3528147,-0.955291946,-0.955291946,"NA",1,0.4,0.2953710747,0.349593582,0.96,FALSE,FALSE,TRUE,NA,NA,0,0,0,0,0,1.443289932e-15,7.955603912e-15,7.958078641e-13,0
"AR1_50x200",5,50,200,25,49,20267049,TRUE,49,50,49,50,49,50,50,0,24,26,1.407,1.311,1.251,0,0,0,0,0,0,0,5,4,4,0.2761657431,-184.582535,-0.9398494402,"5",-0.948690612,-0.9388376597,-0.9398494402,-0.9398494402,NA,NA,5,10,0,5,5,0.002874403326,0.003615137979,1.767425999,0.2732913398,-186.2708688,-0.9482964731,-0.9394557795,"4",0.2,1,0.2768523093,0.4407219334,0.96,FALSE,FALSE,FALSE,NA,NA,0,0,0,0,0,2.553512957e-15,8.213275603e-15,1.278976924e-12,0.2732913398,-186.349961,-0.948690612,-0.9398494402,"5",0.1,0.5,0.003615137979,0.004050206112,1,TRUE,FALSE,FALSE,NA,NA,0,0,0,0,0,2.553512957e-15,8.213597488e-15,1.307398634e-12,0.2732913398,-186.349961,-0.948690612,-0.9398494402,"NA",0.1,0.5,0.003615137979,0.004050206112,1,TRUE,FALSE,FALSE,NA,NA,0,0,0,0,0,2.553512957e-15,8.213597488e-15,1.307398634e-12,0
"AR1_50x200",5,50,200,25,50,20267050,TRUE,49,50,49,50,49,50,50,0,24,26,1.34,1.309,1.378,0,0,0,0,0,0,0,5,4,4,0.2654948726,-199.9791987,-0.9696968606,"5",-0.9811515858,-0.9696968606,-0.9696968606,-0.9696968606,NA,NA,5,9,0,3,3,0.003568318358,0.00444485075,2.289989179,0.2795613882,-191.310177,-0.9263310096,-0.969962349,"4",1,0,0.4683527462,0.4170499786,0.88,FALSE,FALSE,FALSE,NA,NA,0,0,0,0,0,1.443289932e-15,7.654247587e-15,1.023181539e-12,0.266630114,-199.2574332,-0.9660865058,-0.9696968606,"5",1,0.5,0.001414105407,0.001611793262,1,TRUE,FALSE,FALSE,NA,NA,0,0,0,0,0,1.776356839e-15,7.740603949e-15,4.831690603e-13,0.266630114,-199.2574332,-0.9660865058,-0.9696968606,"NA",1,0.5,0.001414105407,0.001611793262,1,TRUE,FALSE,FALSE,NA,NA,0,0,0,0,0,1.776356839e-15,7.740603949e-15,4.831690603e-13,0
"CONT_50x200",6,50,200,25,1,20268001,TRUE,49,50,49,50,49,50,50,0,24,26,1.41,1.233,1.293,0,0,0,0,0,0,0,5,4,4,0.1522726724,-212.7959012,-1.479044281,"5",-1.48005176,-1.472398279,-1.479044281,-1.479044281,0,1,5,10,0,5,5,0.001176402457,0.001284811069,1.328891509,0.1561355789,-208.503204,-1.457575084,-1.47920558,"4",1,0,0.4973509353,0.5605427904,0.88,FALSE,FALSE,FALSE,0,1,0,0,0,0,0,1.526556659e-15,7.9197488e-15,1.620037438e-12,0.1525385602,-212.5270086,-1.477698857,-1.47920558,"4",0.6,0,0.4983781853,0.5618085093,0.88,FALSE,FALSE,FALSE,0,1,0,0,0,0,0,4.524158825e-15,9.107560756e-15,5.258016245e-12,0.1525385602,-212.5270086,-1.477698857,-1.47920558,"NA",0.6,0,0.4983781853,0.5618085093,0.88,FALSE,FALSE,FALSE,0,1,0,0,0,0,0,4.524158825e-15,9.107560756e-15,5.258016245e-12,5
"CONT_50x200",6,50,200,25,2,20268002,TRUE,49,50,49,50,49,50,50,0,24,26,1.483,1.319,1.238,0,0,0,0,0,0,0,5,4,4,0.1602711617,-206.926222,-1.437046326,"5",-1.447658284,-1.420751876,-1.437046326,-1.437046326,0,1,5,9,0,5,5,0.003056207599,0.003365684732,3.258054361,0.1674328635,-199.0249696,-1.397533674,-1.435228106,"4",1,1,0.6690470761,0.7280670249,0.76,FALSE,FALSE,FALSE,0,1,0,0,0,0,0,8.326672685e-16,8.555840165e-15,9.947598301e-13,0.1664106281,-200.4439153,-1.404626378,-1.437046326,"5",1,0.5,0.006761160023,0.007301492265,1,TRUE,FALSE,FALSE,0,1,0,0,0,0,0,1.859623566e-15,8.75540429e-15,2.302158464e-12,0.1664106281,-200.4439153,-1.404626378,-1.437046326,"NA",1,0.5,0.006761160023,0.007301492265,1,TRUE,FALSE,FALSE,0,1,0,0,0,0,0,1.859623566e-15,8.75540429e-15,2.302158464e-12,5
"CONT_50x200",6,50,200,25,3,20268003,TRUE,49,50,49,50,49,50,50,0,24,26,1.374,1.278,1.347,0,0,0,0,0,0,0,5,4,4,0.158033845,-209.6577215,-1.444732133,"5",-1.450749295,-1.444732133,-1.444732133,-1.444732133,0,1,5,8,0,3,3,0.001098213689,0.00120639954,1.203148614,0.1576422144,-210.0063293,-1.446476171,-1.444335365,"4",0.6,1,0.3963277905,0.4399175924,0.92,FALSE,FALSE,FALSE,0,1,0,0,0,0,0,2.997602166e-15,8.699778738e-15,3.126388037e-12,0.1576422144,-210.0857887,-1.446872975,-1.444732133,"5",0.4,0.5,0.0004302104551,0.0005247206408,1,TRUE,FALSE,FALSE,0,1,0,0,0,0,0,2.997602166e-15,8.556022544e-15,3.097966328e-12,0.1576422144,-210.0857887,-1.446872975,-1.444732133,"NA",0.4,0.5,0.0004302104551,0.0005247206408,1,TRUE,FALSE,FALSE,0,1,0,0,0,0,0,2.997602166e-15,8.556022544e-15,3.097966328e-12,5
"CONT_50x200",6,50,200,25,4,20268004,TRUE,49,50,49,50,49,50,50,0,24,26,1.361,1.245,1.288,0,0,0,0,0,0,0,5,4,4,0.1644317556,-202.0805482,-1.414333717,"5",-1.417350609,-1.400641489,-1.414333717,-1.414333717,0,1,5,10,0,3,3,0.0026323362,0.002916869969,2.737721746,0.1713660572,-194.813647,-1.377989178,-1.41359012,"4",1,1,0.5544100736,0.5842494656,0.84,FALSE,FALSE,FALSE,0,1,0,0,0,0,0,2.192690474e-15,8.327683591e-15,1.563194019e-12,0.1655512624,-200.9107753,-1.408483316,-1.414333717,"5",0.6,0.5,0.00124051626,0.001893484526,1,TRUE,FALSE,FALSE,0,1,0,0,0,0,0,3.386180225e-15,8.907042932e-15,3.325340003e-12,0.1655512624,-200.9107753,-1.408483316,-1.414333717,"NA",0.6,0.5,0.00124051626,0.001893484526,1,TRUE,FALSE,FALSE,0,1,0,0,0,0,0,3.386180225e-15,8.907042932e-15,3.325340003e-12,5
"CONT_50x200",6,50,200,25,5,20268005,TRUE,49,50,49,50,49,50,50,0,24,26,1.338,1.264,1.305,0,0,0,0,0,0,0,5,4,4,0.1556014938,-208.4204052,-1.456275443,"2",-1.456636217,-1.441168473,-1.456716856,-1.456275443,0,1,5,10,1,5,5,0.002829098799,0.4057772471,3.02057526,0.1604582838,-203.3819208,-1.431074703,-1.457594734,"4",1,0,0.721660755,0.6753554662,0.72,FALSE,FALSE,FALSE,0,1,0,0,0,0,0,1.415534356e-15,8.079682994e-15,1.392663762e-12,0.1602008584,-203.6588362,-1.432459616,-1.457594734,"4",1,0,0.721761615,0.6756057534,0.72,FALSE,FALSE,FALSE,0,1,0,0,0,0,0,2.942091015e-15,8.506340476e-15,3.069544618e-12,0.1602008584,-203.6588362,-1.432459616,-1.457594734,"NA",1,0,0.721761615,0.6756057534,0.72,FALSE,FALSE,FALSE,0,1,0,0,0,0,0,2.942091015e-15,8.506340476e-15,3.069544618e-12,5
"CONT_50x200",6,50,200,25,6,20268006,TRUE,49,50,49,50,49,50,50,0,24,26,1.319,1.19,1.446,0,0,0,0,0,0,0,5,4,4,0.1625021151,-200.7447661,-1.421596689,"5",-1.421596689,-1.421554193,-1.421596689,-1.421596689,0,1,5,8,0,3,3,8.008696261e-06,8.841219915e-06,0.008497235798,0.1689935819,-194.0183023,-1.387954436,-1.421716562,"4",1,0,0.543720376,0.575305259,0.84,FALSE,FALSE,FALSE,0,1,0,0,0,0,0,3.441691376e-15,8.579301481e-15,3.581135388e-12,0.1625101238,-200.7362688,-1.421554193,-1.421596689,"5",0.7,0.5,8.841219914e-06,1.273845584e-05,1,TRUE,FALSE,FALSE,0,1,0,0,0,0,0,6.689093723e-15,1.106777221e-14,6.735945135e-12,0.1625101238,-200.7362688,-1.421554193,-1.421596689,"NA",0.7,0.5,8.841219914e-06,1.273845584e-05,1,TRUE,FALSE,FALSE,0,1,0,0,0,0,0,6.689093723e-15,1.106777221e-14,6.735945135e-12,5
"CONT_50x200",6,50,200,25,7,20268007,TRUE,49,50,49,50,49,50,50,0,24,26,1.331,1.415,1.188,0,0,0,0,0,0,0,5,4,4,0.1572163461,-206.923039,-1.450407212,"2",-1.450973517,-1.419950552,-1.45151215,-1.450614717,0,1,5,10,5,4,5,0.005858069197,0.7411094888,6.089379328,0.1639398115,-199.8164817,-1.414864401,-1.450988827,"1",1,0.2,0.6115182706,0.5381687468,0.8,FALSE,FALSE,FALSE,0,1,0,0,0,0,0,5.495603972e-15,1.035033834e-14,5.542233339e-12,0.1624202578,-201.4382316,-1.422975646,-1.451069577,"1",0.8,0.2,0.6380188121,0.5340967996,0.8,FALSE,FALSE,FALSE,0,1,0,0,0,0,0,4.551914401e-15,9.407854419e-15,4.831690603e-12,0.1624202578,-201.4382316,-1.422975646,-1.451069577,"NA",0.8,0.2,0.6380188121,0.5340967996,0.8,FALSE,FALSE,FALSE,0,1,0,0,0,0,0,4.551914401e-15,9.407854419e-15,4.831690603e-12,5
"CONT_50x200",6,50,200,25,8,20268008,TRUE,49,50,49,50,49,50,50,0,24,26,1.341,1.322,1.306,0,0,0,0,0,0,0,5,4,4,0.1600692715,-203.7189008,-1.437799794,"5",-1.448947794,-1.427271798,-1.437799794,-1.437799794,0,1,5,10,0,5,5,0.002054594515,0.002268585089,2.229043295,0.1574517727,-206.4497978,-1.451459243,-1.437231813,"4",0,1,0.4812081018,0.5647215926,0.88,FALSE,FALSE,FALSE,0,1,0,0,0,0,0,3.358424649e-15,8.748213479e-15,3.382183422e-12,0.1569897815,-206.9569236,-1.453995491,-1.437231813,"4",0,1,0.4813441211,0.5648238873,0.88,FALSE,FALSE,FALSE,0,1,0,0,0,0,0,1.221245327e-15,8.323841731e-15,1.193711796e-12,0.1569897815,-206.9569236,-1.453995491,-1.437231813,"NA",0,1,0.4813441211,0.5648238873,0.88,FALSE,FALSE,FALSE,0,1,0,0,0,0,0,1.221245327e-15,8.323841731e-15,1.193711796e-12,5
"CONT_50x200",6,50,200,25,9,20268009,TRUE,49,50,49,50,49,50,50,0,24,26,1.392,1.247,1.19,0,0,0,0,0,0,0,5,4,4,0.1711387179,-193.9195684,-1.37832724,"5",-1.396076391,-1.378054209,-1.37832724,-1.37832724,0,1,5,9,0,5,5,0.003489552311,0.003888367427,3.548879578,0.1711929743,-193.5734951,-1.376598318,-1.376871334,"4",1,1,0.6949524913,0.6325973612,0.76,FALSE,FALSE,FALSE,0,1,0,0,0,0,0,3.885780586e-16,7.973954689e-15,5.400124792e-13,0.1675981324,-197.5209087,-1.396338764,-1.37832724,"5",0,0.5,0.003945233107,0.004337513261,1,TRUE,FALSE,FALSE,0,1,0,0,0,0,0,1.915134717e-15,7.92839625e-15,2.188471626e-12,0.1675981324,-197.5209087,-1.396338764,-1.37832724,"NA",0,0.5,0.003945233107,0.004337513261,1,TRUE,FALSE,FALSE,0,1,0,0,0,0,0,1.915134717e-15,7.92839625e-15,2.188471626e-12,5
"CONT_50x200",6,50,200,25,10,20268010,TRUE,49,50,49,50,49,50,50,0,24,26,1.431,1.22,1.335,0,0,0,0,0,0,0,5,4,4,0.1630262545,-197.1316799,-1.418051043,"2",-1.422442739,-1.418051043,-1.418432208,-1.418051043,0,1,5,7,1,2,2,0.000828201816,0.6154974531,0.8781212483,0.1642572331,-196.0415309,-1.412597018,-1.419082861,"4",1,0,0.6200916537,0.7151421644,0.8,FALSE,FALSE,FALSE,0,1,0,0,0,0,0,8.326672685e-16,8.097174292e-15,9.663381206e-13,0.1655898482,-194.8335106,-1.406553199,-1.420005427,"5",1,0,0.6809259799,0.7293320278,0.76,FALSE,FALSE,FALSE,0,1,0,0,0,0,0,2.164934898e-15,8.209729421e-15,2.415845302e-12,0.1655898482,-194.8335106,-1.406553199,-1.420005427,"NA",1,0,0.6809259799,0.7293320278,0.76,FALSE,FALSE,FALSE,0,1,0,0,0,0,0,2.164934898e-15,8.209729421e-15,2.415845302e-12,5
"CONT_50x200",6,50,200,25,11,20268011,TRUE,49,50,49,50,49,50,50,0,24,26,1.457,1.239,1.354,0,0,0,0,0,0,0,5,4,4,0.1632535949,-202.6346718,-1.421290058,"5",-1.433345141,-1.412828555,-1.421290058,-1.421290058,0,1,5,10,0,5,5,0.002265597492,0.002505902629,2.410393399,0.1661007412,-199.5002107,-1.405615861,-1.420523789,"4",1,1,0.5627973804,0.553451484,0.84,FALSE,FALSE,FALSE,0,1,0,0,0,0,0,7.494005416e-16,8.005111293e-15,1.023181539e-12,0.1616903797,-204.2940995,-1.429589348,-1.421290058,"5",0.4,0.5,0.001729020774,0.002688077485,1,TRUE,FALSE,FALSE,0,1,0,0,0,0,0,6.938893904e-16,8.021552701e-15,7.105427358e-13,0.1616903797,-204.2940995,-1.429589348,-1.421290058,"NA",0.4,0.5,0.001729020774,0.002688077485,1,TRUE,FALSE,FALSE,0,1,0,0,0,0,0,6.938893904e-16,8.021552701e-15,7.105427358e-13,5
"CONT_50x200",6,50,200,25,12,20268012,TRUE,49,50,49,50,49,50,50,0,24,26,1.315,1.288,1.285,0,0,0,0,0,0,0,5,4,4,0.1598898527,-203.2592511,-1.439370848,"5",-1.415311231,-1.378938037,-1.439370848,-1.439370848,0,1,5,10,0,5,5,0.01160939717,0.0128065948,12.08335378,0.1729725044,-189.6858218,-1.37148557,-1.43928622,"4",1,1,0.4909760346,0.5103407726,0.88,FALSE,FALSE,FALSE,0,1,0,0,0,0,0,1.415534356e-15,8.2078789e-15,1.932676241e-12,0.1657349753,-197.0671177,-1.408402144,-1.439370848,"5",0.2,0.5,0.006447890062,0.006886497107,1,TRUE,FALSE,FALSE,0,1,0,0,0,0,0,3.358424649e-15,8.858222508e-15,3.268496584e-12,0.1657349753,-197.0671177,-1.408402144,-1.439370848,"NA",0.2,0.5,0.006447890062,0.006886497107,1,TRUE,FALSE,FALSE,0,1,0,0,0,0,0,3.358424649e-15,8.858222508e-15,3.268496584e-12,5
"CONT_50x200",6,50,200,25,13,20268013,TRUE,49,50,49,50,49,50,50,0,24,26,1.423,1.246,1.216,0,0,0,0,0,0,0,5,4,4,0.1552948922,-207.0785604,-1.461553494,"6",-1.461553494,-1.457944189,-1.463336239,-1.461553494,0,1,5,10,4,4,4,0.0009730086931,0.6398678495,0.7211819892,0.1552948922,-207.2442488,-1.462381634,-1.462381634,"4",0,0.6,0.752664417,0.7841996195,0.72,FALSE,FALSE,TRUE,0,1,0,0,0,0,0,4.801714582e-15,9.549635658e-15,5.229594535e-12,0.1557237282,-206.7682531,-1.460001088,-1.462381634,"4",0.2,0.6,0.752478061,0.7839464771,0.72,FALSE,FALSE,FALSE,0,1,0,0,0,0,0,5.578870699e-15,1.022144309e-14,6.423306331e-12,0.1557237282,-206.7682531,-1.460001088,-1.462381634,"NA",0.2,0.6,0.752478061,0.7839464771,0.72,FALSE,FALSE,FALSE,0,1,0,0,0,0,0,5.578870699e-15,1.022144309e-14,6.423306331e-12,5
"CONT_50x200",6,50,200,25,14,20268014,TRUE,49,50,49,50,49,50,50,0,24,26,1.359,1.275,1.366,0,0,0,0,0,0,0,5,4,4,0.1610204863,-207.6079246,-1.430721834,"5",-1.421830003,-1.405365154,-1.430721834,-1.430721834,0,1,5,9,0,5,5,0.004805245693,0.005297673484,5.070044222,0.1601396597,-208.5074225,-1.435221356,-1.430489591,"4",0,1,0.2728657654,0.39796723,0.96,FALSE,FALSE,FALSE,0,1,0,0,0,0,0,3.969047313e-15,8.98852587e-15,4.035882739e-12,0.1563782117,-212.6552805,-1.455964802,-1.430721834,"5",0,0.5,0.005118001552,0.007477480485,1,TRUE,FALSE,FALSE,0,1,0,0,0,0,0,1.360023205e-15,8.135035696e-15,9.663381206e-13,0.1563782117,-212.6552805,-1.455964802,-1.430721834,"NA",0,0.5,0.005118001552,0.007477480485,1,TRUE,FALSE,FALSE,0,1,0,0,0,0,0,1.360023205e-15,8.135035696e-15,9.663381206e-13,5
"CONT_50x200",6,50,200,25,15,20268015,TRUE,49,50,49,50,49,50,50,0,24,26,1.366,1.242,1.234,0,0,0,0,0,0,0,5,4,4,0.1588365456,-199.8568427,-1.444386378,"5",-1.446408453,-1.444386378,-1.444386378,-1.442813165,0,1,5,9,1,1,1,0.0006604129085,0.4844871539,0.403710726,0.1595365956,-198.9818626,-1.440010907,-1.443805621,"4",1,0.8,0.3900151564,0.4453876609,0.92,FALSE,FALSE,FALSE,0,1,0,0,0,0,0,2.081668171e-15,8.27076423e-15,2.444267011e-12,0.158306848,-200.4030055,-1.4471168,-1.444233973,"2",0,0.8,0.563607126,0.523513791,0.84,FALSE,FALSE,FALSE,0,1,0,0,0,0,0,1.998401444e-15,8.251653207e-15,1.421085472e-12,0.158306848,-200.4030055,-1.4471168,-1.444233973,"NA",0,0.8,0.563607126,0.523513791,0.84,FALSE,FALSE,FALSE,0,1,0,0,0,0,0,1.998401444e-15,8.251653207e-15,1.421085472e-12,5
"CONT_50x200",6,50,200,25,16,20268016,TRUE,49,50,49,50,49,50,50,0,24,26,1.327,1.264,1.36,0,0,0,0,0,0,0,5,4,4,0.1569321135,-208.6131104,-1.456998045,"5",-1.456998045,-1.441442248,-1.456998045,-1.456998045,0,1,5,10,0,2,2,0.002854053761,0.00313752338,3.110375704,0.1616454391,-203.436018,-1.431106514,-1.456643679,"4",1,1,0.2773026531,0.3492340928,0.96,FALSE,FALSE,FALSE,0,1,0,0,0,0,0,3.053113318e-16,8.131981713e-15,3.97903932e-13,0.1571500026,-208.3736211,-1.4558003,-1.456998045,"5",0.6,0.5,0.0002395302001,0.0003813014201,1,TRUE,FALSE,FALSE,0,1,0,0,0,0,0,6.383782392e-16,8.130566067e-15,8.242295735e-13,0.1571500026,-208.3736211,-1.4558003,-1.456998045,"NA",0.6,0.5,0.0002395302001,0.0003813014201,1,TRUE,FALSE,FALSE,0,1,0,0,0,0,0,6.383782392e-16,8.130566067e-15,8.242295735e-13,5
"CONT_50x200",6,50,200,25,17,20268017,TRUE,49,50,49,50,49,50,50,0,24,26,1.391,1.306,1.353,0,0,0,0,0,0,0,5,4,4,0.1701327839,-189.6393111,-1.384187142,"5",-1.392266726,-1.384187142,-1.384187142,-1.384187142,0,1,5,8,0,3,3,0.001587992619,0.001770484631,1.615484161,0.1694456938,-190.2824378,-1.387404841,-1.383918642,"4",0.6,1,0.5574976102,0.5775631074,0.84,FALSE,FALSE,FALSE,0,1,0,0,0,0,0,4.996003611e-16,8.088873706e-15,6.821210263e-13,0.1620102694,-198.0707256,-1.426355219,-1.384187142,"5",0,0.5,0.00905595339,0.01267219453,1,TRUE,FALSE,FALSE,0,1,0,0,0,0,0,2.303712776e-15,8.426063179e-15,2.643218977e-12,0.1620102694,-198.0707256,-1.426355219,-1.384187142,"NA",0,0.5,0.00905595339,0.01267219453,1,TRUE,FALSE,FALSE,0,1,0,0,0,0,0,2.303712776e-15,8.426063179e-15,2.643218977e-12,5
"CONT_50x200",6,50,200,25,18,20268018,TRUE,49,50,49,50,49,50,50,0,24,26,1.437,1.364,1.396,0,0,0,0,0,0,0,5,4,4,0.1622891915,-201.5205318,-1.427997002,"5",-1.462157049,-1.427997002,-1.427997002,-1.427997002,0,1,5,8,0,4,4,0.006297964928,0.006965182512,6.830264271,0.1622891915,-201.4286966,-1.42753854,-1.42753854,"4",1,1,0.3857785838,0.5857013739,0.92,FALSE,FALSE,TRUE,0,1,0,0,0,0,0,7.771561172e-16,8.251993932e-15,4.547473509e-13,0.1560490616,-208.2867986,-1.461836982,-1.427997002,"5",0.2,0.5,0.006901220342,0.009861510643,1,TRUE,FALSE,FALSE,0,1,0,0,0,0,0,2.359223927e-15,8.683402376e-15,2.842170943e-12,0.1560490616,-208.2867986,-1.461836982,-1.427997002,"NA",0.2,0.5,0.006901220342,0.009861510643,1,TRUE,FALSE,FALSE,0,1,0,0,0,0,0,2.359223927e-15,8.683402376e-15,2.842170943e-12,5
"CONT_50x200",6,50,200,25,19,20268019,TRUE,49,50,49,50,49,50,50,0,24,26,1.535,1.292,1.353,0,0,0,0,0,0,0,5,4,4,0.1629818975,-203.5717698,-1.418911192,"5",-1.419325199,-1.418911192,-1.418911192,-1.418911192,0,1,5,9,0,1,1,7.822919241e-05,8.648437782e-05,0.08278045218,0.1629818975,-203.656879,-1.419335549,-1.419335549,"4",0,0,0.4800923705,0.6593858416,0.88,FALSE,FALSE,TRUE,0,1,0,0,0,0,0,6.661338148e-16,7.999637139e-15,6.252776075e-13,0.1623438902,-204.3332217,-1.422718119,-1.419335549,"4",0,0,0.4802867659,0.6597529266,0.88,FALSE,FALSE,FALSE,0,1,0,0,0,0,0,9.436895709e-16,8.008574193e-15,1.278976924e-12,0.1623438902,-204.3332217,-1.422718119,-1.419335549,"NA",0,0,0.4802867659,0.6597529266,0.88,FALSE,FALSE,FALSE,0,1,0,0,0,0,0,9.436895709e-16,8.008574193e-15,1.278976924e-12,5
"CONT_50x200",6,50,200,25,20,20268020,TRUE,49,50,49,50,49,50,50,0,24,26,1.343,1.288,1.405,0,0,0,0,0,0,0,5,4,4,0.1634032894,-201.63865,-1.418078611,"5",-1.418078611,-1.41399243,-1.418078611,-1.418078611,0,1,5,10,0,1,1,0.0007762235257,0.0008590837603,0.8170282676,0.1672221479,-197.5593695,-1.397678161,-1.417592057,"4",1,1,0.5789258924,0.5533154443,0.84,FALSE,FALSE,FALSE,0,1,0,0,0,0,0,2.969846591e-15,8.617692826e-15,3.382183422e-12,0.1634032894,-201.63865,-1.418078611,-1.418078611,"5",0.4,0.5,0,0,1,TRUE,TRUE,TRUE,0,1,0,0,0,0,0,1.915134717e-15,8.382030458e-15,2.01794137e-12,0.1634032894,-201.63865,-1.418078611,-1.418078611,"NA",0.4,0.5,0,0,1,TRUE,TRUE,TRUE,0,1,0,0,0,0,0,1.915134717e-15,8.382030458e-15,2.01794137e-12,5
"CONT_50x200",6,50,200,25,21,20268021,TRUE,49,50,49,50,49,50,50,0,24,26,1.409,1.306,1.214,0,0,0,0,0,0,0,5,4,4,0.1629530511,-203.1903538,-1.421490526,"5",-1.420321152,-1.408151742,-1.421490526,-1.421490526,0,1,5,10,0,5,5,0.002540560929,0.002806342731,2.667071228,0.1631741695,-203.1329242,-1.421200427,-1.422369907,"4",0,0,0.4840712548,0.4895682677,0.88,FALSE,FALSE,FALSE,0,1,0,0,0,0,0,7.21644966e-16,7.883957604e-15,5.96855898e-13,0.1631741695,-203.1329242,-1.421200427,-1.422369907,"4",0,0,0.4840712548,0.4895682677,0.88,FALSE,FALSE,FALSE,0,1,0,0,0,0,0,7.21644966e-16,7.883957604e-15,5.96855898e-13,0.1631741695,-203.1329242,-1.421200427,-1.422369907,"NA",0,0,0.4840712548,0.4895682677,0.88,FALSE,FALSE,FALSE,0,1,0,0,0,0,0,7.21644966e-16,7.883957604e-15,5.96855898e-13,5
"CONT_50x200",6,50,200,25,22,20268022,TRUE,49,50,49,50,49,50,50,0,24,26,1.389,1.289,1.286,0,0,0,0,0,0,0,5,4,4,0.1705103169,-192.3738355,-1.381051648,"5",-1.384933059,-1.381051648,-1.381051648,-1.381051648,0,1,5,10,0,4,4,0.0007665491217,0.0008530734203,0.7760745743,0.1676367939,-195.0996195,-1.394686768,-1.380044659,"4",0,1,0.4972577546,0.5858631871,0.88,FALSE,FALSE,FALSE,0,1,0,0,0,0,0,3.663735981e-15,9.158045925e-15,3.97903932e-12,0.1684224298,-194.4961403,-1.391665998,-1.381051648,"5",0,0.5,0.002323557509,0.002856897237,1,TRUE,FALSE,FALSE,0,1,0,0,0,0,0,4.912736884e-15,1.024404323e-14,5.570655048e-12,0.1684224298,-194.4961403,-1.391665998,-1.381051648,"NA",0,0.5,0.002323557509,0.002856897237,1,TRUE,FALSE,FALSE,0,1,0,0,0,0,0,4.912736884e-15,1.024404323e-14,5.570655048e-12,5
"CONT_50x200",6,50,200,25,23,20268023,TRUE,49,50,49,50,49,50,50,0,24,26,1.361,1.288,1.299,0,0,0,0,0,0,0,5,4,4,0.1602768743,-206.6517401,-1.437906859,"5",-1.446496918,-1.434978752,-1.437906859,-1.437906859,0,1,5,9,0,5,5,0.001587497861,0.001755028561,1.71757495,0.1608217113,-205.9605289,-1.434451179,-1.437379173,"4",1,1,0.3978310829,0.4076561653,0.92,FALSE,FALSE,FALSE,0,1,0,0,0,0,0,5.828670879e-16,7.9959208e-15,8.242295735e-13,0.1572365051,-209.9567042,-1.454435856,-1.437906859,"5",0,0.5,0.003361223233,0.004940970503,1,TRUE,FALSE,FALSE,0,1,0,0,0,0,0,1.609823386e-15,8.102044222e-15,1.818989404e-12,0.1572365051,-209.9567042,-1.454435856,-1.437906859,"NA",0,0.5,0.003361223233,0.004940970503,1,TRUE,FALSE,FALSE,0,1,0,0,0,0,0,1.609823386e-15,8.102044222e-15,1.818989404e-12,5
"CONT_50x200",6,50,200,25,24,20268024,TRUE,49,50,49,50,49,50,50,0,24,26,1.402,1.36,1.265,0,0,0,0,0,0,0,5,4,4,0.1569956663,-208.4857842,-1.452029137,"1",-1.46284302,-1.449448973,-1.452180586,-1.452029137,0,1,5,7,2,3,4,0.001954511296,0.4765711346,2.162258948,0.1584579038,-206.5922353,-1.442562434,-1.450562233,"6",1,1,0.485572565,0.5631805712,0.88,FALSE,FALSE,FALSE,0,1,0,0,0,0,0,2.581268532e-15,8.436034677e-15,2.557953849e-12,0.1574933691,-207.9697017,-1.449448973,-1.452180586,"5",0.9,0.1,0.4765711346,0.4665238644,0.88,FALSE,FALSE,FALSE,0,1,0,0,0,0,0,2.969846591e-15,8.585364228e-15,3.524291969e-12,0.1574933691,-207.9697017,-1.449448973,-1.452180586,"NA",0.9,0.1,0.4765711346,0.4665238644,0.88,FALSE,FALSE,FALSE,0,1,0,0,0,0,0,2.969846591e-15,8.585364228e-15,3.524291969e-12,5
"CONT_50x200",6,50,200,25,25,20268025,TRUE,49,50,49,50,49,50,50,0,24,26,1.41,1.39,1.232,0,0,0,0,0,0,0,5,4,4,0.1664415243,-205.8760755,-1.401497628,"5",-1.413867562,-1.401497628,-1.401497628,-1.401497628,0,1,5,10,0,3,3,0.002371392625,0.002627053051,2.473353078,0.1685734473,-203.6935014,-1.390580716,-1.40154882,"4",1,0,0.4762681719,0.4618071998,0.88,FALSE,FALSE,FALSE,0,1,0,0,0,0,0,2.47024623e-15,8.617037039e-15,2.046363079e-12,0.1640701317,-208.3599962,-1.41391925,-1.40154882,"4",0,0,0.4775894259,0.4638397036,0.88,FALSE,FALSE,FALSE,0,1,0,0,0,0,0,9.436895709e-16,8.308462785e-15,7.673861546e-13,0.1640701317,-208.3599962,-1.41391925,-1.40154882,"NA",0,0,0.4775894259,0.4638397036,0.88,FALSE,FALSE,FALSE,0,1,0,0,0,0,0,9.436895709e-16,8.308462785e-15,7.673861546e-13,5
"CONT_50x200",6,50,200,25,26,20268026,TRUE,49,50,49,50,49,50,50,0,24,26,1.363,1.23,1.335,0,0,0,0,0,0,0,5,4,4,0.1577683616,-204.4525647,-1.449459607,"5",-1.449459607,-1.445913498,-1.449459607,-1.449459607,0,1,5,10,0,2,2,0.0006496076939,0.000714645271,0.7090473852,0.1587564512,-203.0694912,-1.442544379,-1.44793205,"1",1,1,0.7016116198,0.6401213104,0.76,FALSE,FALSE,FALSE,0,1,0,0,0,0,0,2.220446049e-15,8.343944893e-15,2.330580173e-12,0.1570754908,-205.2121322,-1.453258374,-1.449459607,"5",0,0.5,0.0007622397835,0.001073409407,1,TRUE,FALSE,FALSE,0,1,0,0,0,0,0,2.498001805e-15,8.247869685e-15,2.273736754e-12,0.1570754908,-205.2121322,-1.453258374,-1.449459607,"NA",0,0.5,0.0007622397835,0.001073409407,1,TRUE,FALSE,FALSE,0,1,0,0,0,0,0,2.498001805e-15,8.247869685e-15,2.273736754e-12,5
"CONT_50x200",6,50,200,25,27,20268027,TRUE,49,50,49,50,49,50,50,0,24,26,1.38,1.272,1.35,0,0,0,0,0,0,0,5,4,4,0.1561553239,-210.3890807,-1.454574497,"6",-1.454574497,-1.454574497,-1.454574497,-1.454574497,0,1,5,5,0,0,0,4.996003611e-16,8.015043696e-15,5.684341886e-13,0.1632021649,-203.0917355,-1.418075304,-1.456156716,"4",1,0,0.6523868215,0.6996210944,0.76,FALSE,FALSE,FALSE,0,1,0,0,0,0,0,1.720845688e-15,8.113781919e-15,1.790567694e-12,0.1609873873,-205.448041,-1.4298598,-1.456156716,"4",1,0,0.6532049665,0.7022553996,0.76,FALSE,FALSE,FALSE,0,1,0,0,0,0,0,8.049116929e-16,8.064148807e-15,8.810729923e-13,0.1609873873,-205.448041,-1.4298598,-1.456156716,"NA",1,0,0.6532049665,0.7022553996,0.76,FALSE,FALSE,FALSE,0,1,0,0,0,0,0,8.049116929e-16,8.064148807e-15,8.810729923e-13,5
"CONT_50x200",6,50,200,25,28,20268028,TRUE,49,50,49,50,49,50,50,0,24,26,1.358,1.266,1.401,0,0,0,0,0,0,0,5,4,4,0.1637033267,-201.8342621,-1.416100581,"5",-1.422985757,-1.416100581,-1.416100581,-1.416100581,0,1,5,10,0,1,1,0.001301926646,0.001440944809,1.376688486,0.1642934156,-201.1031613,-1.412442266,-1.415544699,"2",1,1,0.6189201154,0.8005745185,0.8,FALSE,FALSE,FALSE,0,1,0,0,0,0,0,9.436895709e-16,7.955111873e-15,1.023181539e-12,0.1639215878,-201.6045653,-1.414951805,-1.416100581,"5",1,0.5,0.0002415668296,0.0003124999343,1,TRUE,FALSE,FALSE,0,1,0,0,0,0,0,1.58206781e-15,8.155619622e-15,1.620037438e-12,0.1639215878,-201.6045653,-1.414951805,-1.416100581,"NA",1,0.5,0.0002415668296,0.0003124999343,1,TRUE,FALSE,FALSE,0,1,0,0,0,0,0,1.58206781e-15,8.155619622e-15,1.620037438e-12,5
"CONT_50x200",6,50,200,25,29,20268029,TRUE,49,50,49,50,49,50,50,0,24,26,1.323,1.257,1.388,0,0,0,0,0,0,0,5,4,4,0.1567195955,-210.1761275,-1.452592884,"5",-1.484244768,-1.452592884,-1.452592884,-1.452592884,0,1,5,9,0,4,4,0.005641628191,0.006183628537,6.328920384,0.1579133406,-208.1720002,-1.442574,-1.44912124,"2",1,1,0.7989504636,0.7425058742,0.68,FALSE,FALSE,FALSE,0,1,0,0,0,0,0,1.693090113e-15,8.147560036e-15,1.449507181e-12,0.1586192735,-208.0973385,-1.44219647,-1.452592884,"5",1,0.5,0.002082183107,0.002388531768,1,TRUE,FALSE,FALSE,0,1,0,0,0,0,0,1.387778781e-15,8.231464262e-15,1.563194019e-12,0.1586192735,-208.0973385,-1.44219647,-1.452592884,"NA",1,0.5,0.002082183107,0.002388531768,1,TRUE,FALSE,FALSE,0,1,0,0,0,0,0,1.387778781e-15,8.231464262e-15,1.563194019e-12,5
"CONT_50x200",6,50,200,25,30,20268030,TRUE,49,50,49,50,49,50,50,0,24,26,1.336,1.242,1.347,0,0,0,0,0,0,0,5,4,4,0.1591186188,-206.9925141,-1.440790248,"5",-1.440958824,-1.41947164,-1.440790248,-1.440790248,0,1,5,9,0,2,2,0.003981769542,0.004386023798,4.262662618,0.1659409913,-199.6936194,-1.40428678,-1.440490927,"4",1,1,0.4026898456,0.5263194858,0.92,FALSE,FALSE,FALSE,0,1,0,0,0,0,0,2.442490654e-15,8.300090195e-15,1.98951966e-12,0.1596272314,-206.4419773,-1.438036889,-1.440790248,"5",0.8,0.5,0.0005602501486,0.0006118378069,1,TRUE,FALSE,FALSE,0,1,0,0,0,0,0,2.664535259e-15,8.660030442e-15,2.47268872e-12,0.1596272314,-206.4419773,-1.438036889,-1.440790248,"NA",0.8,0.5,0.0005602501486,0.0006118378069,1,TRUE,FALSE,FALSE,0,1,0,0,0,0,0,2.664535259e-15,8.660030442e-15,2.47268872e-12,5
"CONT_50x200",6,50,200,25,31,20268031,TRUE,49,50,49,50,49,50,50,0,24,26,1.333,1.282,1.327,0,0,0,0,0,0,0,5,4,4,0.160326684,-204.9121837,-1.432897249,"5",-1.433896143,-1.432897249,-1.432897249,-1.432897249,0,1,5,7,0,2,2,0.0001855473618,0.0002042762003,0.1997298903,0.160326684,-204.4242996,-1.430461935,-1.430461935,"1",1,1,0.68498278,0.6156354957,0.76,FALSE,FALSE,TRUE,0,1,0,0,0,0,0,6.07847106e-15,1.047859278e-14,6.309619494e-12,0.1598504533,-205.4252922,-1.43546342,-1.432897249,"5",0,0.5,0.0005243005725,0.0007813898846,1,TRUE,FALSE,FALSE,0,1,0,0,0,0,0,1.304512054e-15,8.08765292e-15,1.080024958e-12,0.1598504533,-205.4252922,-1.43546342,-1.432897249,"NA",0,0.5,0.0005243005725,0.0007813898846,1,TRUE,FALSE,FALSE,0,1,0,0,0,0,0,1.304512054e-15,8.08765292e-15,1.080024958e-12,5
"CONT_50x200",6,50,200,25,32,20268032,TRUE,49,50,49,50,49,50,50,0,24,26,1.385,1.335,1.32,0,0,0,0,0,0,0,5,4,4,0.1678896045,-203.0831755,-1.393924539,"5",-1.393989877,-1.393502577,-1.393924539,-1.393924539,0,1,5,9,0,5,5,8.223647742e-05,9.133658231e-05,0.08437033977,0.1674245727,-203.0227767,-1.393624728,-1.391234751,"2",0.2,1,0.7860024774,0.6087795314,0.68,FALSE,FALSE,FALSE,0,1,0,0,0,0,0,2.192690474e-15,8.102124151e-15,2.47268872e-12,0.1687885617,-202.1631832,-1.389323371,-1.393924539,"5",1,0.5,0.0009984337592,0.001393904384,1,TRUE,FALSE,FALSE,0,1,0,0,0,0,0,2.303712776e-15,8.351002838e-15,1.98951966e-12,0.1687885617,-202.1631832,-1.389323371,-1.393924539,"NA",1,0.5,0.0009984337592,0.001393904384,1,TRUE,FALSE,FALSE,0,1,0,0,0,0,0,2.303712776e-15,8.351002838e-15,1.98951966e-12,5
"CONT_50x200",6,50,200,25,33,20268033,TRUE,49,50,49,50,49,50,50,0,24,26,1.304,1.337,1.254,0,0,0,0,0,0,0,5,4,4,0.1661169558,-199.0953685,-1.405988826,"5",-1.434203426,-1.394115468,-1.405988826,-1.405988826,0,1,5,10,0,4,4,0.005347034634,0.005929110761,5.64146609,0.1689419235,-195.7403934,-1.38921273,-1.403744748,"3",1,1,0.7168652155,0.6652307425,0.76,FALSE,FALSE,FALSE,0,1,0,0,0,0,0,2.525757381e-15,8.315833522e-15,2.955857781e-12,0.1673635109,-197.8069096,-1.399544827,-1.405988826,"5",0.8,0.5,0.001382254549,0.001773056219,1,TRUE,FALSE,FALSE,0,1,0,0,0,0,0,3.580469254e-15,9.028102426e-15,3.296918294e-12,0.1673635109,-197.8069096,-1.399544827,-1.405988826,"NA",0.8,0.5,0.001382254549,0.001773056219,1,TRUE,FALSE,FALSE,0,1,0,0,0,0,0,3.580469254e-15,9.028102426e-15,3.296918294e-12,5
"CONT_50x200",6,50,200,25,34,20268034,TRUE,49,50,49,50,49,50,50,0,24,26,1.375,1.298,1.306,0,0,0,0,0,0,0,5,4,4,0.162444324,-203.8349978,-1.423281441,"5",-1.437992846,-1.41529298,-1.423281441,-1.423281441,0,1,5,9,0,5,5,0.002746999647,0.003033333322,2.941546207,0.162400076,-203.8888292,-1.423549941,-1.42331499,"4",0.4,0,0.2914443185,0.4265940775,0.96,FALSE,FALSE,FALSE,0,1,0,0,0,0,0,1.804112415e-15,7.939112633e-15,1.847411113e-12,0.1652479473,-200.8916489,-1.408560199,-1.42331499,"4",1,0,0.2908908186,0.4256841534,0.96,FALSE,FALSE,FALSE,0,1,0,0,0,0,0,4.468647674e-15,9.277673716e-15,4.803268894e-12,0.1652479473,-200.8916489,-1.408560199,-1.42331499,"NA",1,0,0.2908908186,0.4256841534,0.96,FALSE,FALSE,FALSE,0,1,0,0,0,0,0,4.468647674e-15,9.277673716e-15,4.803268894e-12,5
"CONT_50x200",6,50,200,25,35,20268035,TRUE,49,50,49,50,49,50,50,0,24,26,1.333,1.322,1.344,0,0,0,0,0,0,0,5,4,4,0.1577669408,-204.0512082,-1.44888126,"5",-1.45206114,-1.439417009,-1.44888126,-1.447272381,0,1,5,10,1,3,3,0.001739900891,0.6811680599,1.892385338,0.1617118192,-199.4688217,-1.425966248,-1.447272381,"6",1,0.9,0.679162937,0.6737411285,0.76,FALSE,FALSE,FALSE,0,1,0,0,0,0,0,3.691491557e-15,8.996470722e-15,3.97903932e-12,0.1617118192,-199.790719,-1.427573534,-1.44888126,"5",1,0.4,0.004334762801,0.005023121501,1,TRUE,FALSE,FALSE,0,1,0,0,0,0,0,3.691491557e-15,8.932556817e-15,3.780087354e-12,0.1617118192,-199.790719,-1.427573534,-1.44888126,"NA",1,0.4,0.004334762801,0.005023121501,1,TRUE,FALSE,FALSE,0,1,0,0,0,0,0,3.691491557e-15,8.932556817e-15,3.780087354e-12,5
"CONT_50x200",6,50,200,25,36,20268036,TRUE,49,50,49,50,49,50,50,0,24,26,1.39,1.333,1.237,0,0,0,0,0,0,0,5,4,4,0.1623576848,-207.3427816,-1.421275365,"2",-1.429501636,-1.41296113,-1.42158933,-1.421275365,0,1,5,9,4,5,5,0.001632864106,0.6118259694,1.662417569,0.1646217674,-205.028656,-1.409701232,-1.421641511,"4",1,0,0.674740086,0.6640598476,0.76,FALSE,FALSE,FALSE,0,1,0,0,0,0,0,1.165734176e-15,7.895511722e-15,1.307398634e-12,0.1639905489,-205.6803641,-1.41296113,-1.42158933,"5",0.9,0.4,0.6113774461,0.791404876,0.8,FALSE,FALSE,FALSE,0,1,0,0,0,0,0,1.554312234e-15,7.998759238e-15,2.103206498e-12,0.1639905489,-205.6803641,-1.41296113,-1.42158933,"NA",0.9,0.4,0.6113774461,0.791404876,0.8,FALSE,FALSE,FALSE,0,1,0,0,0,0,0,1.554312234e-15,7.998759238e-15,2.103206498e-12,5
"CONT_50x200",6,50,200,25,37,20268037,TRUE,49,50,49,50,49,50,50,0,24,26,1.34,1.274,1.306,0,0,0,0,0,0,0,5,4,4,0.1642734046,-199.5246972,-1.413107267,"5",-1.417652657,-1.394167955,-1.413107267,-1.413107267,0,1,5,9,0,5,5,0.003649475408,0.004034045957,3.786879761,0.1644433008,-199.3458129,-1.412211903,-1.413103139,"4",0.2,1,0.4042894567,0.5257509271,0.92,FALSE,FALSE,FALSE,0,1,0,0,0,0,0,3.053113318e-15,8.578766952e-15,2.700062396e-12,0.1622140437,-201.6998113,-1.423985595,-1.413107267,"5",0,0.5,0.002276370055,0.002734429289,1,TRUE,FALSE,FALSE,0,1,0,0,0,0,0,3.830269435e-15,9.017659025e-15,4.462208381e-12,0.1622140437,-201.6998113,-1.423985595,-1.413107267,"NA",0,0.5,0.002276370055,0.002734429289,1,TRUE,FALSE,FALSE,0,1,0,0,0,0,0,3.830269435e-15,9.017659025e-15,4.462208381e-12,5
"CONT_50x200",6,50,200,25,38,20268038,TRUE,49,50,49,50,49,50,50,0,24,26,1.386,1.328,1.289,0,0,0,0,0,0,0,5,4,4,0.1657658189,-197.8395198,-1.403254975,"5",-1.404465125,-1.39759414,-1.403254975,-1.40222892,0,1,5,9,1,3,3,0.00109247134,0.6115770856,1.131879661,0.1668582903,-196.4199089,-1.396157436,-1.401817889,"2",1,1,0.6922183047,0.6977262339,0.76,FALSE,FALSE,FALSE,0,1,0,0,0,0,0,8.049116929e-16,7.834921326e-15,8.242295735e-13,0.1668582903,-196.7076402,-1.39759414,-1.403254975,"5",0.8,0.4,0.001212286855,0.00157012631,1,TRUE,FALSE,FALSE,0,1,0,0,0,0,0,8.049116929e-16,7.812471016e-15,9.947598301e-13,0.1668582903,-196.7076402,-1.39759414,-1.403254975,"NA",0.8,0.4,0.001212286855,0.00157012631,1,TRUE,FALSE,FALSE,0,1,0,0,0,0,0,8.049116929e-16,7.812471016e-15,9.947598301e-13,5
"CONT_50x200",6,50,200,25,39,20268039,TRUE,49,50,49,50,49,50,50,0,24,26,1.372,1.201,1.431,0,0,0,0,0,0,0,5,4,4,0.1505631135,-210.8454307,-1.491502135,"2",-1.494555689,-1.483438831,-1.491502135,-1.491502135,0,1,5,8,0,3,3,0.001411857348,0.00154160966,1.612281408,0.1569618929,-203.6020255,-1.455276858,-1.491220513,"6",1,1,0.2632667705,0.3777001751,0.96,FALSE,FALSE,FALSE,0,1,0,0,0,0,0,2.803313137e-15,8.561715034e-15,3.325340003e-12,0.1527207134,-208.3803587,-1.479174082,-1.491465514,"5",1,1,0.2929187907,0.411879244,0.96,FALSE,FALSE,FALSE,0,1,0,0,0,0,0,8.493206138e-15,1.206686634e-14,8.810729923e-12,0.1527207134,-208.3803587,-1.479174082,-1.491465514,"NA",1,1,0.2929187907,0.411879244,0.96,FALSE,FALSE,FALSE,0,1,0,0,0,0,0,8.493206138e-15,1.206686634e-14,8.810729923e-12,5
"CONT_50x200",6,50,200,25,40,20268040,TRUE,49,50,49,50,49,50,50,0,24,26,1.401,1.549,1.539,0,0,0,0,0,0,0,5,4,4,0.1602546317,-205.7889528,-1.436037842,"5",-1.440786281,-1.436037842,-1.436037842,-1.43324445,0,1,5,8,1,1,1,0.001394869988,0.6307962339,0.9483764172,0.1583181764,-207.4313728,-1.444256489,-1.43376786,"4",0,0.8,0.5620174482,0.5706024973,0.84,FALSE,FALSE,FALSE,0,1,0,0,0,0,0,1.526556659e-15,8.192127019e-15,1.563194019e-12,0.1583181764,-207.4313728,-1.444256489,-1.43376786,"4",0,0.8,0.5620174482,0.5706024973,0.84,FALSE,FALSE,FALSE,0,1,0,0,0,0,0,1.526556659e-15,8.192127019e-15,1.563194019e-12,0.1583181764,-207.4313728,-1.444256489,-1.43376786,"NA",0,0.8,0.5620174482,0.5706024973,0.84,FALSE,FALSE,FALSE,0,1,0,0,0,0,0,1.526556659e-15,8.192127019e-15,1.563194019e-12,5
"CONT_50x200",6,50,200,25,41,20268041,TRUE,49,50,49,50,49,50,50,0,24,26,1.315,1.245,1.365,0,0,0,0,0,0,0,5,4,4,0.1589664336,-211.9065034,-1.439911382,"2",-1.439911382,-1.430371055,-1.439911382,-1.438738225,0,1,5,10,1,2,2,0.001767838403,0.4966960783,1.907601143,0.1607342721,-210.032748,-1.430540222,-1.440080569,"4",0.8,0,0.5993087141,0.5997478404,0.8,FALSE,FALSE,FALSE,0,1,0,0,0,0,0,2.137179322e-15,8.259796646e-15,2.103206498e-12,0.1604175783,-210.3728961,-1.432241379,-1.440080569,"4",0.8,0,0.5994181522,0.5995841736,0.8,FALSE,FALSE,FALSE,0,1,0,0,0,0,0,1.054711873e-15,8.089732587e-15,1.080024958e-12,0.1604175783,-210.3728961,-1.432241379,-1.440080569,"NA",0.8,0,0.5994181522,0.5995841736,0.8,FALSE,FALSE,FALSE,0,1,0,0,0,0,0,1.054711873e-15,8.089732587e-15,1.080024958e-12,5
"CONT_50x200",6,50,200,25,42,20268042,TRUE,49,50,49,50,49,50,50,0,24,26,1.779,1.312,1.304,0,0,0,0,0,0,0,5,4,4,0.1601930494,-195.4626625,-1.437401071,"5",-1.464346775,-1.442227285,-1.437401071,-1.437401071,0,1,5,10,0,5,5,0.004923969457,0.005433699435,5.387810382,0.1595618,-195.9646799,-1.439913678,-1.436507146,"4",1,1,0.4792126712,0.5749786252,0.88,FALSE,FALSE,FALSE,0,1,0,0,0,0,0,1.776356839e-15,8.368085339e-15,2.074784788e-12,0.1559824097,-200.0592127,-1.460389514,-1.437401071,"5",0.4,0.5,0.004646525638,0.005877868126,1,TRUE,FALSE,FALSE,0,1,0,0,0,0,0,2.02615702e-15,8.399348779e-15,2.216893336e-12,0.1559824097,-200.0592127,-1.460389514,-1.437401071,"NA",0.4,0.5,0.004646525638,0.005877868126,1,TRUE,FALSE,FALSE,0,1,0,0,0,0,0,2.02615702e-15,8.399348779e-15,2.216893336e-12,5
"CONT_50x200",6,50,200,25,43,20268043,TRUE,49,50,49,50,49,50,50,0,24,26,1.534,1.331,1.295,0,0,0,0,0,0,0,5,4,4,0.1621118887,-199.9409788,-1.421629952,"2",-1.42193298,-1.414579309,-1.42193298,-1.421921505,0,1,5,7,5,4,5,0.00138636682,0.8277020945,1.409574182,0.1654253235,-196.488147,-1.404361508,-1.421803654,"2",1,1,0.6660721166,0.7223917676,0.76,FALSE,FALSE,FALSE,0,1,0,0,0,0,0,2.47024623e-15,8.77552064e-15,2.444267011e-12,0.1642844451,-197.9672325,-1.411756628,-1.423234526,"5",1,0,0.7242494859,0.8478560069,0.72,FALSE,FALSE,FALSE,0,1,0,0,0,0,0,1.526556659e-15,8.51472911e-15,1.222133506e-12,0.1642844451,-197.9672325,-1.411756628,-1.423234526,"NA",1,0,0.7242494859,0.8478560069,0.72,FALSE,FALSE,FALSE,0,1,0,0,0,0,0,1.526556659e-15,8.51472911e-15,1.222133506e-12,5
"CONT_50x200",6,50,200,25,44,20268044,TRUE,49,50,49,50,49,50,50,0,24,26,1.382,1.552,1.462,0,0,0,0,0,0,0,5,4,4,0.1633157012,-199.3457524,-1.417875782,"5",-1.417875782,-1.396160665,-1.417875782,-1.417875782,0,1,5,9,0,2,2,0.004166429279,0.004605012702,4.341908534,0.1712496669,-191.0841138,-1.376557061,-1.417436869,"4",1,1,0.4023957829,0.4134362546,0.92,FALSE,FALSE,FALSE,0,1,0,0,0,0,0,7.21644966e-16,7.860626044e-15,9.379164112e-13,0.1634973942,-199.1540525,-1.41691704,-1.417875782,"5",0.8,0.5,0.0002008191294,0.0002563865182,1,TRUE,FALSE,FALSE,0,1,0,0,0,0,0,6.938893904e-16,7.857277965e-15,1.051603249e-12,0.1634973942,-199.1540525,-1.41691704,-1.417875782,"NA",0.8,0.5,0.0002008191294,0.0002563865182,1,TRUE,FALSE,FALSE,0,1,0,0,0,0,0,6.938893904e-16,7.857277965e-15,1.051603249e-12,5
"CONT_50x200",6,50,200,25,45,20268045,TRUE,49,50,49,50,49,50,50,0,24,26,1.37,1.302,1.335,0,0,0,0,0,0,0,5,4,4,0.1563049924,-206.386104,-1.458163537,"5",-1.458163537,-1.439554524,-1.458163537,-1.458163537,0,1,5,8,0,3,3,0.00340696319,0.003739253032,3.720887317,0.1639555045,-198.059126,-1.416518424,-1.45774599,"4",1,1,0.4043812591,0.5146960341,0.92,FALSE,FALSE,FALSE,0,1,0,0,0,0,0,1.637578961e-15,8.520176579e-15,2.046363079e-12,0.1513313964,-211.9695891,-1.486087594,-1.458163537,"5",0,0.5,0.005458683576,0.006309997943,1,TRUE,FALSE,FALSE,0,1,0,0,0,0,0,1.970645869e-15,8.226858536e-15,1.847411113e-12,0.1513313964,-211.9695891,-1.486087594,-1.458163537,"NA",0,0.5,0.005458683576,0.006309997943,1,TRUE,FALSE,FALSE,0,1,0,0,0,0,0,1.970645869e-15,8.226858536e-15,1.847411113e-12,5
"CONT_50x200",6,50,200,25,46,20268046,TRUE,49,50,49,50,49,50,50,0,24,26,1.322,1.321,1.271,0,0,0,0,0,0,0,5,4,4,0.1608273244,-202.5205236,-1.42862216,"2",-1.423765542,-1.42281121,-1.429137487,-1.42862216,0,1,5,9,2,5,5,0.001087346414,0.6604849722,1.161906908,0.1625037376,-200.834259,-1.420187572,-1.429130263,"4",1,0.2,0.6700844296,0.6489423001,0.76,FALSE,FALSE,FALSE,0,1,0,0,0,0,0,5.939693182e-15,1.036735622e-14,6.053824109e-12,0.161784056,-201.5995628,-1.424015035,-1.429130263,"4",0,0.2,0.6703620249,0.649457863,0.76,FALSE,FALSE,FALSE,0,1,0,0,0,0,0,1.859623566e-15,8.154151728e-15,2.01794137e-12,0.161784056,-201.5995628,-1.424015035,-1.429130263,"NA",0,0.2,0.6703620249,0.649457863,0.76,FALSE,FALSE,FALSE,0,1,0,0,0,0,0,1.859623566e-15,8.154151728e-15,2.01794137e-12,5
"CONT_50x200",6,50,200,25,47,20268047,TRUE,49,50,49,50,49,50,50,0,24,26,1.395,1.222,1.244,0,0,0,0,0,0,0,5,4,4,0.1621386575,-204.5678415,-1.422951145,"6",-1.43324712,-1.401232273,-1.423871943,-1.422951145,0,1,5,10,2,5,5,0.00413671177,0.7359290494,4.342681672,0.1653506328,-201.1862595,-1.406038996,-1.422951145,"6",0.6,0.7,0.003538806793,0.003495000738,1,TRUE,FALSE,FALSE,0,1,0,0,0,0,0,8.881784197e-16,8.122256905e-15,6.821210263e-13,0.1685015686,-198.4531432,-1.392363328,-1.425549088,"5",1,0,0.6822002742,0.6586706023,0.76,FALSE,FALSE,FALSE,0,1,0,0,0,0,0,2.359223927e-15,8.107020304e-15,2.444267011e-12,0.1685015686,-198.4531432,-1.392363328,-1.425549088,"NA",1,0,0.6822002742,0.6586706023,0.76,FALSE,FALSE,FALSE,0,1,0,0,0,0,0,2.359223927e-15,8.107020304e-15,2.444267011e-12,5
"CONT_50x200",6,50,200,25,48,20268048,TRUE,49,50,49,50,49,50,50,0,24,26,1.375,1.267,1.275,0,0,0,0,0,0,0,5,4,4,0.1648878988,-198.220085,-1.410701524,"5",-1.418949465,-1.416355217,-1.410701524,-1.410701524,0,1,5,9,0,5,5,0.001569790862,0.001740335765,1.649165299,0.1654585639,-197.417541,-1.406689502,-1.409667811,"4",1,1,0.5107211627,0.5397704535,0.88,FALSE,FALSE,FALSE,0,1,0,0,0,0,0,2.47024623e-15,8.663220244e-15,2.131628207e-12,0.1654585639,-197.6245471,-1.407723064,-1.410701524,"5",1,0.5,0.0006326631992,0.0008747027892,1,TRUE,FALSE,FALSE,0,1,0,0,0,0,0,2.47024623e-15,8.639997503e-15,2.074784788e-12,0.1654585639,-197.6245471,-1.407723064,-1.410701524,"NA",1,0.5,0.0006326631992,0.0008747027892,1,TRUE,FALSE,FALSE,0,1,0,0,0,0,0,2.47024623e-15,8.639997503e-15,2.074784788e-12,5
"CONT_50x200",6,50,200,25,49,20268049,TRUE,49,50,49,50,49,50,50,0,24,26,1.391,1.203,1.272,0,0,0,0,0,0,0,5,4,4,0.1627775273,-204.5720225,-1.42078976,"5",-1.42078976,-1.414269749,-1.42078976,-1.42078976,0,1,5,7,0,3,3,0.001235503531,0.001364056849,1.303672017,0.1640130309,-203.0832673,-1.413345487,-1.419865239,"4",1,1,0.5410719967,0.5876440817,0.84,FALSE,FALSE,FALSE,0,1,0,0,0,0,0,1.165734176e-15,8.13833368e-15,1.278976924e-12,0.1627427411,-204.6088746,-1.420974067,-1.42078976,"5",0,0.5,3.840573021e-05,4.085469118e-05,1,TRUE,FALSE,FALSE,0,1,0,0,0,0,0,1.360023205e-15,8.254127828e-15,9.663381206e-13,0.1627427411,-204.6088746,-1.420974067,-1.42078976,"NA",0,0.5,3.840573021e-05,4.085469118e-05,1,TRUE,FALSE,FALSE,0,1,0,0,0,0,0,1.360023205e-15,8.254127828e-15,9.663381206e-13,5
"CONT_50x200",6,50,200,25,50,20268050,TRUE,49,50,49,50,49,50,50,0,24,26,1.362,1.331,1.322,0,0,0,0,0,0,0,5,4,4,0.1622016715,-205.5506692,-1.422149224,"5",-1.457833941,-1.403488996,-1.422149224,-1.422149224,0,1,5,10,0,5,5,0.006572319582,0.007252552883,7.135232976,0.1641539922,-203.0792789,-1.409792883,-1.420107336,"4",0.8,1,0.6460489118,0.7516724424,0.8,FALSE,FALSE,FALSE,0,1,0,0,0,0,0,1.665334537e-15,8.164107722e-15,1.762145985e-12,0.1602723347,-207.6141161,-1.43246898,-1.422149224,"5",0.2,0.5,0.002129022704,0.002534484815,1,TRUE,FALSE,FALSE,0,1,0,0,0,0,0,4.551914401e-15,9.600764038e-15,4.97379915e-12,0.1602723347,-207.6141161,-1.43246898,-1.422149224,"NA",0.2,0.5,0.002129022704,0.002534484815,1,TRUE,FALSE,FALSE,0,1,0,0,0,0,0,4.551914401e-15,9.600764038e-15,4.97379915e-12,5
"I_100x20",7,100,20,50,1,20269001,TRUE,20,0,20,0,20,0,20,0,20,0,0.048,0.052,0.045,0,0,0,0,0,0,0,0,0,0,1e-06,-6.532449041,-0.3126626425,"2",-0.3126626425,-0.3126626425,-0.3126626425,-0.3126626425,NA,NA,0,0,0,0,0,0,5.034093114e-15,2.220446049e-14,1e-06,-6.532449041,-0.3126626425,-0.3126626425,"2",0.5,0.5,0,0,1,TRUE,TRUE,TRUE,NA,NA,0,0,0,0,0,0,5.034093114e-15,2.220446049e-14,1e-06,-6.532449041,-0.3126626425,-0.3126626425,"2",0.5,0.5,0,0,1,TRUE,TRUE,TRUE,NA,NA,0,0,0,0,0,0,5.034093114e-15,2.220446049e-14,1e-06,-6.532449041,-0.3126626425,-0.3126626425,"NA",0.5,0.5,0,0,1,TRUE,TRUE,TRUE,NA,NA,0,0,0,0,0,0,5.034093114e-15,2.220446049e-14,0
"I_100x20",7,100,20,50,2,20269002,TRUE,20,0,20,0,20,0,20,0,20,0,0.058,0.05,0.045,0,0,0,0,0,0,0,0,0,0,1e-06,-4.010472434,-0.2829638396,"4",-0.2829638396,-0.2829638396,-0.2829638396,-0.2829638396,NA,NA,0,0,0,0,0,0,5.147387661e-15,1.421085472e-14,1e-06,-4.010472434,-0.2829638396,-0.2829638396,"4",0.5,0.5,0,0,1,TRUE,TRUE,TRUE,NA,NA,0,0,0,0,0,0,5.147387661e-15,1.421085472e-14,1e-06,-4.010472434,-0.2829638396,-0.2829638396,"4",0.5,0.5,0,0,1,TRUE,TRUE,TRUE,NA,NA,0,0,0,0,0,0,5.147387661e-15,1.421085472e-14,1e-06,-4.010472434,-0.2829638396,-0.2829638396,"NA",0.5,0.5,0,0,1,TRUE,TRUE,TRUE,NA,NA,0,0,0,0,0,0,5.147387661e-15,1.421085472e-14,0
"I_100x20",7,100,20,50,3,20269003,TRUE,20,0,20,0,20,0,20,0,20,0,0.048,0.057,0.067,0,0,0,0,0,0,0,0,0,0,1e-06,-5.833632613,-0.3051249297,"2",-0.3051249297,-0.3051249297,-0.3051249297,-0.3051249297,NA,NA,0,0,0,0,0,0,5.127252096e-15,2.575717417e-14,1e-06,-5.833632613,-0.3051249297,-0.3051249297,"2",0.5,0.5,0,0,1,TRUE,TRUE,TRUE,NA,NA,0,0,0,0,0,0,5.127252096e-15,2.575717417e-14,1e-06,-5.833632613,-0.3051249297,-0.3051249297,"2",0.5,0.5,0,0,1,TRUE,TRUE,TRUE,NA,NA,0,0,0,0,0,0,5.127252096e-15,2.575717417e-14,1e-06,-5.833632613,-0.3051249297,-0.3051249297,"NA",0.5,0.5,0,0,1,TRUE,TRUE,TRUE,NA,NA,0,0,0,0,0,0,5.127252096e-15,2.575717417e-14,0
"I_100x20",7,100,20,50,4,20269004,TRUE,20,0,20,0,20,0,20,0,20,0,0.06,0.044,0.054,0,0,0,0,0,0,0,0,0,0,1e-06,-5.002170843,-0.3157005645,"4",-0.3157005645,-0.3157005645,-0.3157005645,-0.3157005645,NA,NA,0,0,0,0,0,0,5.07232015e-15,3.286260153e-14,1e-06,-5.002170843,-0.3157005645,-0.3157005645,"4",0.5,0.5,0,0,1,TRUE,TRUE,TRUE,NA,NA,0,0,0,0,0,0,5.07232015e-15,3.286260153e-14,1e-06,-5.002170843,-0.3157005645,-0.3157005645,"4",0.5,0.5,0,0,1,TRUE,TRUE,TRUE,NA,NA,0,0,0,0,0,0,5.07232015e-15,3.286260153e-14,1e-06,-5.002170843,-0.3157005645,-0.3157005645,"NA",0.5,0.5,0,0,1,TRUE,TRUE,TRUE,NA,NA,0,0,0,0,0,0,5.07232015e-15,3.286260153e-14,0
"I_100x20",7,100,20,50,5,20269005,TRUE,20,0,20,0,20,0,20,0,20,0,0.045,0.038,0.049,0,0,0,0,0,0,0,0,0,0,1e-06,-5.15055545,-0.2882589463,"3",-0.2882589463,-0.2882589463,-0.2882589463,-0.2882589463,NA,NA,0,0,0,0,0,0,5.371643892e-15,3.197442311e-14,1e-06,-5.15055545,-0.2882589463,-0.2882589463,"3",0.5,0.5,0,0,1,TRUE,TRUE,TRUE,NA,NA,0,0,0,0,0,0,5.371643892e-15,3.197442311e-14,1e-06,-5.15055545,-0.2882589463,-0.2882589463,"3",0.5,0.5,0,0,1,TRUE,TRUE,TRUE,NA,NA,0,0,0,0,0,0,5.371643892e-15,3.197442311e-14,1e-06,-5.15055545,-0.2882589463,-0.2882589463,"NA",0.5,0.5,0,0,1,TRUE,TRUE,TRUE,NA,NA,0,0,0,0,0,0,5.371643892e-15,3.197442311e-14,0
"I_100x20",7,100,20,50,6,20269006,TRUE,20,0,20,0,20,0,20,0,20,0,0.051,0.047,0.052,0,0,0,0,0,0,0,0,0,0,1e-06,-4.828955958,-0.2666603109,"4",-0.2666603109,-0.2666603109,-0.2666603109,-0.2666603109,NA,NA,0,0,0,0,0,0,4.93709944e-15,3.019806627e-14,1e-06,-4.828955958,-0.2666603109,-0.2666603109,"4",0.5,0.5,0,0,1,TRUE,TRUE,TRUE,NA,NA,0,0,0,0,0,0,4.93709944e-15,3.019806627e-14,1e-06,-4.828955958,-0.2666603109,-0.2666603109,"4",0.5,0.5,0,0,1,TRUE,TRUE,TRUE,NA,NA,0,0,0,0,0,0,4.93709944e-15,3.019806627e-14,1e-06,-4.828955958,-0.2666603109,-0.2666603109,"NA",0.5,0.5,0,0,1,TRUE,TRUE,TRUE,NA,NA,0,0,0,0,0,0,4.93709944e-15,3.019806627e-14,0
"I_100x20",7,100,20,50,7,20269007,TRUE,20,0,20,0,20,0,20,0,20,0,0.047,0.058,0.047,0,0,0,0,0,0,0,0,0,0,1e-06,-5.605447646,-0.3308808438,"3",-0.3308808438,-0.3308808438,-0.3308808438,-0.3308808438,NA,NA,0,0,0,0,0,0,4.606417373e-15,1.154631946e-14,1e-06,-5.605447646,-0.3308808438,-0.3308808438,"3",0.5,0.5,0,0,1,TRUE,TRUE,TRUE,NA,NA,0,0,0,0,0,0,4.606417373e-15,1.154631946e-14,1e-06,-5.605447646,-0.3308808438,-0.3308808438,"3",0.5,0.5,0,0,1,TRUE,TRUE,TRUE,NA,NA,0,0,0,0,0,0,4.606417373e-15,1.154631946e-14,1e-06,-5.605447646,-0.3308808438,-0.3308808438,"NA",0.5,0.5,0,0,1,TRUE,TRUE,TRUE,NA,NA,0,0,0,0,0,0,4.606417373e-15,1.154631946e-14,0
"I_100x20",7,100,20,50,8,20269008,TRUE,20,0,20,0,20,0,20,0,20,0,0.048,0.06,0.053,0,0,0,0,0,0,0,0,0,0,1e-06,-6.300969451,-0.2556433856,"4",-0.2556433856,-0.2556433856,-0.2556433856,-0.2556433856,NA,NA,0,0,0,0,0,0,4.673480781e-15,2.486899575e-14,1e-06,-6.300969451,-0.2556433856,-0.2556433856,"4",0.5,0.5,0,0,1,TRUE,TRUE,TRUE,NA,NA,0,0,0,0,0,0,4.673480781e-15,2.486899575e-14,1e-06,-6.300969451,-0.2556433856,-0.2556433856,"4",0.5,0.5,0,0,1,TRUE,TRUE,TRUE,NA,NA,0,0,0,0,0,0,4.673480781e-15,2.486899575e-14,1e-06,-6.300969451,-0.2556433856,-0.2556433856,"NA",0.5,0.5,0,0,1,TRUE,TRUE,TRUE,NA,NA,0,0,0,0,0,0,4.673480781e-15,2.486899575e-14,0
"I_100x20",7,100,20,50,9,20269009,TRUE,20,0,20,0,20,0,20,0,20,0,0.079,0.044,0.047,0,0,0,0,0,0,0,0,0,0,1e-06,-5.909443799,-0.2857658857,"4",-0.2857658857,-0.2857658857,-0.2857658857,-0.2857658857,NA,NA,0,0,0,0,0,0,5.052764232e-15,1.243449788e-14,1e-06,-5.909443799,-0.2857658857,-0.2857658857,"4",0.5,0.5,0,0,1,TRUE,TRUE,TRUE,NA,NA,0,0,0,0,0,0,5.052764232e-15,1.243449788e-14,1e-06,-5.909443799,-0.2857658857,-0.2857658857,"4",0.5,0.5,0,0,1,TRUE,TRUE,TRUE,NA,NA,0,0,0,0,0,0,5.052764232e-15,1.243449788e-14,1e-06,-5.909443799,-0.2857658857,-0.2857658857,"NA",0.5,0.5,0,0,1,TRUE,TRUE,TRUE,NA,NA,0,0,0,0,0,0,5.052764232e-15,1.243449788e-14,0
"I_100x20",7,100,20,50,10,20269010,TRUE,20,0,20,0,20,0,20,0,20,0,0.063,0.044,0.053,0,0,0,0,0,0,0,0,0,0,1e-06,-5.261478334,-0.2812279271,"6",-0.2812279271,-0.2812279271,-0.2812279271,-0.2812279271,NA,NA,0,0,0,0,0,0,5.635114105e-15,4.263256415e-14,1e-06,-5.261478334,-0.2812279271,-0.2812279271,"6",0.5,0.5,0,0,1,TRUE,TRUE,TRUE,NA,NA,0,0,0,0,0,0,5.635114105e-15,4.263256415e-14,1e-06,-5.261478334,-0.2812279271,-0.2812279271,"6",0.5,0.5,0,0,1,TRUE,TRUE,TRUE,NA,NA,0,0,0,0,0,0,5.635114105e-15,4.263256415e-14,1e-06,-5.261478334,-0.2812279271,-0.2812279271,"NA",0.5,0.5,0,0,1,TRUE,TRUE,TRUE,NA,NA,0,0,0,0,0,0,5.635114105e-15,4.263256415e-14,0
"I_100x20",7,100,20,50,11,20269011,TRUE,20,0,20,0,20,0,20,0,20,0,0.058,0.057,0.061,0,0,0,0,0,0,0,0,0,0,1e-06,-5.39634668,-0.2412988429,"6",-0.2412988429,-0.2412988429,-0.2412988429,-0.2412988429,NA,NA,0,0,0,0,0,0,5.026906746e-15,1.865174681e-14,1e-06,-5.39634668,-0.2412988429,-0.2412988429,"6",0.5,0.5,0,0,1,TRUE,TRUE,TRUE,NA,NA,0,0,0,0,0,0,5.026906746e-15,1.865174681e-14,1e-06,-5.39634668,-0.2412988429,-0.2412988429,"6",0.5,0.5,0,0,1,TRUE,TRUE,TRUE,NA,NA,0,0,0,0,0,0,5.026906746e-15,1.865174681e-14,1e-06,-5.39634668,-0.2412988429,-0.2412988429,"NA",0.5,0.5,0,0,1,TRUE,TRUE,TRUE,NA,NA,0,0,0,0,0,0,5.026906746e-15,1.865174681e-14,0
"I_100x20",7,100,20,50,12,20269012,TRUE,20,0,20,0,20,0,20,0,20,0,0.051,0.057,0.047,0,0,0,0,0,0,0,0,0,0,1e-06,-4.603999924,-0.2471822359,"5",-0.2471822359,-0.2471822359,-0.2471822359,-0.2471822359,NA,NA,0,0,0,0,0,0,5.036379336e-15,2.486899575e-14,1e-06,-4.603999924,-0.2471822359,-0.2471822359,"5",0.5,0.5,0,0,1,TRUE,TRUE,TRUE,NA,NA,0,0,0,0,0,0,5.036379336e-15,2.486899575e-14,1e-06,-4.603999924,-0.2471822359,-0.2471822359,"5",0.5,0.5,0,0,1,TRUE,TRUE,TRUE,NA,NA,0,0,0,0,0,0,5.036379336e-15,2.486899575e-14,1e-06,-4.603999924,-0.2471822359,-0.2471822359,"NA",0.5,0.5,0,0,1,TRUE,TRUE,TRUE,NA,NA,3,3,0,0,0,0,5.036379336e-15,2.486899575e-14,0
"I_100x20",7,100,20,50,13,20269013,TRUE,20,0,20,0,20,0,20,0,20,0,0.053,0.054,0.049,0,0,0,0,0,0,0,0,0,0,1e-06,-4.89785258,-0.2499751003,"5",-0.2499751003,-0.2499751003,-0.2499751003,-0.2499751003,NA,NA,0,0,0,0,0,0,4.827281929e-15,3.019806627e-14,1e-06,-4.89785258,-0.2499751003,-0.2499751003,"5",0.5,0.5,0,0,1,TRUE,TRUE,TRUE,NA,NA,0,0,0,0,0,0,4.827281929e-15,3.019806627e-14,1e-06,-4.89785258,-0.2499751003,-0.2499751003,"5",0.5,0.5,0,0,1,TRUE,TRUE,TRUE,NA,NA,0,0,0,0,0,0,4.827281929e-15,3.019806627e-14,1e-06,-4.89785258,-0.2499751003,-0.2499751003,"NA",0.5,0.5,0,0,1,TRUE,TRUE,TRUE,NA,NA,0,0,0,0,0,0,4.827281929e-15,3.019806627e-14,0
"I_100x20",7,100,20,50,14,20269014,TRUE,20,0,20,0,20,0,20,0,20,0,0.058,0.046,0.038,0,0,0,0,0,0,0,0,0,0,1e-06,-5.734356747,-0.3017026322,"1|2",-0.3017026322,-0.3017026322,-0.3017026322,-0.3017026322,NA,NA,0,0,0,0,0,0,4.803604225e-15,3.286260153e-14,1e-06,-5.734356747,-0.3017026322,-0.3017026322,"1|2",0.5,0.5,0,0,1,TRUE,TRUE,TRUE,NA,NA,0,0,0,0,0,0,4.803604225e-15,3.286260153e-14,1e-06,-5.734356747,-0.3017026322,-0.3017026322,"1|2",0.5,0.5,0,0,1,TRUE,TRUE,TRUE,NA,NA,0,0,0,0,0,0,4.803604225e-15,3.286260153e-14,1e-06,-5.734356747,-0.3017026322,-0.3017026322,"NA",0.5,0.5,0,0,1,TRUE,TRUE,TRUE,NA,NA,1,1,0,0,0,0,4.803604225e-15,3.286260153e-14,0
"I_100x20",7,100,20,50,15,20269015,TRUE,20,0,20,0,20,0,20,0,20,0,0.053,0.05,0.054,0,0,0,0,0,0,0,0,0,0,1e-06,-3.550656327,-0.2911239908,"6",-0.2911239908,-0.2911239908,-0.2911239908,-0.2911239908,NA,NA,0,0,0,0,0,0,5.040112781e-15,2.575717417e-14,1e-06,-3.550656327,-0.2911239908,-0.2911239908,"6",0.5,0.5,0,0,1,TRUE,TRUE,TRUE,NA,NA,0,0,0,0,0,0,5.040112781e-15,2.575717417e-14,1e-06,-3.550656327,-0.2911239908,-0.2911239908,"6",0.5,0.5,0,0,1,TRUE,TRUE,TRUE,NA,NA,0,0,0,0,0,0,5.040112781e-15,2.575717417e-14,1e-06,-3.550656327,-0.2911239908,-0.2911239908,"NA",0.5,0.5,0,0,1,TRUE,TRUE,TRUE,NA,NA,3,4,0,0,0,0,5.040112781e-15,2.575717417e-14,0
"I_100x20",7,100,20,50,16,20269016,TRUE,20,0,20,0,20,0,20,0,20,0,0.059,0.052,0.059,0,0,0,0,0,0,0,0,0,0,1e-06,-5.767950331,-0.2687911335,"4",-0.2687911335,-0.2687911335,-0.2687911335,-0.2687911335,NA,NA,0,0,0,0,0,0,5.25149795e-15,3.019806627e-14,1e-06,-5.767950331,-0.2687911335,-0.2687911335,"4",0.5,0.5,0,0,1,TRUE,TRUE,TRUE,NA,NA,0,0,0,0,0,0,5.25149795e-15,3.019806627e-14,1e-06,-5.767950331,-0.2687911335,-0.2687911335,"4",0.5,0.5,0,0,1,TRUE,TRUE,TRUE,NA,NA,0,0,0,0,0,0,5.25149795e-15,3.019806627e-14,1e-06,-5.767950331,-0.2687911335,-0.2687911335,"NA",0.5,0.5,0,0,1,TRUE,TRUE,TRUE,NA,NA,0,0,0,0,0,0,5.25149795e-15,3.019806627e-14,0
"I_100x20",7,100,20,50,17,20269017,TRUE,20,0,20,0,20,0,20,0,20,0,0.059,0.058,0.047,0,0,0,0,0,0,0,0,0,0,1e-06,-6.71346138,-0.3464414718,"1",-0.3464414718,-0.3464414718,-0.3464414718,-0.3464414718,NA,NA,0,0,0,0,0,0,5.34614818e-15,2.131628207e-14,1e-06,-6.71346138,-0.3464414718,-0.3464414718,"1",0.5,0.5,0,0,1,TRUE,TRUE,TRUE,NA,NA,0,0,0,0,0,0,5.34614818e-15,2.131628207e-14,1e-06,-6.71346138,-0.3464414718,-0.3464414718,"1",0.5,0.5,0,0,1,TRUE,TRUE,TRUE,NA,NA,0,0,0,0,0,0,5.34614818e-15,2.131628207e-14,1e-06,-6.71346138,-0.3464414718,-0.3464414718,"NA",0.5,0.5,0,0,1,TRUE,TRUE,TRUE,NA,NA,0,0,0,0,0,0,5.34614818e-15,2.131628207e-14,0
"I_100x20",7,100,20,50,18,20269018,TRUE,20,0,20,0,20,0,20,0,20,0,0.057,0.051,0.055,0,0,0,0,0,0,0,0,0,0,1e-06,-4.412146601,-0.2335752954,"4",-0.2335752954,-0.2335752954,-0.2335752954,-0.2335752954,NA,NA,0,0,0,0,0,0,4.634238491e-15,2.930988785e-14,1e-06,-4.412146601,-0.2335752954,-0.2335752954,"4",0.5,0.5,0,0,1,TRUE,TRUE,TRUE,NA,NA,0,0,0,0,0,0,4.634238491e-15,2.930988785e-14,1e-06,-4.412146601,-0.2335752954,-0.2335752954,"4",0.5,0.5,0,0,1,TRUE,TRUE,TRUE,NA,NA,0,0,0,0,0,0,4.634238491e-15,2.930988785e-14,1e-06,-4.412146601,-0.2335752954,-0.2335752954,"NA",0.5,0.5,0,0,1,TRUE,TRUE,TRUE,NA,NA,0,0,0,0,0,0,4.634238491e-15,2.930988785e-14,0
"I_100x20",7,100,20,50,19,20269019,TRUE,20,0,20,0,20,0,20,0,20,0,0.057,0.039,0.05,0,0,0,0,0,0,0,0,0,0,1e-06,-6.069127974,-0.3031230778,"1",-0.3031230778,-0.3031230778,-0.3031230778,-0.3031230778,NA,NA,0,0,0,0,0,0,4.726652356e-15,2.398081733e-14,1e-06,-6.069127974,-0.3031230778,-0.3031230778,"1",0.5,0.5,0,0,1,TRUE,TRUE,TRUE,NA,NA,0,0,0,0,0,0,4.726652356e-15,2.398081733e-14,1e-06,-6.069127974,-0.3031230778,-0.3031230778,"1",0.5,0.5,0,0,1,TRUE,TRUE,TRUE,NA,NA,0,0,0,0,0,0,4.726652356e-15,2.398081733e-14,1e-06,-6.069127974,-0.3031230778,-0.3031230778,"NA",0.5,0.5,0,0,1,TRUE,TRUE,TRUE,NA,NA,0,0,0,0,0,0,4.726652356e-15,2.398081733e-14,0
"I_100x20",7,100,20,50,20,20269020,TRUE,20,0,20,0,20,0,20,0,20,0,0.047,0.046,0.051,0,0,0,0,0,0,0,0,0,0,1e-06,-4.900053213,-0.3017004993,"6",-0.3017004993,-0.3017004993,-0.3017004993,-0.3017004993,NA,NA,0,0,0,0,0,0,4.782763379e-15,2.575717417e-14,1e-06,-4.900053213,-0.3017004993,-0.3017004993,"6",0.5,0.5,0,0,1,TRUE,TRUE,TRUE,NA,NA,0,0,0,0,0,0,4.782763379e-15,2.575717417e-14,1e-06,-4.900053213,-0.3017004993,-0.3017004993,"6",0.5,0.5,0,0,1,TRUE,TRUE,TRUE,NA,NA,0,0,0,0,0,0,4.782763379e-15,2.575717417e-14,1e-06,-4.900053213,-0.3017004993,-0.3017004993,"NA",0.5,0.5,0,0,1,TRUE,TRUE,TRUE,NA,NA,0,0,0,0,0,0,4.782763379e-15,2.575717417e-14,0
"I_100x20",7,100,20,50,21,20269021,TRUE,20,0,20,0,20,0,20,0,20,0,0.042,0.043,0.049,0,0,0,0,0,0,0,0,0,0,1e-06,-6.330076172,-0.2859252216,"4",-0.2859252216,-0.2859252216,-0.2859252216,-0.2859252216,NA,NA,0,0,0,0,0,0,4.855734494e-15,2.664535259e-14,1e-06,-6.330076172,-0.2859252216,-0.2859252216,"4",0.5,0.5,0,0,1,TRUE,TRUE,TRUE,NA,NA,0,0,0,0,0,0,4.855734494e-15,2.664535259e-14,1e-06,-6.330076172,-0.2859252216,-0.2859252216,"4",0.5,0.5,0,0,1,TRUE,TRUE,TRUE,NA,NA,0,0,0,0,0,0,4.855734494e-15,2.664535259e-14,1e-06,-6.330076172,-0.2859252216,-0.2859252216,"NA",0.5,0.5,0,0,1,TRUE,TRUE,TRUE,NA,NA,0,0,0,0,0,0,4.855734494e-15,2.664535259e-14,0
"I_100x20",7,100,20,50,22,20269022,TRUE,20,0,20,0,20,0,20,0,20,0,0.047,0.047,0.045,0,0,0,0,0,0,0,0,0,0,1e-06,-6.897094048,-0.3239874122,"2",-0.3239874122,-0.3239874122,-0.3239874122,-0.3239874122,NA,NA,0,0,0,0,0,0,5.110203926e-15,1.687538997e-14,1e-06,-6.897094048,-0.3239874122,-0.3239874122,"2",0.5,0.5,0,0,1,TRUE,TRUE,TRUE,NA,NA,0,0,0,0,0,0,5.110203926e-15,1.687538997e-14,1e-06,-6.897094048,-0.3239874122,-0.3239874122,"2",0.5,0.5,0,0,1,TRUE,TRUE,TRUE,NA,NA,0,0,0,0,0,0,5.110203926e-15,1.687538997e-14,1e-06,-6.897094048,-0.3239874122,-0.3239874122,"NA",0.5,0.5,0,0,1,TRUE,TRUE,TRUE,NA,NA,0,0,0,0,0,0,5.110203926e-15,1.687538997e-14,0
"I_100x20",7,100,20,50,23,20269023,TRUE,20,0,20,0,20,0,20,0,20,0,0.058,0.054,0.049,0,0,0,0,0,0,0,0,0,0,1e-06,-6.141461028,-0.2973582764,"4",-0.2973582764,-0.2973582764,-0.2973582764,-0.2973582764,NA,NA,0,0,0,0,0,0,5.076616338e-15,1.509903313e-14,1e-06,-6.141461028,-0.2973582764,-0.2973582764,"4",0.5,0.5,0,0,1,TRUE,TRUE,TRUE,NA,NA,0,0,0,0,0,0,5.076616338e-15,1.509903313e-14,1e-06,-6.141461028,-0.2973582764,-0.2973582764,"4",0.5,0.5,0,0,1,TRUE,TRUE,TRUE,NA,NA,0,0,0,0,0,0,5.076616338e-15,1.509903313e-14,1e-06,-6.141461028,-0.2973582764,-0.2973582764,"NA",0.5,0.5,0,0,1,TRUE,TRUE,TRUE,NA,NA,0,0,0,0,0,0,5.076616338e-15,1.509903313e-14,0
"I_100x20",7,100,20,50,24,20269024,TRUE,20,0,20,0,20,0,20,0,20,0,0.058,0.056,0.054,0,0,0,0,0,0,0,0,0,0,1e-06,-5.38423268,-0.289455594,"2",-0.289455594,-0.289455594,-0.289455594,-0.289455594,NA,NA,0,0,0,0,0,0,4.835889839e-15,2.930988785e-14,1e-06,-5.38423268,-0.289455594,-0.289455594,"2",0.5,0.5,0,0,1,TRUE,TRUE,TRUE,NA,NA,0,0,0,0,0,0,4.835889839e-15,2.930988785e-14,1e-06,-5.38423268,-0.289455594,-0.289455594,"2",0.5,0.5,0,0,1,TRUE,TRUE,TRUE,NA,NA,0,0,0,0,0,0,4.835889839e-15,2.930988785e-14,1e-06,-5.38423268,-0.289455594,-0.289455594,"NA",0.5,0.5,0,0,1,TRUE,TRUE,TRUE,NA,NA,3,3,0,0,0,0,4.835889839e-15,2.930988785e-14,0
"I_100x20",7,100,20,50,25,20269025,TRUE,20,0,20,0,20,0,20,0,20,0,0.055,0.046,0.047,0,0,0,0,0,0,0,0,0,0,1e-06,-5.910634378,-0.2933734636,"4",-0.2933734636,-0.2933734636,-0.2933734636,-0.2933734636,NA,NA,0,0,0,0,0,0,5.490420696e-15,3.463895837e-14,1e-06,-5.910634378,-0.2933734636,-0.2933734636,"4",0.5,0.5,0,0,1,TRUE,TRUE,TRUE,NA,NA,0,0,0,0,0,0,5.490420696e-15,3.463895837e-14,1e-06,-5.910634378,-0.2933734636,-0.2933734636,"4",0.5,0.5,0,0,1,TRUE,TRUE,TRUE,NA,NA,0,0,0,0,0,0,5.490420696e-15,3.463895837e-14,1e-06,-5.999842979,-0.2978338938,-0.2978338938,"NA",0,0,0.2376747956,0.2929791179,0.96,FALSE,FALSE,TRUE,NA,NA,1,1,0,0,0,0,5.24519925e-15,2.664535259e-14,0
"I_100x20",7,100,20,50,26,20269026,TRUE,20,0,20,0,20,0,20,0,20,0,0.061,0.048,0.058,0,0,0,0,0,0,0,0,0,0,1e-06,-4.664440749,-0.2465315158,"4",-0.2465315158,-0.2465315158,-0.2465315158,-0.2465315158,NA,NA,0,0,0,0,0,0,4.858527272e-15,2.398081733e-14,1e-06,-4.664440749,-0.2465315158,-0.2465315158,"4",0.5,0.5,0,0,1,TRUE,TRUE,TRUE,NA,NA,0,0,0,0,0,0,4.858527272e-15,2.398081733e-14,1e-06,-4.664440749,-0.2465315158,-0.2465315158,"4",0.5,0.5,0,0,1,TRUE,TRUE,TRUE,NA,NA,0,0,0,0,0,0,4.858527272e-15,2.398081733e-14,1e-06,-4.664440749,-0.2465315158,-0.2465315158,"NA",0.5,0.5,0,0,1,TRUE,TRUE,TRUE,NA,NA,0,0,0,0,0,0,4.858527272e-15,2.398081733e-14,0
"I_100x20",7,100,20,50,27,20269027,TRUE,20,0,20,0,20,0,20,0,20,0,0.047,0.047,0.054,0,0,0,0,0,0,0,0,0,0,1e-06,-4.008898417,-0.2700846614,"4",-0.2700846614,-0.2700846614,-0.2700846614,-0.2700846614,NA,NA,0,0,0,0,0,0,5.188328701e-15,1.421085472e-14,1e-06,-4.008898417,-0.2700846614,-0.2700846614,"4",0.5,0.5,0,0,1,TRUE,TRUE,TRUE,NA,NA,0,0,0,0,0,0,5.188328701e-15,1.421085472e-14,1e-06,-4.008898417,-0.2700846614,-0.2700846614,"4",0.5,0.5,0,0,1,TRUE,TRUE,TRUE,NA,NA,0,0,0,0,0,0,5.188328701e-15,1.421085472e-14,1e-06,-4.008898417,-0.2700846614,-0.2700846614,"NA",0.5,0.5,0,0,1,TRUE,TRUE,TRUE,NA,NA,0,0,0,0,0,0,5.188328701e-15,1.421085472e-14,0
"I_100x20",7,100,20,50,28,20269028,TRUE,20,0,20,0,20,0,20,0,20,0,0.059,0.047,0.045,0,0,0,0,0,0,0,0,0,0,1e-06,-5.958734207,-0.3280536927,"4",-0.3280536927,-0.3280536927,-0.3280536927,-0.3280536927,NA,NA,0,0,0,0,0,0,5.148776522e-15,2.398081733e-14,1e-06,-5.958734207,-0.3280536927,-0.3280536927,"4",0.5,0.5,0,0,1,TRUE,TRUE,TRUE,NA,NA,0,0,0,0,0,0,5.148776522e-15,2.398081733e-14,1e-06,-5.958734207,-0.3280536927,-0.3280536927,"4",0.5,0.5,0,0,1,TRUE,TRUE,TRUE,NA,NA,0,0,0,0,0,0,5.148776522e-15,2.398081733e-14,1e-06,-5.958734207,-0.3280536927,-0.3280536927,"NA",0.5,0.5,0,0,1,TRUE,TRUE,TRUE,NA,NA,0,0,0,0,0,0,5.148776522e-15,2.398081733e-14,0
"I_100x20",7,100,20,50,29,20269029,TRUE,20,0,20,0,20,0,20,0,20,0,0.063,0.043,0.056,0,0,0,0,0,0,0,0,0,0,1e-06,-5.212838062,-0.297811963,"4",-0.297811963,-0.297811963,-0.297811963,-0.297811963,NA,NA,0,0,0,0,0,0,5.073983083e-15,2.309263891e-14,1e-06,-5.212838062,-0.297811963,-0.297811963,"4",0.5,0.5,0,0,1,TRUE,TRUE,TRUE,NA,NA,0,0,0,0,0,0,5.073983083e-15,2.309263891e-14,1e-06,-5.212838062,-0.297811963,-0.297811963,"4",0.5,0.5,0,0,1,TRUE,TRUE,TRUE,NA,NA,0,0,0,0,0,0,5.073983083e-15,2.309263891e-14,1e-06,-5.212838062,-0.297811963,-0.297811963,"NA",0.5,0.5,0,0,1,TRUE,TRUE,TRUE,NA,NA,0,0,0,0,0,0,5.073983083e-15,2.309263891e-14,0
"I_100x20",7,100,20,50,30,20269030,TRUE,20,0,20,0,20,0,20,0,20,0,0.058,0.04,0.051,0,0,0,0,0,0,0,0,0,0,1e-06,-4.945318526,-0.2914923449,"4",-0.2914923449,-0.2914923449,-0.2914923449,-0.2914923449,NA,NA,0,0,0,0,0,0,5.025912148e-15,9.769962617e-15,1e-06,-4.945318526,-0.2914923449,-0.2914923449,"4",0.5,0.5,0,0,1,TRUE,TRUE,TRUE,NA,NA,0,0,0,0,0,0,5.025912148e-15,9.769962617e-15,1e-06,-4.945318526,-0.2914923449,-0.2914923449,"4",0.5,0.5,0,0,1,TRUE,TRUE,TRUE,NA,NA,0,0,0,0,0,0,5.025912148e-15,9.769962617e-15,1e-06,-4.945318526,-0.2914923449,-0.2914923449,"NA",0.5,0.5,0,0,1,TRUE,TRUE,TRUE,NA,NA,0,0,0,0,0,0,5.025912148e-15,9.769962617e-15,0
"I_100x20",7,100,20,50,31,20269031,TRUE,20,0,20,0,20,0,20,0,20,0,0.042,0.051,0.045,0,0,0,0,0,0,0,0,0,0,1e-06,-6.172142088,-0.2991620147,"4",-0.2991620147,-0.2991620147,-0.2991620147,-0.2991620147,NA,NA,0,0,0,0,0,0,4.962533176e-15,2.309263891e-14,1e-06,-6.172142088,-0.2991620147,-0.2991620147,"4",0.5,0.5,0,0,1,TRUE,TRUE,TRUE,NA,NA,0,0,0,0,0,0,4.962533176e-15,2.309263891e-14,1e-06,-6.172142088,-0.2991620147,-0.2991620147,"4",0.5,0.5,0,0,1,TRUE,TRUE,TRUE,NA,NA,0,0,0,0,0,0,4.962533176e-15,2.309263891e-14,1e-06,-6.172142088,-0.2991620147,-0.2991620147,"NA",0.5,0.5,0,0,1,TRUE,TRUE,TRUE,NA,NA,0,0,0,0,0,0,4.962533176e-15,2.309263891e-14,0
"I_100x20",7,100,20,50,32,20269032,TRUE,20,0,20,0,20,0,20,0,20,0,0.049,0.047,0.046,0,0,0,0,0,0,0,0,0,0,1e-06,-6.174446902,-0.2967331299,"6",-0.2967331299,-0.2967331299,-0.2967331299,-0.2967331299,NA,NA,0,0,0,0,0,0,5.109604374e-15,7.993605777e-15,1e-06,-6.174446902,-0.2967331299,-0.2967331299,"6",0.5,0.5,0,0,1,TRUE,TRUE,TRUE,NA,NA,0,0,0,0,0,0,5.109604374e-15,7.993605777e-15,1e-06,-6.174446902,-0.2967331299,-0.2967331299,"6",0.5,0.5,0,0,1,TRUE,TRUE,TRUE,NA,NA,0,0,0,0,0,0,5.109604374e-15,7.993605777e-15,1e-06,-6.174446902,-0.2967331299,-0.2967331299,"NA",0.5,0.5,0,0,1,TRUE,TRUE,TRUE,NA,NA,0,0,0,0,0,0,5.109604374e-15,7.993605777e-15,0
"I_100x20",7,100,20,50,33,20269033,TRUE,20,0,20,0,20,0,20,0,20,0,0.073,0.043,0.048,0,0,0,0,0,0,0,0,0,0,1e-06,-5.449067574,-0.3203451032,"4",-0.3203451032,-0.3203451032,-0.3203451032,-0.3203451032,NA,NA,0,0,0,0,0,0,4.850031403e-15,2.042810365e-14,1e-06,-5.449067574,-0.3203451032,-0.3203451032,"4",0.5,0.5,0,0,1,TRUE,TRUE,TRUE,NA,NA,0,0,0,0,0,0,4.850031403e-15,2.042810365e-14,1e-06,-5.449067574,-0.3203451032,-0.3203451032,"4",0.5,0.5,0,0,1,TRUE,TRUE,TRUE,NA,NA,0,0,0,0,0,0,4.850031403e-15,2.042810365e-14,1e-06,-5.449067574,-0.3203451032,-0.3203451032,"NA",0.5,0.5,0,0,1,TRUE,TRUE,TRUE,NA,NA,0,0,0,0,0,0,4.850031403e-15,2.042810365e-14,0
"I_100x20",7,100,20,50,34,20269034,TRUE,20,0,20,0,20,0,20,0,20,0,0.057,0.047,0.044,0,0,0,0,0,0,0,0,0,0,1e-06,-6.394042037,-0.3261623437,"4",-0.3261623437,-0.3261623437,-0.3261623437,-0.3261623437,NA,NA,0,0,0,0,0,0,4.664989338e-15,1.865174681e-14,1e-06,-6.394042037,-0.3261623437,-0.3261623437,"4",0.5,0.5,0,0,1,TRUE,TRUE,TRUE,NA,NA,0,0,0,0,0,0,4.664989338e-15,1.865174681e-14,1e-06,-6.394042037,-0.3261623437,-0.3261623437,"4",0.5,0.5,0,0,1,TRUE,TRUE,TRUE,NA,NA,0,0,0,0,0,0,4.664989338e-15,1.865174681e-14,1e-06,-6.394042037,-0.3261623437,-0.3261623437,"NA",0.5,0.5,0,0,1,TRUE,TRUE,TRUE,NA,NA,0,0,0,0,0,0,4.664989338e-15,1.865174681e-14,0
"I_100x20",7,100,20,50,35,20269035,TRUE,20,0,20,0,20,0,20,0,20,0,0.052,0.057,0.053,0,0,0,0,0,0,0,0,0,0,1e-06,-7.749078591,-0.3070263742,"2",-0.3070263742,-0.3070263742,-0.3070263742,-0.3070263742,NA,NA,0,0,0,0,0,0,4.867641598e-15,2.753353101e-14,1e-06,-7.749078591,-0.3070263742,-0.3070263742,"2",0.5,0.5,0,0,1,TRUE,TRUE,TRUE,NA,NA,0,0,0,0,0,0,4.867641598e-15,2.753353101e-14,1e-06,-7.749078591,-0.3070263742,-0.3070263742,"2",0.5,0.5,0,0,1,TRUE,TRUE,TRUE,NA,NA,0,0,0,0,0,0,4.867641598e-15,2.753353101e-14,1e-06,-7.749078591,-0.3070263742,-0.3070263742,"NA",0.5,0.5,0,0,1,TRUE,TRUE,TRUE,NA,NA,4,4,2,0,2,0,0.1740377184,0.05335454385,0
"I_100x20",7,100,20,50,36,20269036,TRUE,20,0,20,0,20,0,20,0,20,0,0.047,0.046,0.066,0,0,0,0,0,0,0,0,0,0,1e-06,-5.818410961,-0.2961082446,"6",-0.2961082446,-0.2961082446,-0.2961082446,-0.2961082446,NA,NA,0,0,0,0,0,0,4.9931779e-15,1.865174681e-14,1e-06,-5.818410961,-0.2961082446,-0.2961082446,"6",0.5,0.5,0,0,1,TRUE,TRUE,TRUE,NA,NA,0,0,0,0,0,0,4.9931779e-15,1.865174681e-14,1e-06,-5.818410961,-0.2961082446,-0.2961082446,"6",0.5,0.5,0,0,1,TRUE,TRUE,TRUE,NA,NA,0,0,0,0,0,0,4.9931779e-15,1.865174681e-14,1e-06,-5.818410961,-0.2961082446,-0.2961082446,"NA",0.5,0.5,0,0,1,TRUE,TRUE,TRUE,NA,NA,0,0,0,0,0,0,4.9931779e-15,1.865174681e-14,0
"I_100x20",7,100,20,50,37,20269037,TRUE,20,0,20,0,20,0,20,0,20,0,0.058,0.055,0.043,0,0,0,0,0,0,0,0,0,0,1e-06,-6.523735091,-0.3322816833,"6",-0.3322816833,-0.3322816833,-0.3322816833,-0.3322816833,NA,NA,0,0,0,0,0,0,5.011441787e-15,1.865174681e-14,1e-06,-6.523735091,-0.3322816833,-0.3322816833,"6",0.5,0.5,0,0,1,TRUE,TRUE,TRUE,NA,NA,0,0,0,0,0,0,5.011441787e-15,1.865174681e-14,1e-06,-6.523735091,-0.3322816833,-0.3322816833,"6",0.5,0.5,0,0,1,TRUE,TRUE,TRUE,NA,NA,0,0,0,0,0,0,5.011441787e-15,1.865174681e-14,1e-06,-6.523735091,-0.3322816833,-0.3322816833,"NA",0.5,0.5,0,0,1,TRUE,TRUE,TRUE,NA,NA,1,1,0,0,0,0,5.011441787e-15,1.865174681e-14,0
"I_100x20",7,100,20,50,38,20269038,TRUE,20,0,20,0,20,0,20,0,20,0,0.057,0.046,0.042,0,0,0,0,0,0,0,0,0,0,1e-06,-5.206847189,-0.306480435,"4",-0.306480435,-0.306480435,-0.306480435,-0.306480435,NA,NA,0,0,0,0,0,0,4.801746531e-15,3.552713679e-14,1e-06,-5.206847189,-0.306480435,-0.306480435,"4",0.5,0.5,0,0,1,TRUE,TRUE,TRUE,NA,NA,0,0,0,0,0,0,4.801746531e-15,3.552713679e-14,1e-06,-5.206847189,-0.306480435,-0.306480435,"4",0.5,0.5,0,0,1,TRUE,TRUE,TRUE,NA,NA,0,0,0,0,0,0,4.801746531e-15,3.552713679e-14,1e-06,-5.206847189,-0.306480435,-0.306480435,"NA",0.5,0.5,0,0,1,TRUE,TRUE,TRUE,NA,NA,0,0,0,0,0,0,4.801746531e-15,3.552713679e-14,0
"I_100x20",7,100,20,50,39,20269039,TRUE,20,0,20,0,20,0,20,0,20,0,0.059,0.048,0.049,0,0,0,0,0,0,0,0,0,0,1e-06,-7.136492609,-0.3211590579,"1",-0.3211590579,-0.3211590579,-0.3211590579,-0.3211590579,NA,NA,0,0,0,0,0,0,4.892748408e-15,1.953992523e-14,1e-06,-7.136492609,-0.3211590579,-0.3211590579,"1",0.5,0.5,0,0,1,TRUE,TRUE,TRUE,NA,NA,0,0,0,0,0,0,4.892748408e-15,1.953992523e-14,1e-06,-7.136492609,-0.3211590579,-0.3211590579,"1",0.5,0.5,0,0,1,TRUE,TRUE,TRUE,NA,NA,0,0,0,0,0,0,4.892748408e-15,1.953992523e-14,1e-06,-7.136492609,-0.3211590579,-0.3211590579,"NA",0.5,0.5,0,0,1,TRUE,TRUE,TRUE,NA,NA,0,0,0,0,0,0,4.892748408e-15,1.953992523e-14,0
"I_100x20",7,100,20,50,40,20269040,TRUE,20,0,20,0,20,0,20,0,20,0,0.057,0.043,0.046,0,0,0,0,0,0,0,0,0,0,1e-06,-5.316760333,-0.2901061561,"4",-0.2901061561,-0.2901061561,-0.2901061561,-0.2901061561,NA,NA,0,0,0,0,0,0,4.864634862e-15,1.243449788e-14,1e-06,-5.316760333,-0.2901061561,-0.2901061561,"4",0.5,0.5,0,0,1,TRUE,TRUE,TRUE,NA,NA,0,0,0,0,0,0,4.864634862e-15,1.243449788e-14,1e-06,-5.316760333,-0.2901061561,-0.2901061561,"4",0.5,0.5,0,0,1,TRUE,TRUE,TRUE,NA,NA,0,0,0,0,0,0,4.864634862e-15,1.243449788e-14,1e-06,-5.316760333,-0.2901061561,-0.2901061561,"NA",0.5,0.5,0,0,1,TRUE,TRUE,TRUE,NA,NA,0,0,0,0,0,0,4.864634862e-15,1.243449788e-14,0
"I_100x20",7,100,20,50,41,20269041,TRUE,20,0,20,0,20,0,20,0,20,0,0.04,0.037,0.065,0,0,0,0,0,0,0,0,0,0,1e-06,-4.217799727,-0.2802081458,"4",-0.2802081458,-0.2802081458,-0.2802081458,-0.2802081458,NA,NA,0,0,0,0,0,0,4.984947617e-15,2.930988785e-14,1e-06,-4.217799727,-0.2802081458,-0.2802081458,"4",0.5,0.5,0,0,1,TRUE,TRUE,TRUE,NA,NA,0,0,0,0,0,0,4.984947617e-15,2.930988785e-14,1e-06,-4.217799727,-0.2802081458,-0.2802081458,"4",0.5,0.5,0,0,1,TRUE,TRUE,TRUE,NA,NA,0,0,0,0,0,0,4.984947617e-15,2.930988785e-14,1e-06,-4.117492275,-0.2751927728,-0.2751927728,"NA",1,1,0.3407814619,0.3596044321,0.9,FALSE,FALSE,TRUE,NA,NA,5,5,0,0,0,0,5.134323769e-15,4.440892099e-14,0
"I_100x20",7,100,20,50,42,20269042,TRUE,20,0,20,0,20,0,20,0,20,0,0.047,0.055,0.044,0,0,0,0,0,0,0,0,0,0,1e-06,-4.947763591,-0.3190777169,"4",-0.3190777169,-0.3190777169,-0.3190777169,-0.3190777169,NA,NA,0,0,0,0,0,0,5.184017759e-15,2.842170943e-14,1e-06,-4.947763591,-0.3190777169,-0.3190777169,"4",0.5,0.5,0,0,1,TRUE,TRUE,TRUE,NA,NA,0,0,0,0,0,0,5.184017759e-15,2.842170943e-14,1e-06,-4.947763591,-0.3190777169,-0.3190777169,"4",0.5,0.5,0,0,1,TRUE,TRUE,TRUE,NA,NA,0,0,0,0,0,0,5.184017759e-15,2.842170943e-14,1e-06,-4.947763591,-0.3190777169,-0.3190777169,"NA",0.5,0.5,0,0,1,TRUE,TRUE,TRUE,NA,NA,0,0,0,0,0,0,5.184017759e-15,2.842170943e-14,0
"I_100x20",7,100,20,50,43,20269043,TRUE,20,0,20,0,20,0,20,0,20,0,0.048,0.06,0.058,0,0,0,0,0,0,0,0,0,0,1e-06,-6.61246083,-0.2830696833,"4",-0.2830696833,-0.2830696833,-0.2830696833,-0.2830696833,NA,NA,0,0,0,0,0,0,5.092157908e-15,1.598721155e-14,1e-06,-6.61246083,-0.2830696833,-0.2830696833,"4",0.5,0.5,0,0,1,TRUE,TRUE,TRUE,NA,NA,0,0,0,0,0,0,5.092157908e-15,1.598721155e-14,1e-06,-6.61246083,-0.2830696833,-0.2830696833,"4",0.5,0.5,0,0,1,TRUE,TRUE,TRUE,NA,NA,0,0,0,0,0,0,5.092157908e-15,1.598721155e-14,1e-06,-6.61246083,-0.2830696833,-0.2830696833,"NA",0.5,0.5,0,0,1,TRUE,TRUE,TRUE,NA,NA,4,4,0,0,0,0,5.092157908e-15,1.598721155e-14,0
"I_100x20",7,100,20,50,44,20269044,TRUE,20,0,20,0,20,0,20,0,20,0,0.06,0.047,0.051,0,0,0,0,0,0,0,0,0,0,1e-06,-5.04449338,-0.2695368373,"2",-0.2695368373,-0.2695368373,-0.2695368373,-0.2695368373,NA,NA,0,0,0,0,0,0,4.971728537e-15,2.486899575e-14,1e-06,-5.04449338,-0.2695368373,-0.2695368373,"2",0.5,0.5,0,0,1,TRUE,TRUE,TRUE,NA,NA,0,0,0,0,0,0,4.971728537e-15,2.486899575e-14,1e-06,-5.04449338,-0.2695368373,-0.2695368373,"2",0.5,0.5,0,0,1,TRUE,TRUE,TRUE,NA,NA,0,0,0,0,0,0,4.971728537e-15,2.486899575e-14,1e-06,-5.04449338,-0.2695368373,-0.2695368373,"NA",0.5,0.5,0,0,1,TRUE,TRUE,TRUE,NA,NA,0,0,0,0,0,0,4.971728537e-15,2.486899575e-14,0
"I_100x20",7,100,20,50,45,20269045,TRUE,20,0,20,0,20,0,20,0,20,0,0.052,0.048,0.057,0,0,0,0,0,0,0,0,0,0,1e-06,-5.73012322,-0.2801967538,"2",-0.2801967538,-0.2801967538,-0.2801967538,-0.2801967538,NA,NA,0,0,0,0,0,0,5.428506176e-15,3.375077995e-14,1e-06,-5.73012322,-0.2801967538,-0.2801967538,"2",0.5,0.5,0,0,1,TRUE,TRUE,TRUE,NA,NA,0,0,0,0,0,0,5.428506176e-15,3.375077995e-14,1e-06,-5.73012322,-0.2801967538,-0.2801967538,"2",0.5,0.5,0,0,1,TRUE,TRUE,TRUE,NA,NA,0,0,0,0,0,0,5.428506176e-15,3.375077995e-14,1e-06,-5.73012322,-0.2801967538,-0.2801967538,"NA",0.5,0.5,0,0,1,TRUE,TRUE,TRUE,NA,NA,0,0,0,0,0,0,5.428506176e-15,3.375077995e-14,0
"I_100x20",7,100,20,50,46,20269046,TRUE,20,0,20,0,20,0,20,0,20,0,0.043,0.055,0.044,0,0,0,0,0,0,0,0,0,0,1e-06,-6.276491021,-0.3078390561,"3",-0.3078390561,-0.3078390561,-0.3078390561,-0.3078390561,NA,NA,0,0,0,0,0,0,4.638252275e-15,1.865174681e-14,1e-06,-6.276491021,-0.3078390561,-0.3078390561,"3",0.5,0.5,0,0,1,TRUE,TRUE,TRUE,NA,NA,0,0,0,0,0,0,4.638252275e-15,1.865174681e-14,1e-06,-6.276491021,-0.3078390561,-0.3078390561,"3",0.5,0.5,0,0,1,TRUE,TRUE,TRUE,NA,NA,0,0,0,0,0,0,4.638252275e-15,1.865174681e-14,1e-06,-6.276491021,-0.3078390561,-0.3078390561,"NA",0.5,0.5,0,0,1,TRUE,TRUE,TRUE,NA,NA,0,0,0,0,0,0,4.638252275e-15,1.865174681e-14,0
"I_100x20",7,100,20,50,47,20269047,TRUE,20,0,20,0,20,0,20,0,20,0,0.055,0.054,0.048,0,0,0,0,0,0,0,0,0,0,1e-06,-3.385897852,-0.241684589,"4",-0.241684589,-0.241684589,-0.241684589,-0.241684589,NA,NA,0,0,0,0,0,0,5.541442419e-15,2.975397706e-14,1e-06,-3.385897852,-0.241684589,-0.241684589,"4",0.5,0.5,0,0,1,TRUE,TRUE,TRUE,NA,NA,0,0,0,0,0,0,5.541442419e-15,2.975397706e-14,1e-06,-3.385897852,-0.241684589,-0.241684589,"4",0.5,0.5,0,0,1,TRUE,TRUE,TRUE,NA,NA,0,0,0,0,0,0,5.541442419e-15,2.975397706e-14,1e-06,-3.385897852,-0.241684589,-0.241684589,"NA",0.5,0.5,0,0,1,TRUE,TRUE,TRUE,NA,NA,0,0,0,0,0,0,5.541442419e-15,2.975397706e-14,0
"I_100x20",7,100,20,50,48,20269048,TRUE,20,0,20,0,20,0,20,0,20,0,0.068,0.047,0.049,0,0,0,0,0,0,0,0,0,0,1e-06,-5.806498738,-0.302244873,"5",-0.302244873,-0.302244873,-0.302244873,-0.302244873,NA,NA,0,0,0,0,0,0,5.031906836e-15,2.220446049e-14,1e-06,-5.806498738,-0.302244873,-0.302244873,"5",0.5,0.5,0,0,1,TRUE,TRUE,TRUE,NA,NA,0,0,0,0,0,0,5.031906836e-15,2.220446049e-14,1e-06,-5.806498738,-0.302244873,-0.302244873,"5",0.5,0.5,0,0,1,TRUE,TRUE,TRUE,NA,NA,0,0,0,0,0,0,5.031906836e-15,2.220446049e-14,1e-06,-5.806498738,-0.302244873,-0.302244873,"NA",0.5,0.5,0,0,1,TRUE,TRUE,TRUE,NA,NA,0,0,0,0,0,0,5.031906836e-15,2.220446049e-14,0
"I_100x20",7,100,20,50,49,20269049,TRUE,20,0,20,0,20,0,20,0,20,0,0.052,0.04,0.056,0,0,0,0,0,0,0,0,0,0,1e-06,-6.471334778,-0.3212068532,"4",-0.3212068532,-0.3212068532,-0.3212068532,-0.3212068532,NA,NA,0,0,0,0,0,0,4.994510586e-15,1.421085472e-14,1e-06,-6.471334778,-0.3212068532,-0.3212068532,"4",0.5,0.5,0,0,1,TRUE,TRUE,TRUE,NA,NA,0,0,0,0,0,0,4.994510586e-15,1.421085472e-14,1e-06,-6.471334778,-0.3212068532,-0.3212068532,"4",0.5,0.5,0,0,1,TRUE,TRUE,TRUE,NA,NA,0,0,0,0,0,0,4.994510586e-15,1.421085472e-14,1e-06,-6.471334778,-0.3212068532,-0.3212068532,"NA",0.5,0.5,0,0,1,TRUE,TRUE,TRUE,NA,NA,0,0,0,0,0,0,4.994510586e-15,1.421085472e-14,0
"I_100x20",7,100,20,50,50,20269050,TRUE,20,0,20,0,20,0,20,0,20,0,0.048,0.047,0.055,0,0,0,0,0,0,0,0,0,0,1e-06,-5.181645985,-0.284573091,"5",-0.284573091,-0.284573091,-0.284573091,-0.284573091,NA,NA,0,0,0,0,0,0,4.93766574e-15,1.154631946e-14,1e-06,-5.181645985,-0.284573091,-0.284573091,"5",0.5,0.5,0,0,1,TRUE,TRUE,TRUE,NA,NA,0,0,0,0,0,0,4.93766574e-15,1.154631946e-14,1e-06,-5.181645985,-0.284573091,-0.284573091,"5",0.5,0.5,0,0,1,TRUE,TRUE,TRUE,NA,NA,0,0,0,0,0,0,4.93766574e-15,1.154631946e-14,1e-06,-5.181645985,-0.284573091,-0.284573091,"NA",0.5,0.5,0,0,1,TRUE,TRUE,TRUE,NA,NA,0,0,0,0,0,0,4.93766574e-15,1.154631946e-14,0
"AR1_200x40",8,200,40,100,1,20270001,TRUE,40,0,40,0,40,0,40,0,40,0,0.217,0.219,0.231,0,0,0,0,0,0,0,0,0,0,0.08653372567,-27.55164426,-0.6566417764,"4",-0.6566417764,-0.6566417764,-0.6566417764,-0.6566417764,NA,NA,0,0,0,0,0,1.221245327e-15,3.975688114e-15,8.171241461e-14,0.08653372567,-27.55164426,-0.6566417764,-0.6566417764,"4",0.5,0.5,0,0,1,TRUE,TRUE,TRUE,NA,NA,0,0,0,0,0,1.221245327e-15,3.975688114e-15,8.171241461e-14,0.08653372567,-27.55164426,-0.6566417764,-0.6566417764,"4",0.5,0.5,0,0,1,TRUE,TRUE,TRUE,NA,NA,0,0,0,0,0,1.221245327e-15,3.975688114e-15,8.171241461e-14,0.08653372567,-27.55164426,-0.6566417764,-0.6566417764,"NA",0.5,0.5,0,0,1,TRUE,TRUE,TRUE,NA,NA,0,0,0,0,0,1.221245327e-15,3.975688114e-15,8.171241461e-14,0
"AR1_200x40",8,200,40,100,2,20270002,TRUE,40,0,40,0,40,0,40,0,40,0,0.201,0.197,0.194,0,0,0,0,0,0,0,0,0,0,0.08488855609,-26.53691727,-0.6490953811,"4",-0.6490953811,-0.6490953811,-0.6490953811,-0.6490953811,NA,NA,0,0,0,0,0,5.412337245e-16,3.730800221e-15,4.97379915e-14,0.08488855609,-26.53691727,-0.6490953811,-0.6490953811,"4",0.5,0.5,0,0,1,TRUE,TRUE,TRUE,NA,NA,0,0,0,0,0,5.412337245e-16,3.730800221e-15,4.97379915e-14,0.08488855609,-26.53691727,-0.6490953811,-0.6490953811,"4",0.5,0.5,0,0,1,TRUE,TRUE,TRUE,NA,NA,0,0,0,0,0,5.412337245e-16,3.730800221e-15,4.97379915e-14,0.08488855609,-26.53691727,-0.6490953811,-0.6490953811,"NA",0.5,0.5,0,0,1,TRUE,TRUE,TRUE,NA,NA,0,0,0,0,0,5.412337245e-16,3.730800221e-15,4.97379915e-14,0
"AR1_200x40",8,200,40,100,3,20270003,TRUE,40,0,40,0,40,0,40,0,40,0,0.202,0.212,0.23,0,0,0,0,0,0,0,0,0,0,0.08836923614,-26.99896215,-0.6557163958,"2",-0.6557163958,-0.6557163958,-0.6557163958,-0.6557163958,NA,NA,0,0,0,0,0,4.996003611e-16,3.76388972e-15,8.171241461e-14,0.08836923614,-26.99896215,-0.6557163958,-0.6557163958,"2",0.5,0.5,0,0,1,TRUE,TRUE,TRUE,NA,NA,0,0,0,0,0,4.996003611e-16,3.76388972e-15,8.171241461e-14,0.08836923614,-26.99896215,-0.6557163958,-0.6557163958,"2",0.5,0.5,0,0,1,TRUE,TRUE,TRUE,NA,NA,0,0,0,0,0,4.996003611e-16,3.76388972e-15,8.171241461e-14,0.08836923614,-26.99896215,-0.6557163958,-0.6557163958,"NA",0.5,0.5,0,0,1,TRUE,TRUE,TRUE,NA,NA,0,0,0,0,0,4.996003611e-16,3.76388972e-15,8.171241461e-14,0
"AR1_200x40",8,200,40,100,4,20270004,TRUE,40,0,40,0,40,0,40,0,40,0,0.214,0.207,0.209,0,0,0,0,0,0,0,0,0,0,0.09327437066,-24.72730625,-0.6642831203,"4",-0.6642831203,-0.6642831203,-0.6642831203,-0.6642831203,NA,NA,0,0,0,0,0,8.049116929e-16,3.726830808e-15,6.75015599e-14,0.09327437066,-24.72730625,-0.6642831203,-0.6642831203,"4",0.5,0.5,0,0,1,TRUE,TRUE,TRUE,NA,NA,0,0,0,0,0,8.049116929e-16,3.726830808e-15,6.75015599e-14,0.09327437066,-24.72730625,-0.6642831203,-0.6642831203,"4",0.5,0.5,0,0,1,TRUE,TRUE,TRUE,NA,NA,0,0,0,0,0,8.049116929e-16,3.726830808e-15,6.75015599e-14,0.09327437066,-24.72730625,-0.6642831203,-0.6642831203,"NA",0.5,0.5,0,0,1,TRUE,TRUE,TRUE,NA,NA,0,0,0,0,0,8.049116929e-16,3.726830808e-15,6.75015599e-14,0
"AR1_200x40",8,200,40,100,5,20270005,TRUE,40,0,40,0,40,0,40,0,40,0,0.202,0.194,0.208,0,0,0,0,0,0,0,0,0,0,0.09528361464,-25.13347883,-0.6507823521,"2",-0.6507823521,-0.6507823521,-0.6507823521,-0.6507823521,NA,NA,0,0,0,0,0,9.575673587e-16,3.530525265e-15,8.171241461e-14,0.09528361464,-25.13347883,-0.6507823521,-0.6507823521,"2",0.5,0.5,0,0,1,TRUE,TRUE,TRUE,NA,NA,0,0,0,0,0,9.575673587e-16,3.530525265e-15,8.171241461e-14,0.09528361464,-25.13347883,-0.6507823521,-0.6507823521,"2",0.5,0.5,0,0,1,TRUE,TRUE,TRUE,NA,NA,0,0,0,0,0,9.575673587e-16,3.530525265e-15,8.171241461e-14,0.09528361464,-25.13347883,-0.6507823521,-0.6507823521,"NA",0.5,0.5,0,0,1,TRUE,TRUE,TRUE,NA,NA,0,0,0,0,0,9.575673587e-16,3.530525265e-15,8.171241461e-14,0
"AR1_200x40",8,200,40,100,6,20270006,TRUE,40,0,40,0,40,0,40,0,40,0,0.218,0.204,0.202,0,0,0,0,0,0,0,0,0,0,0.09030752216,-26.29922766,-0.6454224522,"4",-0.6454224522,-0.6454224522,-0.6454224522,-0.6454224522,NA,NA,0,0,0,0,0,9.159339953e-16,3.769965709e-15,5.329070518e-14,0.09030752216,-26.29922766,-0.6454224522,-0.6454224522,"4",0.5,0.5,0,0,1,TRUE,TRUE,TRUE,NA,NA,0,0,0,0,0,9.159339953e-16,3.769965709e-15,5.329070518e-14,0.09030752216,-26.29922766,-0.6454224522,-0.6454224522,"4",0.5,0.5,0,0,1,TRUE,TRUE,TRUE,NA,NA,0,0,0,0,0,9.159339953e-16,3.769965709e-15,5.329070518e-14,0.09030752216,-26.29922766,-0.6454224522,-0.6454224522,"NA",0.5,0.5,0,0,1,TRUE,TRUE,TRUE,NA,NA,0,0,0,0,0,9.159339953e-16,3.769965709e-15,5.329070518e-14,0
"AR1_200x40",8,200,40,100,7,20270007,TRUE,40,0,40,0,40,0,40,0,40,0,0.204,0.197,0.195,0,0,0,0,0,0,0,0,0,0,0.08505543428,-27.58199723,-0.6569567091,"4",-0.6569567091,-0.6569567091,-0.6569567091,-0.6569567091,NA,NA,0,0,0,0,0,1.942890293e-15,3.837528057e-15,3.907985047e-14,0.08505543428,-27.58199723,-0.6569567091,-0.6569567091,"4",0.5,0.5,0,0,1,TRUE,TRUE,TRUE,NA,NA,0,0,0,0,0,1.942890293e-15,3.837528057e-15,3.907985047e-14,0.08505543428,-27.58199723,-0.6569567091,-0.6569567091,"4",0.5,0.5,0,0,1,TRUE,TRUE,TRUE,NA,NA,0,0,0,0,0,1.942890293e-15,3.837528057e-15,3.907985047e-14,0.08505543428,-27.58199723,-0.6569567091,-0.6569567091,"NA",0.5,0.5,0,0,1,TRUE,TRUE,TRUE,NA,NA,0,0,0,0,0,1.942890293e-15,3.837528057e-15,3.907985047e-14,0
"AR1_200x40",8,200,40,100,8,20270008,TRUE,40,0,40,0,40,0,40,0,40,0,0.245,0.234,0.208,0,0,0,0,0,0,0,0,0,0,0.087706755,-26.34659296,-0.6876036916,"4",-0.6876036916,-0.6876036916,-0.6876036916,-0.6876036916,NA,NA,0,0,0,0,0,8.604228441e-16,3.552718694e-15,6.394884622e-14,0.087706755,-26.34659296,-0.6876036916,-0.6876036916,"4",0.5,0.5,0,0,1,TRUE,TRUE,TRUE,NA,NA,0,0,0,0,0,8.604228441e-16,3.552718694e-15,6.394884622e-14,0.087706755,-26.34659296,-0.6876036916,-0.6876036916,"4",0.5,0.5,0,0,1,TRUE,TRUE,TRUE,NA,NA,0,0,0,0,0,8.604228441e-16,3.552718694e-15,6.394884622e-14,0.087706755,-26.34659296,-0.6876036916,-0.6876036916,"NA",0.5,0.5,0,0,1,TRUE,TRUE,TRUE,NA,NA,0,0,0,0,0,8.604228441e-16,3.552718694e-15,6.394884622e-14,0
"AR1_200x40",8,200,40,100,9,20270009,TRUE,40,0,40,0,40,0,40,0,40,0,0.203,0.195,0.21,0,0,0,0,0,0,0,0,0,0,0.08336340452,-27.58384252,-0.6710030678,"6",-0.6710030678,-0.6710030678,-0.6710030678,-0.6710030678,NA,NA,0,0,0,0,0,1.90125693e-15,3.579439333e-15,3.552713679e-14,0.08336340452,-27.58384252,-0.6710030678,-0.6710030678,"6",0.5,0.5,0,0,1,TRUE,TRUE,TRUE,NA,NA,0,0,0,0,0,1.90125693e-15,3.579439333e-15,3.552713679e-14,0.08336340452,-27.58384252,-0.6710030678,-0.6710030678,"6",0.5,0.5,0,0,1,TRUE,TRUE,TRUE,NA,NA,0,0,0,0,0,1.90125693e-15,3.579439333e-15,3.552713679e-14,0.08336340452,-27.58384252,-0.6710030678,-0.6710030678,"NA",0.5,0.5,0,0,1,TRUE,TRUE,TRUE,NA,NA,0,0,0,0,0,1.90125693e-15,3.579439333e-15,3.552713679e-14,0
"AR1_200x40",8,200,40,100,10,20270010,TRUE,40,0,40,0,40,0,40,0,40,0,0.233,0.212,0.207,0,0,0,0,0,0,0,0,0,0,0.07410175758,-28.46953816,-0.6759441023,"4",-0.6759441023,-0.6759441023,-0.6759441023,-0.6759441023,NA,NA,0,0,0,0,0,1.054711873e-15,3.529628999e-15,7.815970093e-14,0.07410175758,-28.46953816,-0.6759441023,-0.6759441023,"4",0.5,0.5,0,0,1,TRUE,TRUE,TRUE,NA,NA,0,0,0,0,0,1.054711873e-15,3.529628999e-15,7.815970093e-14,0.07410175758,-28.46953816,-0.6759441023,-0.6759441023,"4",0.5,0.5,0,0,1,TRUE,TRUE,TRUE,NA,NA,0,0,0,0,0,1.054711873e-15,3.529628999e-15,7.815970093e-14,0.07410175758,-28.46953816,-0.6759441023,-0.6759441023,"NA",0.5,0.5,0,0,1,TRUE,TRUE,TRUE,NA,NA,0,0,0,0,0,1.054711873e-15,3.529628999e-15,7.815970093e-14,0
"AR1_200x40",8,200,40,100,11,20270011,TRUE,40,0,40,0,40,0,40,0,40,0,0.205,0.205,0.235,0,0,0,0,0,0,0,0,0,0,0.09325741494,-27.87845306,-0.6370389734,"4",-0.6370389734,-0.6370389734,-0.6370389734,-0.6370389734,NA,NA,0,0,0,0,0,6.245004514e-16,3.834714863e-15,1.065814104e-13,0.09325741494,-27.87845306,-0.6370389734,-0.6370389734,"4",0.5,0.5,0,0,1,TRUE,TRUE,TRUE,NA,NA,0,0,0,0,0,6.245004514e-16,3.834714863e-15,1.065814104e-13,0.09325741494,-27.87845306,-0.6370389734,-0.6370389734,"4",0.5,0.5,0,0,1,TRUE,TRUE,TRUE,NA,NA,0,0,0,0,0,6.245004514e-16,3.834714863e-15,1.065814104e-13,0.09325741494,-27.87845306,-0.6370389734,-0.6370389734,"NA",0.5,0.5,0,0,1,TRUE,TRUE,TRUE,NA,NA,0,0,0,0,0,6.245004514e-16,3.834714863e-15,1.065814104e-13,0
"AR1_200x40",8,200,40,100,12,20270012,TRUE,40,0,40,0,40,0,40,0,40,0,0.199,0.201,0.199,0,0,0,0,0,0,0,0,0,0,0.09139100235,-26.4082572,-0.6744640093,"4",-0.6744640093,-0.6744640093,-0.6744640093,-0.6744640093,NA,NA,0,0,0,0,0,8.604228441e-16,3.806257201e-15,4.618527782e-14,0.09139100235,-26.4082572,-0.6744640093,-0.6744640093,"4",0.5,0.5,0,0,1,TRUE,TRUE,TRUE,NA,NA,0,0,0,0,0,8.604228441e-16,3.806257201e-15,4.618527782e-14,0.09139100235,-26.4082572,-0.6744640093,-0.6744640093,"4",0.5,0.5,0,0,1,TRUE,TRUE,TRUE,NA,NA,0,0,0,0,0,8.604228441e-16,3.806257201e-15,4.618527782e-14,0.09139100235,-26.4082572,-0.6744640093,-0.6744640093,"NA",0.5,0.5,0,0,1,TRUE,TRUE,TRUE,NA,NA,0,0,0,0,0,8.604228441e-16,3.806257201e-15,4.618527782e-14,0
"AR1_200x40",8,200,40,100,13,20270013,TRUE,40,0,40,0,40,0,40,0,40,0,0.205,0.192,0.202,0,0,0,0,0,0,0,0,0,0,0.08170499862,-27.25714944,-0.6967851626,"4",-0.6967851626,-0.6967851626,-0.6967851626,-0.6967851626,NA,NA,0,0,0,0,0,5.412337245e-16,3.839620696e-15,8.881784197e-14,0.08170499862,-27.25714944,-0.6967851626,-0.6967851626,"4",0.5,0.5,0,0,1,TRUE,TRUE,TRUE,NA,NA,0,0,0,0,0,5.412337245e-16,3.839620696e-15,8.881784197e-14,0.08170499862,-27.25714944,-0.6967851626,-0.6967851626,"4",0.5,0.5,0,0,1,TRUE,TRUE,TRUE,NA,NA,0,0,0,0,0,5.412337245e-16,3.839620696e-15,8.881784197e-14,0.08170499862,-27.25714944,-0.6967851626,-0.6967851626,"NA",0.5,0.5,0,0,1,TRUE,TRUE,TRUE,NA,NA,0,0,0,0,0,5.412337245e-16,3.839620696e-15,8.881784197e-14,0
"AR1_200x40",8,200,40,100,14,20270014,TRUE,40,0,40,0,40,0,40,0,40,0,0.233,0.243,0.233,0,0,0,0,0,0,0,0,0,0,0.07590646236,-26.92653005,-0.6681446404,"2",-0.6681446404,-0.6681446404,-0.6681446404,-0.6681446404,NA,NA,0,0,0,0,0,5.551115123e-16,3.523086736e-15,4.618527782e-14,0.07590646236,-26.92653005,-0.6681446404,-0.6681446404,"2",0.5,0.5,0,0,1,TRUE,TRUE,TRUE,NA,NA,0,0,0,0,0,5.551115123e-16,3.523086736e-15,4.618527782e-14,0.07590646236,-26.92653005,-0.6681446404,-0.6681446404,"2",0.5,0.5,0,0,1,TRUE,TRUE,TRUE,NA,NA,0,0,0,0,0,5.551115123e-16,3.523086736e-15,4.618527782e-14,0.07590646236,-26.92653005,-0.6681446404,-0.6681446404,"NA",0.5,0.5,0,0,1,TRUE,TRUE,TRUE,NA,NA,0,0,0,0,0,5.551115123e-16,3.523086736e-15,4.618527782e-14,0
"AR1_200x40",8,200,40,100,15,20270015,TRUE,40,0,40,0,40,0,40,0,40,0,0.218,0.274,0.223,0,0,0,0,0,0,0,0,0,0,0.07033253533,-28.01860394,-0.6913552838,"2",-0.6913552838,-0.6913552838,-0.6913552838,-0.6913552838,NA,NA,0,0,0,0,0,9.575673587e-16,3.388009437e-15,1.065814104e-13,0.07033253533,-28.01860394,-0.6913552838,-0.6913552838,"2",0.5,0.5,0,0,1,TRUE,TRUE,TRUE,NA,NA,0,0,0,0,0,9.575673587e-16,3.388009437e-15,1.065814104e-13,0.07033253533,-28.01860394,-0.6913552838,-0.6913552838,"2",0.5,0.5,0,0,1,TRUE,TRUE,TRUE,NA,NA,0,0,0,0,0,9.575673587e-16,3.388009437e-15,1.065814104e-13,0.07033253533,-28.01860394,-0.6913552838,-0.6913552838,"NA",0.5,0.5,0,0,1,TRUE,TRUE,TRUE,NA,NA,0,0,0,0,0,9.575673587e-16,3.388009437e-15,1.065814104e-13,0
"AR1_200x40",8,200,40,100,16,20270016,TRUE,40,0,40,0,40,0,40,0,40,0,0.21,0.196,0.195,0,0,0,0,0,0,0,0,0,0,0.07680016439,-26.83957206,-0.6930114042,"1",-0.6930114042,-0.6930114042,-0.6930114042,-0.6930114042,NA,NA,0,0,0,0,0,7.355227538e-16,3.475673717e-15,3.907985047e-14,0.07680016439,-26.83957206,-0.6930114042,-0.6930114042,"1",0.5,0.5,0,0,1,TRUE,TRUE,TRUE,NA,NA,0,0,0,0,0,7.355227538e-16,3.475673717e-15,3.907985047e-14,0.07680016439,-26.83957206,-0.6930114042,-0.6930114042,"1",0.5,0.5,0,0,1,TRUE,TRUE,TRUE,NA,NA,0,0,0,0,0,7.355227538e-16,3.475673717e-15,3.907985047e-14,0.07680016439,-26.83957206,-0.6930114042,-0.6930114042,"NA",0.5,0.5,0,0,1,TRUE,TRUE,TRUE,NA,NA,0,0,0,0,0,7.355227538e-16,3.475673717e-15,3.907985047e-14,0
"AR1_200x40",8,200,40,100,17,20270017,TRUE,40,0,40,0,40,0,40,0,40,0,0.258,0.249,0.235,0,0,0,0,0,0,0,0,0,0,0.07466613979,-27.31194664,-0.6817610175,"4",-0.6817610175,-0.6817610175,-0.6817610175,-0.6817610175,NA,NA,0,0,0,0,0,8.604228441e-16,3.488331649e-15,8.881784197e-14,0.07466613979,-27.31194664,-0.6817610175,-0.6817610175,"4",0.5,0.5,0,0,1,TRUE,TRUE,TRUE,NA,NA,0,0,0,0,0,8.604228441e-16,3.488331649e-15,8.881784197e-14,0.07466613979,-27.31194664,-0.6817610175,-0.6817610175,"4",0.5,0.5,0,0,1,TRUE,TRUE,TRUE,NA,NA,0,0,0,0,0,8.604228441e-16,3.488331649e-15,8.881784197e-14,0.07466613979,-27.31194664,-0.6817610175,-0.6817610175,"NA",0.5,0.5,0,0,1,TRUE,TRUE,TRUE,NA,NA,0,0,0,0,0,8.604228441e-16,3.488331649e-15,8.881784197e-14,0
"AR1_200x40",8,200,40,100,18,20270018,TRUE,40,0,40,0,40,0,40,0,40,0,0.251,0.246,0.262,0,0,0,0,0,0,0,0,0,0,0.0698240551,-28.36111489,-0.6956318715,"3",-0.6956318715,-0.6956318715,-0.6956318715,-0.6956318715,NA,NA,0,0,0,0,0,1.595945598e-15,3.748979192e-15,9.592326933e-14,0.0698240551,-28.36111489,-0.6956318715,-0.6956318715,"3",0.5,0.5,0,0,1,TRUE,TRUE,TRUE,NA,NA,0,0,0,0,0,1.595945598e-15,3.748979192e-15,9.592326933e-14,0.0698240551,-28.36111489,-0.6956318715,-0.6956318715,"3",0.5,0.5,0,0,1,TRUE,TRUE,TRUE,NA,NA,0,0,0,0,0,1.595945598e-15,3.748979192e-15,9.592326933e-14,0.0698240551,-28.36111489,-0.6956318715,-0.6956318715,"NA",0.5,0.5,0,0,1,TRUE,TRUE,TRUE,NA,NA,0,0,0,0,0,1.595945598e-15,3.748979192e-15,9.592326933e-14,0
"AR1_200x40",8,200,40,100,19,20270019,TRUE,40,0,40,0,40,0,40,0,40,0,0.252,0.299,0.278,0,0,0,0,0,0,0,0,0,0,0.09961871526,-23.48046399,-0.6486830195,"6",-0.6486830195,-0.6486830195,-0.6486830195,-0.6486830195,NA,NA,0,0,0,0,0,6.383782392e-16,3.416147547e-15,6.75015599e-14,0.09961871526,-23.48046399,-0.6486830195,-0.6486830195,"6",0.5,0.5,0,0,1,TRUE,TRUE,TRUE,NA,NA,0,0,0,0,0,6.383782392e-16,3.416147547e-15,6.75015599e-14,0.09961871526,-23.48046399,-0.6486830195,-0.6486830195,"6",0.5,0.5,0,0,1,TRUE,TRUE,TRUE,NA,NA,0,0,0,0,0,6.383782392e-16,3.416147547e-15,6.75015599e-14,0.09961871526,-23.48046399,-0.6486830195,-0.6486830195,"NA",0.5,0.5,0,0,1,TRUE,TRUE,TRUE,NA,NA,0,0,0,0,0,6.383782392e-16,3.416147547e-15,6.75015599e-14,0
"AR1_200x40",8,200,40,100,20,20270020,TRUE,40,0,40,0,40,0,40,0,40,0,0.25,0.232,0.382,0,0,0,0,0,0,0,0,0,0,0.09216521541,-25.85077084,-0.6650777963,"4",-0.6650777963,-0.6650777963,-0.6650777963,-0.6650777963,NA,NA,0,0,0,0,0,5.689893001e-16,3.589083294e-15,5.329070518e-14,0.09216521541,-25.85077084,-0.6650777963,-0.6650777963,"4",0.5,0.5,0,0,1,TRUE,TRUE,TRUE,NA,NA,0,0,0,0,0,5.689893001e-16,3.589083294e-15,5.329070518e-14,0.09216521541,-25.85077084,-0.6650777963,-0.6650777963,"4",0.5,0.5,0,0,1,TRUE,TRUE,TRUE,NA,NA,0,0,0,0,0,5.689893001e-16,3.589083294e-15,5.329070518e-14,0.09216521541,-25.85077084,-0.6650777963,-0.6650777963,"NA",0.5,0.5,0,0,1,TRUE,TRUE,TRUE,NA,NA,0,0,0,0,0,5.689893001e-16,3.589083294e-15,5.329070518e-14,0
"AR1_200x40",8,200,40,100,21,20270021,TRUE,40,0,40,0,40,0,40,0,40,0,0.246,0.248,0.286,0,0,0,0,0,0,0,0,0,0,0.09374109578,-24.49637101,-0.677709811,"4",-0.677709811,-0.677709811,-0.677709811,-0.677709811,NA,NA,0,0,0,0,0,1.1379786e-15,3.515395545e-15,5.684341886e-14,0.09374109578,-24.49637101,-0.677709811,-0.677709811,"4",0.5,0.5,0,0,1,TRUE,TRUE,TRUE,NA,NA,0,0,0,0,0,1.1379786e-15,3.515395545e-15,5.684341886e-14,0.09374109578,-24.49637101,-0.677709811,-0.677709811,"4",0.5,0.5,0,0,1,TRUE,TRUE,TRUE,NA,NA,0,0,0,0,0,1.1379786e-15,3.515395545e-15,5.684341886e-14,0.09374109578,-24.49637101,-0.677709811,-0.677709811,"NA",0.5,0.5,0,0,1,TRUE,TRUE,TRUE,NA,NA,0,0,0,0,0,1.1379786e-15,3.515395545e-15,5.684341886e-14,0
"AR1_200x40",8,200,40,100,22,20270022,TRUE,40,0,40,0,40,0,40,0,40,0,0.265,0.276,0.261,0,0,0,0,0,0,0,0,0,0,0.07677525807,-29.82655528,-0.7120979135,"4",-0.7120979135,-0.7120979135,-0.7120979135,-0.7120979135,NA,NA,0,0,0,0,0,7.494005416e-16,3.589348101e-15,7.460698725e-14,0.07677525807,-29.82655528,-0.7120979135,-0.7120979135,"4",0.5,0.5,0,0,1,TRUE,TRUE,TRUE,NA,NA,0,0,0,0,0,7.494005416e-16,3.589348101e-15,7.460698725e-14,0.07677525807,-29.82655528,-0.7120979135,-0.7120979135,"4",0.5,0.5,0,0,1,TRUE,TRUE,TRUE,NA,NA,0,0,0,0,0,7.494005416e-16,3.589348101e-15,7.460698725e-14,0.07677525807,-29.82655528,-0.7120979135,-0.7120979135,"NA",0.5,0.5,0,0,1,TRUE,TRUE,TRUE,NA,NA,0,0,0,0,0,7.494005416e-16,3.589348101e-15,7.460698725e-14,0
"AR1_200x40",8,200,40,100,23,20270023,TRUE,40,0,40,0,40,0,40,0,40,0,0.251,0.247,0.236,0,0,0,0,0,0,0,0,0,0,0.08299820153,-27.65102539,-0.6684737155,"4",-0.6684737155,-0.6684737155,-0.6684737155,-0.6684737155,NA,NA,0,0,0,0,0,9.992007222e-16,3.863593036e-15,8.881784197e-14,0.08299820153,-27.65102539,-0.6684737155,-0.6684737155,"4",0.5,0.5,0,0,1,TRUE,TRUE,TRUE,NA,NA,0,0,0,0,0,9.992007222e-16,3.863593036e-15,8.881784197e-14,0.08299820153,-27.65102539,-0.6684737155,-0.6684737155,"4",0.5,0.5,0,0,1,TRUE,TRUE,TRUE,NA,NA,0,0,0,0,0,9.992007222e-16,3.863593036e-15,8.881784197e-14,0.08299820153,-27.65102539,-0.6684737155,-0.6684737155,"NA",0.5,0.5,0,0,1,TRUE,TRUE,TRUE,NA,NA,0,0,0,0,0,9.992007222e-16,3.863593036e-15,8.881784197e-14,0
"AR1_200x40",8,200,40,100,24,20270024,TRUE,40,0,40,0,40,0,40,0,40,0,0.247,0.23,0.261,0,0,0,0,0,0,0,0,0,0,0.07045190278,-28.00015363,-0.7191212387,"4",-0.7191212387,-0.7191212387,-0.7191212387,-0.7191212387,NA,NA,0,0,0,0,0,1.221245327e-15,3.568537374e-15,8.526512829e-14,0.07045190278,-28.00015363,-0.7191212387,-0.7191212387,"4",0.5,0.5,0,0,1,TRUE,TRUE,TRUE,NA,NA,0,0,0,0,0,1.221245327e-15,3.568537374e-15,8.526512829e-14,0.07045190278,-28.00015363,-0.7191212387,-0.7191212387,"4",0.5,0.5,0,0,1,TRUE,TRUE,TRUE,NA,NA,0,0,0,0,0,1.221245327e-15,3.568537374e-15,8.526512829e-14,0.07045190278,-28.00015363,-0.7191212387,-0.7191212387,"NA",0.5,0.5,0,0,1,TRUE,TRUE,TRUE,NA,NA,0,0,0,0,0,1.221245327e-15,3.568537374e-15,8.526512829e-14,0
"AR1_200x40",8,200,40,100,25,20270025,TRUE,40,0,40,0,40,0,40,0,40,0,0.295,0.235,0.262,0,0,0,0,0,0,0,0,0,0,0.08582345913,-27.06475787,-0.6102181579,"4",-0.6102181579,-0.6102181579,-0.6102181579,-0.6102181579,NA,NA,0,0,0,0,0,2.109423747e-15,4.008950263e-15,8.881784197e-14,0.08582345913,-27.06475787,-0.6102181579,-0.6102181579,"4",0.5,0.5,0,0,1,TRUE,TRUE,TRUE,NA,NA,0,0,0,0,0,2.109423747e-15,4.008950263e-15,8.881784197e-14,0.08582345913,-27.06475787,-0.6102181579,-0.6102181579,"4",0.5,0.5,0,0,1,TRUE,TRUE,TRUE,NA,NA,0,0,0,0,0,2.109423747e-15,4.008950263e-15,8.881784197e-14,0.08582345913,-27.06475787,-0.6102181579,-0.6102181579,"NA",0.5,0.5,0,0,1,TRUE,TRUE,TRUE,NA,NA,0,0,0,0,0,2.109423747e-15,4.008950263e-15,8.881784197e-14,0
"AR1_200x40",8,200,40,100,26,20270026,TRUE,40,0,40,0,40,0,40,0,40,0,0.259,0.236,0.245,0,0,0,0,0,0,0,0,0,0,0.09932298754,-25.87181363,-0.6463744211,"4",-0.6463744211,-0.6463744211,-0.6463744211,-0.6463744211,NA,NA,0,0,0,0,0,1.124100812e-15,3.59908327e-15,6.039613254e-14,0.09932298754,-25.87181363,-0.6463744211,-0.6463744211,"4",0.5,0.5,0,0,1,TRUE,TRUE,TRUE,NA,NA,0,0,0,0,0,1.124100812e-15,3.59908327e-15,6.039613254e-14,0.09932298754,-25.87181363,-0.6463744211,-0.6463744211,"4",0.5,0.5,0,0,1,TRUE,TRUE,TRUE,NA,NA,0,0,0,0,0,1.124100812e-15,3.59908327e-15,6.039613254e-14,0.09932298754,-25.87181363,-0.6463744211,-0.6463744211,"NA",0.5,0.5,0,0,1,TRUE,TRUE,TRUE,NA,NA,0,0,0,0,0,1.124100812e-15,3.59908327e-15,6.039613254e-14,0
"AR1_200x40",8,200,40,100,27,20270027,TRUE,40,0,40,0,40,0,40,0,40,0,0.251,0.24,0.237,0,0,0,0,0,0,0,0,0,0,0.09065339918,-25.80287072,-0.6876064696,"6",-0.6876064696,-0.6876064696,-0.6876064696,-0.6876064696,NA,NA,0,0,0,0,0,1.054711873e-15,3.441337779e-15,1.314504061e-13,0.09065339918,-25.80287072,-0.6876064696,-0.6876064696,"6",0.5,0.5,0,0,1,TRUE,TRUE,TRUE,NA,NA,0,0,0,0,0,1.054711873e-15,3.441337779e-15,1.314504061e-13,0.09065339918,-25.80287072,-0.6876064696,-0.6876064696,"6",0.5,0.5,0,0,1,TRUE,TRUE,TRUE,NA,NA,0,0,0,0,0,1.054711873e-15,3.441337779e-15,1.314504061e-13,0.09065339918,-25.80287072,-0.6876064696,-0.6876064696,"NA",0.5,0.5,0,0,1,TRUE,TRUE,TRUE,NA,NA,0,0,0,0,0,1.054711873e-15,3.441337779e-15,1.314504061e-13,0
"AR1_200x40",8,200,40,100,28,20270028,TRUE,40,0,40,0,40,0,40,0,40,0,0.265,0.233,0.241,0,0,0,0,0,0,0,0,0,0,0.09463691787,-26.77810799,-0.6522183134,"4",-0.6522183134,-0.6522183134,-0.6522183134,-0.6522183134,NA,NA,0,0,0,0,0,1.33226763e-15,4.111885012e-15,6.75015599e-14,0.09463691787,-26.77810799,-0.6522183134,-0.6522183134,"4",0.5,0.5,0,0,1,TRUE,TRUE,TRUE,NA,NA,0,0,0,0,0,1.33226763e-15,4.111885012e-15,6.75015599e-14,0.09463691787,-26.77810799,-0.6522183134,-0.6522183134,"4",0.5,0.5,0,0,1,TRUE,TRUE,TRUE,NA,NA,0,0,0,0,0,1.33226763e-15,4.111885012e-15,6.75015599e-14,0.09463691787,-26.77810799,-0.6522183134,-0.6522183134,"NA",0.5,0.5,0,0,1,TRUE,TRUE,TRUE,NA,NA,0,0,0,0,0,1.33226763e-15,4.111885012e-15,6.75015599e-14,0
"AR1_200x40",8,200,40,100,29,20270029,TRUE,40,0,40,0,40,0,40,0,40,0,0.246,0.243,0.229,0,0,0,0,0,0,0,0,0,0,0.09622142856,-24.45875267,-0.6389912709,"4",-0.6389912709,-0.6389912709,-0.6389912709,-0.6389912709,NA,NA,0,0,0,0,0,4.440892099e-16,3.968751352e-15,8.881784197e-14,0.09622142856,-24.45875267,-0.6389912709,-0.6389912709,"4",0.5,0.5,0,0,1,TRUE,TRUE,TRUE,NA,NA,0,0,0,0,0,4.440892099e-16,3.968751352e-15,8.881784197e-14,0.09622142856,-24.45875267,-0.6389912709,-0.6389912709,"4",0.5,0.5,0,0,1,TRUE,TRUE,TRUE,NA,NA,0,0,0,0,0,4.440892099e-16,3.968751352e-15,8.881784197e-14,0.09622142856,-24.45875267,-0.6389912709,-0.6389912709,"NA",0.5,0.5,0,0,1,TRUE,TRUE,TRUE,NA,NA,0,0,0,0,0,4.440892099e-16,3.968751352e-15,8.881784197e-14,0
"AR1_200x40",8,200,40,100,30,20270030,TRUE,40,0,40,0,40,0,40,0,40,0,0.281,0.266,0.26,0,0,0,0,0,0,0,0,0,0,0.08289592147,-26.53470373,-0.6862116627,"4",-0.6862116627,-0.6862116627,-0.6862116627,-0.6862116627,NA,NA,0,0,0,0,0,6.800116026e-16,3.409846688e-15,7.460698725e-14,0.08289592147,-26.53470373,-0.6862116627,-0.6862116627,"4",0.5,0.5,0,0,1,TRUE,TRUE,TRUE,NA,NA,0,0,0,0,0,6.800116026e-16,3.409846688e-15,7.460698725e-14,0.08289592147,-26.53470373,-0.6862116627,-0.6862116627,"4",0.5,0.5,0,0,1,TRUE,TRUE,TRUE,NA,NA,0,0,0,0,0,6.800116026e-16,3.409846688e-15,7.460698725e-14,0.08289592147,-26.53470373,-0.6862116627,-0.6862116627,"NA",0.5,0.5,0,0,1,TRUE,TRUE,TRUE,NA,NA,1,1,0,0,0,6.800116026e-16,3.409846688e-15,7.460698725e-14,0
"AR1_200x40",8,200,40,100,31,20270031,TRUE,40,0,40,0,40,0,40,0,40,0,0.252,0.24,0.266,0,0,0,0,0,0,0,0,0,0,0.08684468372,-26.85956806,-0.6808986714,"4",-0.6808986714,-0.6808986714,-0.6808986714,-0.6808986714,NA,NA,0,0,0,0,0,9.159339953e-16,3.6924736e-15,1.136868377e-13,0.08684468372,-26.85956806,-0.6808986714,-0.6808986714,"4",0.5,0.5,0,0,1,TRUE,TRUE,TRUE,NA,NA,0,0,0,0,0,9.159339953e-16,3.6924736e-15,1.136868377e-13,0.08684468372,-26.85956806,-0.6808986714,-0.6808986714,"4",0.5,0.5,0,0,1,TRUE,TRUE,TRUE,NA,NA,0,0,0,0,0,9.159339953e-16,3.6924736e-15,1.136868377e-13,0.08684468372,-26.85956806,-0.6808986714,-0.6808986714,"NA",0.5,0.5,0,0,1,TRUE,TRUE,TRUE,NA,NA,0,0,0,0,0,9.159339953e-16,3.6924736e-15,1.136868377e-13,0
"AR1_200x40",8,200,40,100,32,20270032,TRUE,40,0,40,0,40,0,40,0,40,0,0.268,0.24,0.259,0,0,0,0,0,0,0,0,0,0,0.08973100298,-25.82779978,-0.6767881368,"4",-0.6767881368,-0.6767881368,-0.6767881368,-0.6767881368,NA,NA,0,0,0,0,0,1.054711873e-15,3.614823419e-15,1.065814104e-13,0.08973100298,-25.82779978,-0.6767881368,-0.6767881368,"4",0.5,0.5,0,0,1,TRUE,TRUE,TRUE,NA,NA,0,0,0,0,0,1.054711873e-15,3.614823419e-15,1.065814104e-13,0.08973100298,-25.82779978,-0.6767881368,-0.6767881368,"4",0.5,0.5,0,0,1,TRUE,TRUE,TRUE,NA,NA,0,0,0,0,0,1.054711873e-15,3.614823419e-15,1.065814104e-13,0.08973100298,-25.82779978,-0.6767881368,-0.6767881368,"NA",0.5,0.5,0,0,1,TRUE,TRUE,TRUE,NA,NA,0,0,0,0,0,1.054711873e-15,3.614823419e-15,1.065814104e-13,0
"AR1_200x40",8,200,40,100,33,20270033,TRUE,40,0,40,0,40,0,40,0,40,0,0.258,0.24,0.26,0,0,0,0,0,0,0,0,0,0,0.08895218409,-26.29342527,-0.6505871696,"4",-0.6505871696,-0.6505871696,-0.6505871696,-0.6505871696,NA,NA,0,0,0,0,0,1.929012505e-15,3.888053291e-15,1.350031198e-13,0.08895218409,-26.29342527,-0.6505871696,-0.6505871696,"4",0.5,0.5,0,0,1,TRUE,TRUE,TRUE,NA,NA,0,0,0,0,0,1.929012505e-15,3.888053291e-15,1.350031198e-13,0.08895218409,-26.29342527,-0.6505871696,-0.6505871696,"4",0.5,0.5,0,0,1,TRUE,TRUE,TRUE,NA,NA,0,0,0,0,0,1.929012505e-15,3.888053291e-15,1.350031198e-13,0.08895218409,-26.29342527,-0.6505871696,-0.6505871696,"NA",0.5,0.5,0,0,1,TRUE,TRUE,TRUE,NA,NA,0,0,0,0,0,1.929012505e-15,3.888053291e-15,1.350031198e-13,0
"AR1_200x40",8,200,40,100,34,20270034,TRUE,40,0,40,0,40,0,40,0,40,0,0.257,0.248,0.264,0,0,0,0,0,0,0,0,0,0,0.07658289612,-28.54560977,-0.6841708121,"4",-0.6841708121,-0.6841708121,-0.6841708121,-0.6841708121,NA,NA,0,0,0,0,0,4.857225733e-16,3.789249443e-15,4.618527782e-14,0.07658289612,-28.54560977,-0.6841708121,-0.6841708121,"4",0.5,0.5,0,0,1,TRUE,TRUE,TRUE,NA,NA,0,0,0,0,0,4.857225733e-16,3.789249443e-15,4.618527782e-14,0.07658289612,-28.54560977,-0.6841708121,-0.6841708121,"4",0.5,0.5,0,0,1,TRUE,TRUE,TRUE,NA,NA,0,0,0,0,0,4.857225733e-16,3.789249443e-15,4.618527782e-14,0.07658289612,-28.54560977,-0.6841708121,-0.6841708121,"NA",0.5,0.5,0,0,1,TRUE,TRUE,TRUE,NA,NA,0,0,0,0,0,4.857225733e-16,3.789249443e-15,4.618527782e-14,0
"AR1_200x40",8,200,40,100,35,20270035,TRUE,40,0,40,0,40,0,40,0,40,0,0.275,0.239,0.258,0,0,0,0,0,0,0,0,0,0,0.08755383946,-24.50052593,-0.6653345332,"1",-0.6653345332,-0.6653345332,-0.6653345332,-0.6653345332,NA,NA,0,0,0,0,0,1.026956298e-15,3.616598324e-15,1.10134124e-13,0.08755383946,-24.50052593,-0.6653345332,-0.6653345332,"1",0.5,0.5,0,0,1,TRUE,TRUE,TRUE,NA,NA,0,0,0,0,0,1.026956298e-15,3.616598324e-15,1.10134124e-13,0.08755383946,-24.50052593,-0.6653345332,-0.6653345332,"1",0.5,0.5,0,0,1,TRUE,TRUE,TRUE,NA,NA,0,0,0,0,0,1.026956298e-15,3.616598324e-15,1.10134124e-13,0.08755383946,-24.50052593,-0.6653345332,-0.6653345332,"NA",0.5,0.5,0,0,1,TRUE,TRUE,TRUE,NA,NA,3,3,1,0,1,1.026956298e-15,0.09796172915,0.1203912721,0
"AR1_200x40",8,200,40,100,36,20270036,TRUE,40,0,40,0,40,0,40,0,40,0,0.248,0.24,0.25,0,0,0,0,0,0,0,0,0,0,0.09360670453,-25.76495469,-0.6330165587,"4",-0.6330165587,-0.6330165587,-0.6330165587,-0.6330165587,NA,NA,0,0,0,0,0,1.110223025e-15,3.781096677e-15,8.881784197e-14,0.09360670453,-25.76495469,-0.6330165587,-0.6330165587,"4",0.5,0.5,0,0,1,TRUE,TRUE,TRUE,NA,NA,0,0,0,0,0,1.110223025e-15,3.781096677e-15,8.881784197e-14,0.09360670453,-25.76495469,-0.6330165587,-0.6330165587,"4",0.5,0.5,0,0,1,TRUE,TRUE,TRUE,NA,NA,0,0,0,0,0,1.110223025e-15,3.781096677e-15,8.881784197e-14,0.09360670453,-25.76495469,-0.6330165587,-0.6330165587,"NA",0.5,0.5,0,0,1,TRUE,TRUE,TRUE,NA,NA,0,0,0,0,0,1.110223025e-15,3.781096677e-15,8.881784197e-14,0
"AR1_200x40",8,200,40,100,37,20270037,TRUE,40,0,40,0,40,0,40,0,40,0,0.277,0.255,0.25,0,0,0,0,0,0,0,0,0,0,0.08257977024,-27.31783508,-0.6978980413,"4",-0.6978980413,-0.6978980413,-0.6978980413,-0.6978980413,NA,NA,0,0,0,0,0,8.743006319e-16,3.637060207e-15,1.456612608e-13,0.08257977024,-27.31783508,-0.6978980413,-0.6978980413,"4",0.5,0.5,0,0,1,TRUE,TRUE,TRUE,NA,NA,0,0,0,0,0,8.743006319e-16,3.637060207e-15,1.456612608e-13,0.08257977024,-27.31783508,-0.6978980413,-0.6978980413,"4",0.5,0.5,0,0,1,TRUE,TRUE,TRUE,NA,NA,0,0,0,0,0,8.743006319e-16,3.637060207e-15,1.456612608e-13,0.08257977024,-27.31783508,-0.6978980413,-0.6978980413,"NA",0.5,0.5,0,0,1,TRUE,TRUE,TRUE,NA,NA,0,0,0,0,0,8.743006319e-16,3.637060207e-15,1.456612608e-13,0
"AR1_200x40",8,200,40,100,38,20270038,TRUE,40,0,40,0,40,0,40,0,40,0,0.257,0.247,0.269,0,0,0,0,0,0,0,0,0,0,0.07187335952,-29.04279793,-0.6973869902,"4",-0.6973869902,-0.6973869902,-0.6973869902,-0.6973869902,NA,NA,0,0,0,0,0,1.276756478e-15,3.694876084e-15,5.329070518e-14,0.07187335952,-29.04279793,-0.6973869902,-0.6973869902,"4",0.5,0.5,0,0,1,TRUE,TRUE,TRUE,NA,NA,0,0,0,0,0,1.276756478e-15,3.694876084e-15,5.329070518e-14,0.07187335952,-29.04279793,-0.6973869902,-0.6973869902,"4",0.5,0.5,0,0,1,TRUE,TRUE,TRUE,NA,NA,0,0,0,0,0,1.276756478e-15,3.694876084e-15,5.329070518e-14,0.07187335952,-29.04279793,-0.6973869902,-0.6973869902,"NA",0.5,0.5,0,0,1,TRUE,TRUE,TRUE,NA,NA,0,0,0,0,0,1.276756478e-15,3.694876084e-15,5.329070518e-14,0
"AR1_200x40",8,200,40,100,39,20270039,TRUE,40,0,40,0,40,0,40,0,40,0,0.266,0.242,0.243,0,0,0,0,0,0,0,0,0,0,0.09581428476,-26.31110145,-0.6209552792,"6",-0.6209552792,-0.6209552792,-0.6209552792,-0.6209552792,NA,NA,0,0,0,0,0,1.415534356e-15,3.668628115e-15,1.669775429e-13,0.09581428476,-26.31110145,-0.6209552792,-0.6209552792,"6",0.5,0.5,0,0,1,TRUE,TRUE,TRUE,NA,NA,0,0,0,0,0,1.415534356e-15,3.668628115e-15,1.669775429e-13,0.09581428476,-26.31110145,-0.6209552792,-0.6209552792,"6",0.5,0.5,0,0,1,TRUE,TRUE,TRUE,NA,NA,0,0,0,0,0,1.415534356e-15,3.668628115e-15,1.669775429e-13,0.09581428476,-26.31110145,-0.6209552792,-0.6209552792,"NA",0.5,0.5,0,0,1,TRUE,TRUE,TRUE,NA,NA,0,0,0,0,0,1.415534356e-15,3.668628115e-15,1.669775429e-13,0
"AR1_200x40",8,200,40,100,40,20270040,TRUE,40,0,40,0,40,0,40,0,40,0,0.252,0.24,0.244,0,0,0,0,0,0,0,0,0,0,0.09158301035,-26.80082633,-0.6383998523,"1",-0.6383998523,-0.6383998523,-0.6383998523,-0.6383998523,NA,NA,0,0,0,0,0,5.689893001e-16,3.602926067e-15,8.171241461e-14,0.09158301035,-26.80082633,-0.6383998523,-0.6383998523,"1",0.5,0.5,0,0,1,TRUE,TRUE,TRUE,NA,NA,0,0,0,0,0,5.689893001e-16,3.602926067e-15,8.171241461e-14,0.09158301035,-26.80082633,-0.6383998523,-0.6383998523,"1",0.5,0.5,0,0,1,TRUE,TRUE,TRUE,NA,NA,0,0,0,0,0,5.689893001e-16,3.602926067e-15,8.171241461e-14,0.09158301035,-26.80082633,-0.6383998523,-0.6383998523,"NA",0.5,0.5,0,0,1,TRUE,TRUE,TRUE,NA,NA,0,0,0,0,0,5.689893001e-16,3.602926067e-15,8.171241461e-14,0
"AR1_200x40",8,200,40,100,41,20270041,TRUE,40,0,40,0,40,0,40,0,40,0,0.255,0.246,0.259,0,0,0,0,0,0,0,0,0,0,0.07482258282,-27.60032351,-0.6889854332,"3",-0.6889854332,-0.6889854332,-0.6889854332,-0.6889854332,NA,NA,0,0,0,0,0,1.040834086e-15,3.442716904e-15,4.618527782e-14,0.07482258282,-27.60032351,-0.6889854332,-0.6889854332,"3",0.5,0.5,0,0,1,TRUE,TRUE,TRUE,NA,NA,0,0,0,0,0,1.040834086e-15,3.442716904e-15,4.618527782e-14,0.07482258282,-27.60032351,-0.6889854332,-0.6889854332,"3",0.5,0.5,0,0,1,TRUE,TRUE,TRUE,NA,NA,0,0,0,0,0,1.040834086e-15,3.442716904e-15,4.618527782e-14,0.07482258282,-27.60032351,-0.6889854332,-0.6889854332,"NA",0.5,0.5,0,0,1,TRUE,TRUE,TRUE,NA,NA,0,0,0,0,0,1.040834086e-15,3.442716904e-15,4.618527782e-14,0
"AR1_200x40",8,200,40,100,42,20270042,TRUE,40,0,40,0,40,0,40,0,40,0,0.322,0.242,0.259,0,0,0,0,0,0,0,0,0,0,0.08724642704,-25.86768185,-0.6973979402,"4",-0.6973979402,-0.6973979402,-0.6973979402,-0.6973979402,NA,NA,0,0,0,0,0,4.579669977e-16,3.81655436e-15,4.618527782e-14,0.08724642704,-25.86768185,-0.6973979402,-0.6973979402,"4",0.5,0.5,0,0,1,TRUE,TRUE,TRUE,NA,NA,0,0,0,0,0,4.579669977e-16,3.81655436e-15,4.618527782e-14,0.08724642704,-25.86768185,-0.6973979402,-0.6973979402,"4",0.5,0.5,0,0,1,TRUE,TRUE,TRUE,NA,NA,0,0,0,0,0,4.579669977e-16,3.81655436e-15,4.618527782e-14,0.08724642704,-25.86768185,-0.6973979402,-0.6973979402,"NA",0.5,0.5,0,0,1,TRUE,TRUE,TRUE,NA,NA,0,0,0,0,0,4.579669977e-16,3.81655436e-15,4.618527782e-14,0
"AR1_200x40",8,200,40,100,43,20270043,TRUE,40,0,40,0,40,0,40,0,40,0,0.258,0.264,0.259,0,0,0,0,0,0,0,0,0,0,0.08961433572,-25.61746642,-0.6549448046,"4",-0.6549448046,-0.6549448046,-0.6549448046,-0.6549448046,NA,NA,0,0,0,0,0,8.604228441e-16,3.551551733e-15,8.526512829e-14,0.08961433572,-25.61746642,-0.6549448046,-0.6549448046,"4",0.5,0.5,0,0,1,TRUE,TRUE,TRUE,NA,NA,0,0,0,0,0,8.604228441e-16,3.551551733e-15,8.526512829e-14,0.08961433572,-25.61746642,-0.6549448046,-0.6549448046,"4",0.5,0.5,0,0,1,TRUE,TRUE,TRUE,NA,NA,0,0,0,0,0,8.604228441e-16,3.551551733e-15,8.526512829e-14,0.08961433572,-25.61746642,-0.6549448046,-0.6549448046,"NA",0.5,0.5,0,0,1,TRUE,TRUE,TRUE,NA,NA,0,0,0,0,0,8.604228441e-16,3.551551733e-15,8.526512829e-14,0
"AR1_200x40",8,200,40,100,44,20270044,TRUE,40,0,40,0,40,0,40,0,40,0,0.244,0.231,0.232,0,0,0,0,0,0,0,0,0,0,0.09963597068,-25.91781094,-0.6332822833,"4",-0.6332822833,-0.6332822833,-0.6332822833,-0.6332822833,NA,NA,0,0,0,0,0,5.967448757e-16,3.608760503e-15,5.329070518e-14,0.09963597068,-25.91781094,-0.6332822833,-0.6332822833,"4",0.5,0.5,0,0,1,TRUE,TRUE,TRUE,NA,NA,0,0,0,0,0,5.967448757e-16,3.608760503e-15,5.329070518e-14,0.09963597068,-25.91781094,-0.6332822833,-0.6332822833,"4",0.5,0.5,0,0,1,TRUE,TRUE,TRUE,NA,NA,0,0,0,0,0,5.967448757e-16,3.608760503e-15,5.329070518e-14,0.09963597068,-25.91781094,-0.6332822833,-0.6332822833,"NA",0.5,0.5,0,0,1,TRUE,TRUE,TRUE,NA,NA,0,0,0,0,0,5.967448757e-16,3.608760503e-15,5.329070518e-14,0
"AR1_200x40",8,200,40,100,45,20270045,TRUE,40,0,40,0,40,0,40,0,40,0,0.249,0.259,0.366,0,0,0,0,0,0,0,0,0,0,0.07652159358,-28.14322374,-0.6406619112,"4",-0.6406619112,-0.6406619112,-0.6406619112,-0.6406619112,NA,NA,0,0,0,0,0,6.661338148e-16,3.671105959e-15,3.907985047e-14,0.07652159358,-28.14322374,-0.6406619112,-0.6406619112,"4",0.5,0.5,0,0,1,TRUE,TRUE,TRUE,NA,NA,0,0,0,0,0,6.661338148e-16,3.671105959e-15,3.907985047e-14,0.07652159358,-28.14322374,-0.6406619112,-0.6406619112,"4",0.5,0.5,0,0,1,TRUE,TRUE,TRUE,NA,NA,0,0,0,0,0,6.661338148e-16,3.671105959e-15,3.907985047e-14,0.07652159358,-28.14322374,-0.6406619112,-0.6406619112,"NA",0.5,0.5,0,0,1,TRUE,TRUE,TRUE,NA,NA,0,0,0,0,0,6.661338148e-16,3.671105959e-15,3.907985047e-14,0
"AR1_200x40",8,200,40,100,46,20270046,TRUE,40,0,40,0,40,0,40,0,40,0,0.293,0.24,0.241,0,0,0,0,0,0,0,0,0,0,0.09358873594,-24.98760889,-0.6487910748,"4",-0.6487910748,-0.6487910748,-0.6487910748,-0.6487910748,NA,NA,0,0,0,0,0,7.355227538e-16,3.560509286e-15,6.039613254e-14,0.09358873594,-24.98760889,-0.6487910748,-0.6487910748,"4",0.5,0.5,0,0,1,TRUE,TRUE,TRUE,NA,NA,0,0,0,0,0,7.355227538e-16,3.560509286e-15,6.039613254e-14,0.09358873594,-24.98760889,-0.6487910748,-0.6487910748,"4",0.5,0.5,0,0,1,TRUE,TRUE,TRUE,NA,NA,0,0,0,0,0,7.355227538e-16,3.560509286e-15,6.039613254e-14,0.09358873594,-24.98760889,-0.6487910748,-0.6487910748,"NA",0.5,0.5,0,0,1,TRUE,TRUE,TRUE,NA,NA,0,0,0,0,0,7.355227538e-16,3.560509286e-15,6.039613254e-14,0
"AR1_200x40",8,200,40,100,47,20270047,TRUE,40,0,40,0,40,0,40,0,40,0,0.255,0.242,0.248,0,0,0,0,0,0,0,0,0,0,0.09783002059,-25.73593847,-0.6684064197,"4",-0.6684064197,-0.6684064197,-0.6684064197,-0.6684064197,NA,NA,0,0,0,0,0,8.743006319e-16,3.749587678e-15,7.105427358e-14,0.09783002059,-25.73593847,-0.6684064197,-0.6684064197,"4",0.5,0.5,0,0,1,TRUE,TRUE,TRUE,NA,NA,0,0,0,0,0,8.743006319e-16,3.749587678e-15,7.105427358e-14,0.09783002059,-25.73593847,-0.6684064197,-0.6684064197,"4",0.5,0.5,0,0,1,TRUE,TRUE,TRUE,NA,NA,0,0,0,0,0,8.743006319e-16,3.749587678e-15,7.105427358e-14,0.09783002059,-25.73593847,-0.6684064197,-0.6684064197,"NA",0.5,0.5,0,0,1,TRUE,TRUE,TRUE,NA,NA,0,0,0,0,0,8.743006319e-16,3.749587678e-15,7.105427358e-14,0
"AR1_200x40",8,200,40,100,48,20270048,TRUE,40,0,40,0,40,0,40,0,40,0,0.255,0.243,0.248,0,0,0,0,0,0,0,0,0,0,0.09565310507,-25.90607424,-0.6814940986,"1",-0.6814940986,-0.6814940986,-0.6814940986,-0.6814940986,NA,NA,0,0,0,0,0,8.881784197e-16,3.617266064e-15,1.350031198e-13,0.09565310507,-25.90607424,-0.6814940986,-0.6814940986,"1",0.5,0.5,0,0,1,TRUE,TRUE,TRUE,NA,NA,0,0,0,0,0,8.881784197e-16,3.617266064e-15,1.350031198e-13,0.09565310507,-25.90607424,-0.6814940986,-0.6814940986,"1",0.5,0.5,0,0,1,TRUE,TRUE,TRUE,NA,NA,0,0,0,0,0,8.881784197e-16,3.617266064e-15,1.350031198e-13,0.09565310507,-25.90607424,-0.6814940986,-0.6814940986,"NA",0.5,0.5,0,0,1,TRUE,TRUE,TRUE,NA,NA,0,0,0,0,0,8.881784197e-16,3.617266064e-15,1.350031198e-13,0
"AR1_200x40",8,200,40,100,49,20270049,TRUE,40,0,40,0,40,0,40,0,40,0,0.252,0.256,0.253,0,0,0,0,0,0,0,0,0,0,0.08685840849,-25.17994019,-0.6736182043,"1",-0.6736182043,-0.6736182043,-0.6736182043,-0.6736182043,NA,NA,0,0,0,0,0,1.235123115e-15,3.380478686e-15,6.394884622e-14,0.08685840849,-25.17994019,-0.6736182043,-0.6736182043,"1",0.5,0.5,0,0,1,TRUE,TRUE,TRUE,NA,NA,0,0,0,0,0,1.235123115e-15,3.380478686e-15,6.394884622e-14,0.08685840849,-25.17994019,-0.6736182043,-0.6736182043,"1",0.5,0.5,0,0,1,TRUE,TRUE,TRUE,NA,NA,0,0,0,0,0,1.235123115e-15,3.380478686e-15,6.394884622e-14,0.08685840849,-25.17994019,-0.6736182043,-0.6736182043,"NA",0.5,0.5,0,0,1,TRUE,TRUE,TRUE,NA,NA,0,0,0,0,0,1.235123115e-15,3.380478686e-15,6.394884622e-14,0
"AR1_200x40",8,200,40,100,50,20270050,TRUE,40,0,40,0,40,0,40,0,40,0,0.275,0.272,0.238,0,0,0,0,0,0,0,0,0,0,0.06370968635,-27.92023546,-0.7041997196,"6",-0.7041997196,-0.7041997196,-0.7041997196,-0.7041997196,NA,NA,0,0,0,0,0,1.762479052e-15,3.898671753e-15,1.456612608e-13,0.06370968635,-27.92023546,-0.7041997196,-0.7041997196,"6",0.5,0.5,0,0,1,TRUE,TRUE,TRUE,NA,NA,0,0,0,0,0,1.762479052e-15,3.898671753e-15,1.456612608e-13,0.06370968635,-27.92023546,-0.7041997196,-0.7041997196,"6",0.5,0.5,0,0,1,TRUE,TRUE,TRUE,NA,NA,0,0,0,0,0,1.762479052e-15,3.898671753e-15,1.456612608e-13,0.06370968635,-27.92023546,-0.7041997196,-0.7041997196,"NA",0.5,0.5,0,0,1,TRUE,TRUE,TRUE,NA,NA,0,0,0,0,0,1.762479052e-15,3.898671753e-15,1.456612608e-13,0
"CONTD_50x200",9,50,200,25,1,20271001,TRUE,49,50,49,50,49,50,50,0,24,26,1.429,1.311,1.296,0,0,0,0,0,0,0,5,4,4,0.2263333471,-216.8515855,-1.090979862,"5",-1.094291939,-1.090979862,-1.090979862,-1.090979862,0,0.9422222222,5,8,0,3,3,0.0008790965394,0.001033591878,0.6622337335,0.2305248728,-213.6522699,-1.074979332,-1.090588792,"4",1,1,0.3983689786,0.4197812486,0.92,FALSE,FALSE,FALSE,0.2,0.9022222222,0,0,0,0,0,3.580469254e-15,8.814573039e-15,2.643218977e-12,0.2298292774,-214.2443484,-1.077940047,-1.090979862,"5",1,0.5,0.004110316645,0.002984135438,1,TRUE,FALSE,FALSE,0,0.9422222222,0,0,0,0,0,1.970645869e-15,8.168723549e-15,1.392663762e-12,0.2298292774,-214.2443484,-1.077940047,-1.090979862,"NA",1,0.5,0.004110316645,0.002984135438,1,TRUE,FALSE,FALSE,0,0.9422222222,0,0,0,0,0,1.970645869e-15,8.168723549e-15,1.392663762e-12,5
"CONTD_50x200",9,50,200,25,2,20271002,TRUE,49,50,49,50,49,50,50,0,24,26,1.358,1.215,1.588,0,0,0,0,0,0,0,5,4,4,0.228254094,-220.7263217,-1.083092208,"4",-1.096161657,-1.079850404,-1.085358406,-1.082814582,0.4,0.5911111111,5,9,5,5,5,0.003552051109,0.8051558926,2.613079906,0.2266536048,-222.1583813,-1.090252768,-1.084265411,"4",0.2,0.4,0.5473364629,0.4689036532,0.84,FALSE,FALSE,FALSE,0.4,0.6044444444,0,0,0,0,0,1.443289932e-15,8.003711896e-15,1.080024958e-12,0.2297367488,-220.0789309,-1.079850404,-1.085358406,"5",0.8,0.2,0.5552777378,0.478377823,0.84,FALSE,FALSE,FALSE,0.2,0.5955555556,0,0,0,0,0,1.637578961e-15,8.120379913e-15,1.222133506e-12,0.2297367488,-220.0789309,-1.079850404,-1.085358406,"NA",0.8,0.2,0.5552777378,0.478377823,0.84,FALSE,FALSE,FALSE,0.2,0.5955555556,1,1,0,1,1,4.06894531e-05,4.807521649e-05,0.03011866174,5
"CONTD_50x200",9,50,200,25,3,20271003,TRUE,49,50,49,50,49,50,50,0,24,26,1.373,1.278,1.286,0,0,0,0,0,0,0,5,4,4,0.227581461,-217.2785083,-1.0850242,"5",-1.0850242,-1.073322034,-1.0850242,-1.0850242,0.2,0.8044444444,5,10,0,4,4,0.00315297766,0.003710869201,2.339782853,0.2273462951,-217.0440233,-1.083854442,-1.082974947,"2",0.4,1,0.6907490314,0.6452631653,0.76,FALSE,FALSE,FALSE,0.4,0.6666666667,0,0,0,0,0,3.080868893e-15,8.746349127e-15,2.245315045e-12,0.2323261431,-213.7701899,-1.067477706,-1.0850242,"5",1,0.5,0.005584211633,0.004508452382,1,TRUE,FALSE,FALSE,0.2,0.8044444444,0,0,0,0,0,2.248201625e-15,8.192652693e-15,1.165290087e-12,0.2323261431,-213.7701899,-1.067477706,-1.0850242,"NA",1,0.5,0.005584211633,0.004508452382,1,TRUE,FALSE,FALSE,0.2,0.8044444444,0,0,0,0,0,2.248201625e-15,8.192652693e-15,1.165290087e-12,5
"CONTD_50x200",9,50,200,25,4,20271004,TRUE,49,50,49,50,49,50,50,0,24,26,1.394,1.374,1.281,0,0,0,0,0,0,0,5,4,4,0.2279763767,-213.6705627,-1.079488845,"4",-1.083959119,-1.08096818,-1.084490749,-1.080551443,0.2,0.7066666667,5,7,5,5,5,0.0001425096493,0.8935752215,0.895806901,0.2346079852,-209.5975765,-1.059108467,-1.083487248,"2",1,0.2,0.8026232939,0.8069558439,0.64,FALSE,FALSE,FALSE,0.2,0.6355555556,0,0,0,0,0,5.828670879e-15,1.080603652e-14,4.177991286e-12,0.2288066796,-214.0543243,-1.081398179,-1.084490749,"5",0.6,0.1,0.7567256025,0.641841948,0.68,FALSE,FALSE,FALSE,0.4,0.52,0,0,0,0,0,1.693090113e-15,8.097476552e-15,1.051603249e-12,0.2288066796,-214.0543243,-1.081398179,-1.084490749,"NA",0.6,0.1,0.7567256025,0.641841948,0.68,FALSE,FALSE,FALSE,0.4,0.52,0,0,0,0,0,1.693090113e-15,8.097476552e-15,1.051603249e-12,5
"CONTD_50x200",9,50,200,25,5,20271005,TRUE,49,50,49,50,49,50,50,0,24,26,1.413,1.324,1.349,0,0,0,0,0,0,0,5,4,4,0.2175935662,-228.5391931,-1.126225062,"5",-1.13095989,-1.126225062,-1.126225062,-1.126225062,0.4,0.6622222222,5,9,0,1,1,0.001205128715,0.001401885897,0.9467187379,0.2267702377,-221.4637826,-1.090838026,-1.126022015,"4",1,1,0.4954593968,0.5831359362,0.88,FALSE,FALSE,FALSE,0.4,0.6755555556,0,0,0,0,0,7.049916206e-15,1.154167354e-14,5.286437954e-12,0.2163884375,-229.4859118,-1.13095989,-1.126225062,"5",0.1,0.5,0.001401885897,0.001018478264,1,TRUE,FALSE,FALSE,0.4,0.6622222222,0,0,0,0,0,5.689893001e-15,1.033911387e-14,4.519051799e-12,0.2163884375,-229.4859118,-1.13095989,-1.126225062,"NA",0.1,0.5,0.001401885897,0.001018478264,1,TRUE,FALSE,FALSE,0.4,0.6622222222,1,1,0,0,0,5.689893001e-15,1.033911387e-14,4.519051799e-12,5
"CONTD_50x200",9,50,200,25,6,20271006,TRUE,49,50,49,50,49,50,50,0,24,26,1.388,1.258,1.353,0,0,0,0,0,0,0,5,4,4,0.2274789061,-212.611079,-1.089461367,"5",-1.089461367,-1.071060145,-1.089461367,-1.089461367,0,0.8488888889,5,8,0,2,2,0.004974975538,0.005847567946,3.679186339,0.236524892,-205.9963041,-1.056377285,-1.08953361,"4",1,0,0.3943926895,0.5131273657,0.92,FALSE,FALSE,FALSE,0,0.8533333333,0,0,0,0,0,3.691491557e-15,9.023769739e-15,2.899014362e-12,0.2266103418,-213.2620157,-1.092716968,-1.089461367,"5",0,0.5,0.001020907278,0.0009762204717,1,TRUE,FALSE,FALSE,0,0.8488888889,0,0,0,0,0,8.076872504e-15,1.225029229e-14,6.082245818e-12,0.2266103418,-213.2620157,-1.092716968,-1.089461367,"NA",0,0.5,0.001020907278,0.0009762204717,1,TRUE,FALSE,FALSE,0,0.8488888889,5,5,0,0,0,8.076872504e-15,1.225029229e-14,6.082245818e-12,5
"CONTD_50x200",9,50,200,25,7,20271007,TRUE,49,50,49,50,49,50,50,0,24,26,1.448,1.323,1.305,0,0,0,0,0,0,0,5,4,4,0.2257207898,-221.2007628,-1.09545712,"5",-1.097784993,-1.092206494,-1.092940102,-1.091669128,0,0.8355555556,5,10,5,5,5,0.001342497014,0.7071371698,0.65137512,0.2289859167,-218.6451113,-1.082676908,-1.094897442,"4",1,0,0.5027625777,0.561057262,0.88,FALSE,FALSE,FALSE,0,0.8311111111,0,0,0,0,0,5.162537065e-15,1.020080879e-14,4.064304449e-12,0.2256906631,-221.1112503,-1.095011054,-1.094897442,"4",0.6,0,0.5037871287,0.5627495357,0.88,FALSE,FALSE,FALSE,0,0.8311111111,0,0,0,0,0,2.942091015e-15,8.689258813e-15,2.01794137e-12,0.2256906631,-221.1112503,-1.095011054,-1.094897442,"NA",0.6,0,0.5037871287,0.5627495357,0.88,FALSE,FALSE,FALSE,0,0.8311111111,3,3,3,0,3,2.942091015e-15,0.6878813662,0.2044494799,5
"CONTD_50x200",9,50,200,25,8,20271008,TRUE,49,50,49,50,49,50,50,0,24,26,1.469,1.407,1.405,0,0,0,0,0,0,0,5,4,4,0.2295194162,-212.4046302,-1.078925318,"5",-1.08781397,-1.064836231,-1.078925318,-1.078925318,0.2,0.72,5,10,0,5,5,0.003835189147,0.004524385882,2.817014745,0.2351177465,-208.3727904,-1.058758262,-1.079245097,"4",1,0,0.621278774,0.5064740731,0.8,FALSE,FALSE,FALSE,0.2,0.7644444444,0,0,0,0,0,5.467848396e-15,1.018896963e-14,4.00746103e-12,0.2317549962,-210.8208612,-1.071002181,-1.079245097,"4",0.6,0,0.6226694609,0.5072808636,0.8,FALSE,FALSE,FALSE,0.2,0.7644444444,0,0,0,0,0,1.831867991e-15,8.414243395e-15,1.278976924e-12,0.2324970969,-210.2132522,-1.067965315,-1.078925318,"NA",0.6,0.5,0.003512780288,0.002916997906,1,TRUE,FALSE,FALSE,0.2,0.72,2,2,1,2,2,0.004255909731,0.6234922783,3.141190619,5
"CONTD_50x200",9,50,200,25,9,20271009,TRUE,49,50,49,50,49,50,50,0,24,26,1.146,1.052,1.052,0,0,0,0,0,0,0,5,4,4,0.2250601488,-220.1174811,-1.095234336,"5",-1.102871352,-1.095234336,-1.095234336,-1.095234336,0.2,0.7822222222,5,10,0,1,1,0.002009960346,0.002356743735,1.52699279,0.2310279003,-215.5219446,-1.072251523,-1.094513548,"4",1,1,0.4880065145,0.4526043994,0.88,FALSE,FALSE,FALSE,0,0.8266666667,0,0,0,0,0,2.969846591e-15,8.795216133e-15,1.790567694e-12,0.2230501885,-221.6444739,-1.102871352,-1.095234336,"5",0.1,0.5,0.002356743735,0.002069466829,1,TRUE,FALSE,FALSE,0.2,0.7822222222,0,0,0,0,0,5.63438185e-15,1.026089293e-14,4.604316928e-12,0.2230501885,-221.6444739,-1.102871352,-1.095234336,"NA",0.1,0.5,0.002356743735,0.002069466829,1,TRUE,FALSE,FALSE,0.2,0.7822222222,0,0,0,0,0,5.63438185e-15,1.026089293e-14,4.604316928e-12,5
"CONTD_50x200",9,50,200,25,10,20271010,TRUE,49,50,49,50,49,50,50,0,24,26,1.615,1.574,1.45,0,0,0,0,0,0,0,5,4,4,0.2197162621,-226.7758182,-1.115002214,"5",-1.115002214,-1.11410529,-1.115002214,-1.113187995,0.4,0.5688888889,5,10,2,2,2,0.0002364569356,0.5754078595,0.1801736431,0.2332612134,-216.4544435,-1.063382545,-1.114284707,"4",1,0.6,0.4047522831,0.6031813821,0.92,FALSE,FALSE,FALSE,0,0.7288888889,0,0,0,0,0,3.191891196e-15,9.130010841e-15,2.188471626e-12,0.2200345251,-226.5292425,-1.113769014,-1.115002214,"5",1,0.3,0.0003712520269,0.0003064898839,1,TRUE,FALSE,FALSE,0.4,0.5688888889,0,0,0,0,0,2.636779683e-15,8.804128529e-15,1.847411113e-12,0.2200345251,-226.5292425,-1.113769014,-1.115002214,"NA",1,0.3,0.0003712520269,0.0003064898839,1,TRUE,FALSE,FALSE,0.4,0.5688888889,1,1,0,1,1,0.01006692988,0.01174697315,7.613341304,5
"CONTD_50x200",9,50,200,25,11,20271011,TRUE,49,50,49,50,49,50,50,0,24,26,1.465,1.491,1.404,0,0,0,0,0,0,0,5,4,4,0.2152874841,-231.5902926,-1.133371751,"5",-1.133371751,-1.13079547,-1.133371751,-1.133371751,0.4,0.6,5,7,0,1,1,0.0006514761368,0.0007556881112,0.515125339,0.2210398116,-227.0514719,-1.110672023,-1.133144496,"4",1,1,0.2769523136,0.3263547046,0.96,FALSE,FALSE,FALSE,0.4,0.6222222222,0,0,0,0,0,2.164934898e-15,8.299875895e-15,2.415845302e-12,0.220003057,-227.8977211,-1.114904137,-1.133371751,"5",1,0.5,0.005469889347,0.004662479502,1,TRUE,FALSE,FALSE,0.4,0.6,0,0,0,0,0,6.356026816e-15,1.088586099e-14,4.746425475e-12,0.220003057,-227.8977211,-1.114904137,-1.133371751,"NA",1,0.5,0.005469889347,0.004662479502,1,TRUE,FALSE,FALSE,0.4,0.6,0,0,0,0,0,6.356026816e-15,1.088586099e-14,4.746425475e-12,5
"CONTD_50x200",9,50,200,25,12,20271012,TRUE,49,50,49,50,49,50,50,0,24,26,1.393,1.268,1.728,0,0,0,0,0,0,0,5,4,4,0.2299075349,-211.9825793,-1.076764884,"5",-1.096218672,-1.076764884,-1.076764884,-1.076764884,0,0.8844444444,5,10,0,3,3,0.005196846934,0.006141645461,3.889678783,0.2272648812,-213.9805949,-1.086757197,-1.076922494,"4",0.2,0,0.3002492264,0.3790730043,0.96,FALSE,FALSE,FALSE,0,0.8933333333,0,0,0,0,0,1.526556659e-15,8.245117102e-15,1.136868377e-12,0.2269955943,-214.1506405,-1.087608219,-1.076764884,"5",0.2,0.5,0.003441337912,0.003136529596,1,TRUE,FALSE,FALSE,0,0.8844444444,0,0,0,0,0,1.693090113e-15,8.163446318e-15,1.165290087e-12,0.2269955943,-214.1506405,-1.087608219,-1.076764884,"NA",0.2,0.5,0.003441337912,0.003136529596,1,TRUE,FALSE,FALSE,0,0.8844444444,4,4,0,1,1,0.001867144979,0.002199737088,1.405485839,5
"CONTD_50x200",9,50,200,25,13,20271013,TRUE,49,50,49,50,49,50,50,0,24,26,1.379,1.308,1.357,0,0,0,0,0,0,0,5,4,4,0.2256198198,-220.0986101,-1.095627965,"5",-1.095627965,-1.086264171,-1.095627965,-1.095627965,0.2,0.6666666667,5,8,0,4,4,0.002496099405,0.002931584921,1.872231009,0.2344799811,-213.3814695,-1.062034252,-1.094794873,"4",1,1,0.3926967214,0.4251737126,0.92,FALSE,FALSE,FALSE,0.2,0.6933333333,0,0,0,0,0,4.857225733e-15,9.409121519e-15,3.296918294e-12,0.227987347,-218.3222933,-1.086743879,-1.095627965,"5",0.8,0.5,0.00278058118,0.002582425671,1,TRUE,FALSE,FALSE,0.2,0.6666666667,0,0,0,0,0,4.163336342e-15,9.016151173e-15,2.870592652e-12,0.2262657306,-219.612073,-1.093194598,-1.095627965,"NA",0.2,0.5,0.0007586004583,0.0007045395083,1,TRUE,FALSE,FALSE,0.2,0.6666666667,2,2,0,2,2,0.001721616468,0.00202336498,1.289779757,5
"CONTD_50x200",9,50,200,25,14,20271014,TRUE,49,50,49,50,49,50,50,0,24,26,1.393,1.293,1.301,0,0,0,0,0,0,0,5,4,4,0.2245091569,-216.8816504,-1.097677293,"5",-1.09670585,-1.08731102,-1.097677293,-1.097677293,0.2,0.6577777778,5,10,0,5,5,0.002751413231,0.003221839206,2.072689337,0.2192385585,-220.9285325,-1.117916589,-1.097683795,"4",0,0,0.4126417011,0.4770918865,0.92,FALSE,FALSE,FALSE,0.2,0.6622222222,0,0,0,0,0,3.552713679e-15,8.406926809e-15,2.842170943e-12,0.2276576321,-214.513366,-1.085832131,-1.097683795,"4",1,0,0.410370575,0.4722155834,0.92,FALSE,FALSE,FALSE,0.2,0.6622222222,0,0,0,0,0,4.024558464e-15,9.409629462e-15,2.188471626e-12,0.2276576321,-214.513366,-1.085832131,-1.097683795,"NA",1,0,0.410370575,0.4722155834,0.92,FALSE,FALSE,FALSE,0.2,0.6622222222,0,0,0,0,0,4.024558464e-15,9.409629462e-15,2.188471626e-12,5
"CONTD_50x200",9,50,200,25,15,20271015,TRUE,49,50,49,50,49,50,50,0,24,26,1.416,1.304,1.333,0,0,0,0,0,0,0,5,4,4,0.2247800725,-224.271563,-1.095522705,"5",-1.101641868,-1.095522705,-1.095522705,-1.095522705,0.2,0.6933333333,5,10,0,1,1,0.001609885703,0.001888316047,1.223504083,0.2260466676,-223.3153608,-1.090740399,-1.095522705,"4",1,0.5,0.001485653271,0.001350403809,1,TRUE,FALSE,FALSE,0.2,0.6933333333,0,0,0,0,0,2.525757381e-15,8.366862863e-15,2.046363079e-12,0.221782658,-226.5569828,-1.106952857,-1.095522705,"4|5",0,0.5,0.00351581838,0.003195748716,1,TRUE,FALSE,FALSE,0.2,0.6933333333,0,0,0,0,0,1.776356839e-15,8.030830684e-15,1.818989404e-12,0.221782658,-226.5569828,-1.106952857,-1.095522705,"NA",0,0.5,0.00351581838,0.003195748716,1,TRUE,FALSE,FALSE,0.2,0.6933333333,1,1,0,0,0,1.776356839e-15,8.030830684e-15,1.818989404e-12,5
"CONTD_50x200",9,50,200,25,16,20271016,TRUE,49,50,49,50,49,50,50,0,24,26,1.486,1.23,1.315,0,0,0,0,0,0,0,5,4,4,0.2453320537,-208.8375517,-1.021861511,"5",-1.035166753,-1.021861511,-1.021861511,-1.021861511,0.4,0.5466666667,5,9,0,2,2,0.003817909,0.004595461102,2.660223064,0.2382039772,-213.7206247,-1.046286321,-1.021267607,"4",0,1,0.53636148,0.4970870244,0.84,FALSE,FALSE,FALSE,0.4,0.5777777778,0,0,0,0,0,3.108624469e-15,8.691296436e-15,2.046363079e-12,0.2415141447,-211.4977748,-1.035166753,-1.021861511,"5",0.1,0.5,0.004595461102,0.004131798394,1,TRUE,FALSE,FALSE,0.4,0.5466666667,0,0,0,0,0,1.304512054e-15,8.117150528e-15,7.105427358e-13,0.2415141447,-211.4977748,-1.035166753,-1.021861511,"NA",0.1,0.5,0.004595461102,0.004131798394,1,TRUE,FALSE,FALSE,0.4,0.5466666667,2,2,0,0,0,1.304512054e-15,8.117150528e-15,7.105427358e-13,5
"CONTD_50x200",9,50,200,25,17,20271017,TRUE,49,50,49,50,49,50,50,0,24,26,1.335,1.314,1.394,0,0,0,0,0,0,0,5,4,4,0.2227634456,-218.6643756,-1.106258311,"5",-1.106258311,-1.083481234,-1.106258311,-1.106258311,0,0.84,5,9,0,4,4,0.006041457797,0.007063624029,4.554149406,0.2288049034,-213.7723501,-1.08179548,-1.104569478,"4",1,1,0.5042009079,0.4917701433,0.88,FALSE,FALSE,FALSE,0.2,0.8,0,0,0,0,0,2.997602166e-15,8.621166588e-15,1.762145985e-12,0.2288049034,-214.1102261,-1.083481234,-1.106258311,"5",0.8,0.5,0.007063624029,0.006204097782,1,TRUE,FALSE,FALSE,0,0.84,0,0,0,0,0,2.997602166e-15,8.700079594e-15,1.904254532e-12,0.2288049034,-214.1102261,-1.083481234,-1.106258311,"NA",0.8,0.5,0.007063624029,0.006204097782,1,TRUE,FALSE,FALSE,0,0.84,0,0,0,0,0,2.997602166e-15,8.700079594e-15,1.904254532e-12,5
"CONTD_50x200",9,50,200,25,18,20271018,TRUE,49,50,49,50,49,50,50,0,24,26,1.401,1.281,1.304,0,0,0,0,0,0,0,5,4,4,0.2287910299,-212.0838402,-1.082599918,"5",-1.094269384,-1.091018738,-1.082599918,-1.082599918,0,0.8311111111,5,10,0,5,5,0.003116265317,0.003666859922,2.333243094,0.2263817912,-213.7765057,-1.091066948,-1.082060159,"4",0.8,1,0.3902135516,0.6468841933,0.92,FALSE,FALSE,FALSE,0,0.8755555556,0,0,0,0,0,5.107025913e-15,9.662632706e-15,3.893774192e-12,0.2265708739,-213.7427138,-1.090896604,-1.082599918,"5",1,0.5,0.002612422401,0.002493669377,1,TRUE,FALSE,FALSE,0,0.8311111111,0,0,0,0,0,2.47024623e-15,8.185350723e-15,1.932676241e-12,0.2265708739,-213.7427138,-1.090896604,-1.082599918,"NA",1,0.5,0.002612422401,0.002493669377,1,TRUE,FALSE,FALSE,0,0.8311111111,0,0,0,0,0,2.47024623e-15,8.185350723e-15,1.932676241e-12,5
"CONTD_50x200",9,50,200,25,19,20271019,TRUE,49,50,49,50,49,50,50,0,24,26,1.343,1.263,1.296,0,0,0,0,0,0,0,5,4,4,0.2248309455,-216.6248068,-1.097227879,"5",-1.113782191,-1.097227879,-1.097227879,-1.097227879,0.4,0.6755555556,5,10,0,3,3,0.004328159328,0.00507598287,3.30996825,0.2248309455,-216.6015635,-1.09711203,-1.09711203,"4",1,1,0.2796884416,0.2695544446,0.96,FALSE,FALSE,TRUE,0.2,0.7288888889,0,0,0,0,0,4.413136523e-15,9.548423564e-15,3.467448551e-12,0.2246263332,-216.7797839,-1.098002977,-1.097227879,"5",0.6,0.5,0.0002399654117,0.0001995053248,1,TRUE,FALSE,FALSE,0.4,0.6755555556,0,0,0,0,0,2.331468352e-15,8.463414488e-15,1.847411113e-12,0.2246263332,-216.7797839,-1.098002977,-1.097227879,"NA",0.6,0.5,0.0002399654117,0.0001995053248,1,TRUE,FALSE,FALSE,0.4,0.6755555556,3,3,0,2,2,0.000142141988,0.0001666652921,0.1076765441,5
"CONTD_50x200",9,50,200,25,20,20271020,TRUE,49,50,49,50,49,50,50,0,24,26,1.357,1.708,1.449,0,0,0,0,0,0,0,5,4,4,0.2248124671,-223.8792789,-1.095916378,"5",-1.094174316,-1.094174316,-1.095916378,-1.095916378,0.4,0.6577777778,5,10,0,5,5,0.0004605582569,0.0005412216323,0.3483171523,0.2255547225,-223.3009771,-1.09302396,-1.095829728,"4",1,1,0.2799161932,0.3184838747,0.96,FALSE,FALSE,FALSE,0.2,0.7155555556,0,0,0,0,0,9.436895709e-16,8.045102863e-15,8.242295735e-13,0.2245752793,-224.0589527,-1.096814992,-1.095916378,"5",0,0.5,0.0002787294877,0.0002545815068,1,TRUE,FALSE,FALSE,0.4,0.6577777778,0,0,0,0,0,1.304512054e-15,8.155371061e-15,9.663381206e-13,0.2245752793,-224.0589527,-1.096814992,-1.095916378,"NA",0,0.5,0.0002787294877,0.0002545815068,1,TRUE,FALSE,FALSE,0.4,0.6577777778,0,0,0,0,0,1.304512054e-15,8.155371061e-15,9.663381206e-13,5
"CONTD_50x200",9,50,200,25,21,20271021,TRUE,49,50,49,50,49,50,50,0,24,26,1.377,1.28,1.286,0,0,0,0,0,0,0,5,4,4,0.2168736911,-222.3150727,-1.127351068,"5",-1.131548379,-1.096055808,-1.127351068,-1.127351068,0.2,0.7155555556,5,10,0,5,5,0.008115837495,0.009427341257,6.257399668,0.2340666419,-209.3320271,-1.062418169,-1.127351068,"4",1,0.5,0.01997129861,0.02018445438,1,TRUE,FALSE,FALSE,0.2,0.7155555556,0,0,0,0,0,3.053113318e-15,8.738660199e-15,1.705302566e-12,0.2157294276,-223.2168702,-1.13186121,-1.127351068,"4|5",0,0.5,0.001329174335,0.001343360752,1,TRUE,FALSE,FALSE,0.2,0.7155555556,0,0,0,0,0,5.023759186e-15,9.654869242e-15,3.922195901e-12,0.225712013,-215.5120691,-1.093327046,-1.127351068,"NA",1,0.5,0.01026657773,0.01037615399,1,TRUE,FALSE,FALSE,0.2,0.7155555556,5,5,2,5,5,0.009982585421,0.5693467984,7.704801132,5
"CONTD_50x200",9,50,200,25,22,20271022,TRUE,49,50,49,50,49,50,50,0,24,26,1.402,1.26,1.292,0,0,0,0,0,0,0,5,4,4,0.2228051676,-221.0785312,-1.102178817,"4",-1.099309883,-1.093912691,-1.102800534,-1.101698532,0.4,0.5244444444,5,10,5,5,5,0.002047079737,0.8182312996,1.652921051,0.2277410705,-217.9917435,-1.086733897,-1.105386826,"4",1,0,0.7367991019,0.8292423632,0.72,FALSE,FALSE,FALSE,0.4,0.5111111111,0,0,0,0,0,9.714451465e-16,8.035722617e-15,9.379164112e-13,0.2278726986,-218.109155,-1.087318598,-1.106464754,"5",1,0,0.680404561,0.6288749275,0.76,FALSE,FALSE,FALSE,0.4,0.5022222222,0,0,0,0,0,7.494005416e-16,8.10708628e-15,6.536993169e-13,0.2278726986,-218.109155,-1.087318598,-1.106464754,"NA",1,0,0.680404561,0.6288749275,0.76,FALSE,FALSE,FALSE,0.4,0.5022222222,0,0,0,0,0,8.049116929e-16,8.10708628e-15,6.536993169e-13,5
"CONTD_50x200",9,50,200,25,23,20271023,TRUE,49,50,49,50,49,50,50,0,24,26,1.343,1.283,1.345,0,0,0,0,0,0,0,5,4,4,0.2219763484,-224.6111148,-1.108166413,"5",-1.112386707,-1.108166413,-1.108166413,-1.108166413,0.2,0.64,5,9,0,1,1,0.001097022064,0.001285123959,0.8438320183,0.22586419,-221.6381007,-1.093297466,-1.10808113,"4",1,1,0.4030236632,0.5583186111,0.92,FALSE,FALSE,FALSE,0.4,0.5911111111,0,0,0,0,0,3.497202528e-15,8.869936993e-15,2.728484105e-12,0.2230469291,-223.7917984,-1.104068723,-1.108166413,"5",1,0.5,0.001254148748,0.0008466810646,1,TRUE,FALSE,FALSE,0.2,0.64,0,0,0,0,0,2.609024108e-15,8.645293797e-15,2.245315045e-12,0.2230469291,-223.7917984,-1.104068723,-1.108166413,"NA",1,0.5,0.001254148748,0.0008466810646,1,TRUE,FALSE,FALSE,0.2,0.64,0,0,0,0,0,2.609024108e-15,8.645293797e-15,2.245315045e-12,5
"CONTD_50x200",9,50,200,25,24,20271024,TRUE,49,50,49,50,49,50,50,0,24,26,1.36,1.327,1.31,0,0,0,0,0,0,0,5,4,4,0.2172982855,-218.9873184,-1.124610355,"5",-1.114079515,-1.109569766,-1.124610355,-1.124610355,0.2,0.6933333333,5,10,0,5,5,0.003869780889,0.004498148916,3.007337002,0.2335920497,-206.5657864,-1.062487716,-1.124022542,"4",1,1,0.3974381821,0.4951313987,0.92,FALSE,FALSE,FALSE,0.2,0.6933333333,0,0,0,0,0,2.553512957e-15,8.622505864e-15,1.705302566e-12,0.2161595831,-219.882862,-1.129089216,-1.124610355,"5",0,0.5,0.001323602825,0.001304866103,1,TRUE,FALSE,FALSE,0.2,0.6933333333,0,0,0,0,0,1.665334537e-15,8.169935301e-15,1.307398634e-12,0.2161595831,-219.882862,-1.129089216,-1.124610355,"NA",0,0.5,0.001323602825,0.001304866103,1,TRUE,FALSE,FALSE,0.2,0.6933333333,0,0,0,0,0,1.665334537e-15,8.169935301e-15,1.307398634e-12,5
"CONTD_50x200",9,50,200,25,25,20271025,TRUE,49,50,49,50,49,50,50,0,24,26,1.373,1.303,1.314,0,0,0,0,0,0,0,5,4,4,0.2245270533,-216.8609764,-1.099671287,"5",-1.110351744,-1.098478714,-1.099671287,-1.097889743,0.2,0.8133333333,5,10,2,3,3,0.003025188064,0.6302218674,2.135293188,0.2354452597,-208.7173806,-1.058941389,-1.099325988,"4",1,0.6,0.4941549943,0.4806044727,0.88,FALSE,FALSE,FALSE,0,0.8533333333,0,0,0,0,0,7.771561172e-16,8.062979348e-15,7.389644452e-13,0.232201999,-211.1435051,-1.071075858,-1.099671287,"5",1,0.3,0.008994564424,0.006596890679,1,TRUE,FALSE,FALSE,0.2,0.8133333333,0,0,0,0,0,1.526556659e-15,8.228357635e-15,1.5063506e-12,0.232201999,-211.1435051,-1.071075858,-1.099671287,"NA",1,0.3,0.008994564424,0.006596890679,1,TRUE,FALSE,FALSE,0.2,0.8133333333,0,0,0,0,0,1.526556659e-15,8.228357635e-15,1.5063506e-12,5
"CONTD_50x200",9,50,200,25,26,20271026,TRUE,49,50,49,50,49,50,50,0,24,26,1.47,1.485,1.331,0,0,0,0,0,0,0,5,4,4,0.2290469672,-222.6717483,-1.081964375,"5",-1.098053938,-1.078616809,-1.081964375,-1.080093093,0.6,0.5244444444,5,10,3,4,4,0.004783790358,0.6839757978,3.216417718,0.2303003899,-221.6921791,-1.077065127,-1.081706942,"4",1,0.4,0.277294882,0.3295769011,0.96,FALSE,FALSE,FALSE,0.6,0.5288888889,0,0,0,0,0,2.248201625e-15,8.318035516e-15,1.818989404e-12,0.2290469672,-222.6717483,-1.081964375,-1.081964375,"5",0.7,0.2,2.532173596e-15,1.998401444e-15,1,TRUE,FALSE,FALSE,0.6,0.5244444444,0,0,0,0,0,4.635181128e-15,9.631276533e-15,3.581135388e-12,0.2290469672,-222.6717483,-1.081964375,-1.081964375,"NA",0.7,0.2,2.532173596e-15,1.998401444e-15,1,TRUE,FALSE,FALSE,0.6,0.5244444444,0,0,0,0,0,4.635181128e-15,9.631276533e-15,3.581135388e-12,5
"CONTD_50x200",9,50,200,25,27,20271027,TRUE,49,50,49,50,49,50,50,0,24,26,1.16,1.07,1.11,0,0,0,0,0,0,0,5,4,4,0.2252946431,-218.6775681,-1.097885463,"5",-1.101698185,-1.072617299,-1.097885463,-1.097885463,0.2,0.7111111111,5,10,0,5,5,0.006791354859,0.007969455295,5.052182169,0.224319351,-219.3370162,-1.10118385,-1.097490085,"4",0.2,1,0.4103337478,0.3887344781,0.92,FALSE,FALSE,FALSE,0.2,0.7333333333,0,0,0,0,0,2.942091015e-15,8.686945237e-15,2.103206498e-12,0.2253187328,-218.6593681,-1.097794437,-1.097885463,"5",0.2,0.5,2.826863451e-05,2.097413405e-05,1,TRUE,FALSE,FALSE,0.2,0.7111111111,0,0,0,0,0,2.831068713e-15,8.702162258e-15,1.847411113e-12,0.2253187328,-218.6593681,-1.097794437,-1.097885463,"NA",0.2,0.5,2.826863451e-05,2.097413405e-05,1,TRUE,FALSE,FALSE,0.2,0.7111111111,2,2,0,0,0,2.831068713e-15,8.702162258e-15,1.847411113e-12,5
"CONTD_50x200",9,50,200,25,28,20271028,TRUE,49,50,49,50,49,50,50,0,24,26,1.04,1.01,1.053,0,0,0,0,0,0,0,5,4,4,0.2218725362,-223.693776,-1.10744057,"2",-1.10744057,-1.107255174,-1.10744057,-1.10744057,0.2,0.7333333333,5,7,0,4,4,4.830115008e-05,5.64592272e-05,0.03706942703,0.228920356,-218.3373906,-1.080653105,-1.107268252,"4",1,1,0.621632175,0.5457012681,0.8,FALSE,FALSE,FALSE,0.2,0.7644444444,0,0,0,0,0,1.970645869e-15,8.384573981e-15,1.051603249e-12,0.2219208374,-223.6270403,-1.107108847,-1.107294229,"5",1,1,0.560124646,0.5027097485,0.84,FALSE,FALSE,FALSE,0.2,0.7511111111,0,0,0,0,0,2.02615702e-15,8.390594316e-15,1.5063506e-12,0.2219208374,-223.6270403,-1.107108847,-1.107294229,"NA",1,1,0.560124646,0.5027097485,0.84,FALSE,FALSE,FALSE,0.2,0.7511111111,1,1,0,1,1,3.068308284e-05,3.581995356e-05,0.02354210298,5
"CONTD_50x200",9,50,200,25,29,20271029,TRUE,49,50,49,50,49,50,50,0,24,26,1.081,1.002,1.032,0,0,0,0,0,0,0,5,4,4,0.2261055511,-217.2387161,-1.091779115,"5",-1.09664695,-1.084065563,-1.091779115,-1.091779115,0.4,0.4,5,8,0,3,3,0.002059045822,0.002418205827,1.542283432,0.2306872192,-213.8046328,-1.074603303,-1.091669096,"4",1,1,0.4086794297,0.6030764832,0.92,FALSE,FALSE,FALSE,0.6,0.3422222222,0,0,0,0,0,8.881784197e-16,8.012784336e-15,2.273736754e-13,0.2248161138,-218.2120167,-1.09664695,-1.091779115,"5",0.1,0.5,0.001514354277,0.001181174605,1,TRUE,FALSE,FALSE,0.4,0.4,0,0,0,0,0,2.664535259e-15,8.312200469e-15,1.904254532e-12,0.2248161138,-218.2120167,-1.09664695,-1.091779115,"NA",0.1,0.5,0.001514354277,0.001181174605,1,TRUE,FALSE,FALSE,0.4,0.4,0,0,0,0,0,2.664535259e-15,8.312200469e-15,1.904254532e-12,5
"CONTD_50x200",9,50,200,25,30,20271030,TRUE,49,50,49,50,49,50,50,0,24,26,1.09,1.042,0.989,0,0,0,0,0,0,0,5,4,4,0.2227550308,-215.264154,-1.106463714,"5",-1.116501907,-1.098708689,-1.106463714,-1.106463714,0.4,0.6044444444,5,9,0,3,3,0.002609493916,0.003050540157,2.007096858,0.2209654489,-216.6614493,-1.113451968,-1.106581072,"4",0.2,0,0.4043701429,0.4520803649,0.92,FALSE,FALSE,FALSE,0.2,0.6311111111,0,0,0,0,0,1.10467191e-14,1.492676474e-14,8.014922059e-12,0.2168770358,-219.8439468,-1.12936868,-1.106581072,"4",0,0,0.4054855811,0.4525713053,0.92,FALSE,FALSE,FALSE,0.2,0.6311111111,0,0,0,0,0,4.718447855e-15,9.793332388e-15,3.353761713e-12,0.2168770358,-219.8439468,-1.12936868,-1.106581072,"NA",0,0,0.4054855811,0.4525713053,0.92,FALSE,FALSE,FALSE,0.2,0.6311111111,0,0,0,0,0,4.718447855e-15,9.793332388e-15,3.353761713e-12,5
"CONTD_50x200",9,50,200,25,31,20271031,TRUE,49,50,49,50,49,50,50,0,24,26,1.094,1.015,0.971,0,0,0,0,0,0,0,5,4,4,0.2295495415,-219.1186529,-1.078186644,"5",-1.087443759,-1.082177056,-1.078186644,-1.077137462,0,0.8355555556,5,10,1,5,5,0.00272014505,0.6514977068,1.850909697,0.2271083044,-220.5587073,-1.085391718,-1.076297439,"1",0.4,1,0.7196088266,0.7315420551,0.76,FALSE,FALSE,FALSE,0,0.8844444444,0,0,0,0,0,1.804112415e-15,8.191709408e-15,1.193711796e-12,0.2278474672,-220.4661557,-1.084924265,-1.078593337,"4",0.6,0,0.4280173244,0.6241485476,0.92,FALSE,FALSE,FALSE,0,0.8577777778,0,0,0,0,0,2.303712776e-15,8.080339915e-15,1.591615728e-12,0.2278474672,-220.4661557,-1.084924265,-1.078593337,"NA",0.6,0,0.4280173244,0.6241485476,0.92,FALSE,FALSE,FALSE,0,0.8577777778,0,0,0,0,0,2.303712776e-15,8.080339915e-15,1.591615728e-12,5
"CONTD_50x200",9,50,200,25,32,20271032,TRUE,49,50,49,50,49,50,50,0,24,26,1.081,1.017,1.009,0,0,0,0,0,0,0,5,4,4,0.2391291475,-209.4151983,-1.043812284,"5",-1.043812284,-1.040306678,-1.043812284,-1.043812284,0.2,0.5911111111,5,10,0,1,1,0.0009896028547,0.001179343539,0.7009108831,0.2394170727,-209.1212613,-1.042341046,-1.043362615,"1",0.8,1,0.6787289325,0.5376402583,0.76,FALSE,FALSE,FALSE,0.6,0.4755555556,0,0,0,0,0,2.553512957e-15,8.535745934e-15,1.790567694e-12,0.2411432704,-207.9918244,-1.036693272,-1.043812284,"5",1,0.5,0.002400299062,0.001968815965,1,TRUE,FALSE,FALSE,0.2,0.5911111111,0,0,0,0,0,4.413136523e-15,9.666384458e-15,3.0127012e-12,0.2411432704,-207.9918244,-1.036693272,-1.043812284,"NA",1,0.5,0.002400299062,0.001968815965,1,TRUE,FALSE,FALSE,0.2,0.5911111111,0,0,0,0,0,4.413136523e-15,9.666384458e-15,3.0127012e-12,5
"CONTD_50x200",9,50,200,25,33,20271033,TRUE,49,50,49,50,49,50,50,0,24,26,1.084,0.959,1.019,0,0,0,0,0,0,0,5,4,4,0.2247904053,-217.3890997,-1.097293663,"5",-1.097293663,-1.097293663,-1.097293663,-1.097293663,0.6,0.4355555556,5,10,0,0,0,2.137179322e-15,8.553160585e-15,1.108446668e-12,0.2261950173,-216.2781871,-1.091737975,-1.097039945,"4",1,1,0.4845376817,0.5355729488,0.88,FALSE,FALSE,FALSE,0.6,0.4044444444,0,0,0,0,0,1.887379142e-15,8.193818052e-15,1.165290087e-12,0.2214638252,-219.9275862,-1.10998953,-1.097293663,"5",0,0.5,0.003900514707,0.003419823456,1,TRUE,FALSE,FALSE,0.6,0.4355555556,0,0,0,0,0,6.133982211e-15,1.114428895e-14,4.348521543e-12,0.2214638252,-219.9275862,-1.10998953,-1.097293663,"NA",0,0.5,0.003900514707,0.003419823456,1,TRUE,FALSE,FALSE,0.6,0.4355555556,0,0,0,0,0,6.133982211e-15,1.114428895e-14,4.348521543e-12,5
"CONTD_50x200",9,50,200,25,34,20271034,TRUE,49,50,49,50,49,50,50,0,24,26,1.102,1.036,1.005,0,0,0,0,0,0,0,5,4,4,0.2253792404,-220.7989537,-1.096026449,"5",-1.102542529,-1.094200829,-1.096026449,-1.096026449,0.6,0.4844444444,5,10,0,5,5,0.001718241854,0.002019323903,1.302853988,0.2272474229,-219.1226282,-1.087646702,-1.094671911,"4",1,1,0.2691974758,0.2923570121,0.96,FALSE,FALSE,FALSE,0.4,0.5911111111,0,0,0,0,0,3.885780586e-15,9.253094384e-15,2.98427949e-12,0.223726641,-222.0518431,-1.102292637,-1.096026449,"5",0.4,0.5,0.00194217912,0.001476215366,1,TRUE,FALSE,FALSE,0.6,0.4844444444,0,0,0,0,0,4.440892099e-16,7.992917688e-15,7.389644452e-13,0.223726641,-222.0518431,-1.102292637,-1.096026449,"NA",0.4,0.5,0.00194217912,0.001476215366,1,TRUE,FALSE,FALSE,0.6,0.4844444444,0,0,0,0,0,4.440892099e-16,7.992917688e-15,7.389644452e-13,5
"CONTD_50x200",9,50,200,25,35,20271035,TRUE,49,50,49,50,49,50,50,0,24,26,0.987,0.958,0.971,0,0,0,0,0,0,0,5,4,4,0.2137739398,-225.4604935,-1.141914924,"5",-1.145086323,-1.135683919,-1.141914924,-1.141914924,0.4,0.5511111111,5,10,0,3,3,0.001567328665,0.001817386035,1.245878029,0.2177814445,-222.252747,-1.125872305,-1.141711029,"4",1,1,0.404318314,0.58737888,0.92,FALSE,FALSE,FALSE,0.6,0.4888888889,0,0,0,0,0,2.192690474e-15,8.372205337e-15,1.932676241e-12,0.2166776878,-223.1597107,-1.130408013,-1.141914924,"5",1,0.5,0.003367022654,0.00260196819,1,TRUE,FALSE,FALSE,0.4,0.5511111111,0,0,0,0,0,2.609024108e-15,8.618647567e-15,2.216893336e-12,0.2166776878,-223.1597107,-1.130408013,-1.141914924,"NA",1,0.5,0.003367022654,0.00260196819,1,TRUE,FALSE,FALSE,0.4,0.5511111111,0,0,0,0,0,2.609024108e-15,8.618647567e-15,2.216893336e-12,5
"CONTD_50x200",9,50,200,25,36,20271036,TRUE,49,50,49,50,49,50,50,0,24,26,1.007,0.942,1.009,0,0,0,0,0,0,0,5,4,4,0.233596259,-216.5979025,-1.062142411,"5",-1.065648666,-1.06078678,-1.062142411,-1.062142411,0.4,0.6666666667,5,10,0,3,3,0.0009618335555,0.001138621245,0.7010528696,0.233596259,-216.5979025,-1.062142411,-1.062142411,"4",0.6,0.5,0,0,1,TRUE,TRUE,TRUE,0.4,0.6666666667,0,0,0,0,0,3.60822483e-15,8.924486818e-15,3.041122909e-12,0.233596259,-216.5979025,-1.062142411,-1.062142411,"4|5",0.6,0.5,0,0,1,TRUE,TRUE,TRUE,0.4,0.6666666667,0,0,0,0,0,3.60822483e-15,8.924486818e-15,3.041122909e-12,0.233596259,-216.5979025,-1.062142411,-1.062142411,"NA",0.6,0.5,0,0,1,TRUE,TRUE,TRUE,0.4,0.6666666667,0,0,0,0,0,3.60822483e-15,8.924486818e-15,3.041122909e-12,5
"CONTD_50x200",9,50,200,25,37,20271037,TRUE,49,50,49,50,49,50,50,0,24,26,0.994,0.991,0.946,0,0,0,0,0,0,0,5,4,4,0.2328128172,-214.5513108,-1.067432361,"5",-1.103509808,-1.098490537,-1.067432361,-1.067432361,0.4,0.5555555556,5,10,0,5,5,0.009666140181,0.01143409909,7.21347506,0.2365364987,-211.8280754,-1.053812601,-1.067295147,"4",1,1,0.4067563243,0.4248705629,0.92,FALSE,FALSE,FALSE,0.2,0.6711111111,0,0,0,0,0,2.414735079e-15,8.574144932e-15,1.705302566e-12,0.2244660317,-220.7612042,-1.098490537,-1.067432361,"5",0.8,0.5,0.009873431513,0.009092281631,1,TRUE,FALSE,FALSE,0.4,0.5555555556,0,0,0,0,0,2.553512957e-15,8.578872109e-15,1.847411113e-12,0.2244660317,-220.7612042,-1.098490537,-1.067432361,"NA",0.8,0.5,0.009873431513,0.009092281631,1,TRUE,FALSE,FALSE,0.4,0.5555555556,1,1,0,1,1,0.0005273418369,0.0006182747106,0.3994099769,5
"CONTD_50x200",9,50,200,25,38,20271038,TRUE,49,50,49,50,49,50,50,0,24,26,1.399,1.276,1.354,0,0,0,0,0,0,0,5,4,4,0.2276461685,-217.7822788,-1.084711298,"5",-1.093706348,-1.084711298,-1.084711298,-1.084711298,0.4,0.5688888889,5,10,0,1,1,0.002393759792,0.002813595076,1.798519816,0.2254698867,-219.3760282,-1.092682295,-1.084508576,"4",0.2,1,0.6411198967,0.6151951518,0.8,FALSE,FALSE,FALSE,0.2,0.6977777778,0,0,0,0,0,2.997602166e-15,8.792763108e-15,2.131628207e-12,0.2232451078,-221.1043865,-1.101326333,-1.084711298,"5",0,0.5,0.005172951303,0.004618370486,1,TRUE,FALSE,FALSE,0.4,0.5688888889,0,0,0,0,0,2.775557562e-15,8.582794327e-15,1.98951966e-12,0.2232451078,-221.1043865,-1.101326333,-1.084711298,"NA",0,0.5,0.005172951303,0.004618370486,1,TRUE,FALSE,FALSE,0.4,0.5688888889,0,0,0,0,0,2.775557562e-15,8.582794327e-15,1.98951966e-12,5
"CONTD_50x200",9,50,200,25,39,20271039,TRUE,49,50,49,50,49,50,50,0,24,26,1.414,1.252,1.302,0,0,0,0,0,0,0,5,4,4,0.2400961047,-208.494959,-1.040621475,"5",-1.040621475,-1.02932047,-1.040621475,-1.040621475,0.2,0.8044444444,5,6,0,1,1,0.003218942556,0.003842773183,2.259509334,0.2381839072,-209.7637394,-1.046968106,-1.040179659,"4",0,1,0.2697957848,0.3667542065,0.96,FALSE,FALSE,FALSE,0.2,0.7955555556,0,0,0,0,0,2.442490654e-15,8.132338968e-15,1.875832822e-12,0.234536252,-212.4733591,-1.060519394,-1.040621475,"5",0,0.5,0.006637351376,0.00581444339,1,TRUE,FALSE,FALSE,0.2,0.8044444444,0,0,0,0,0,1.415534356e-15,8.065541575e-15,1.051603249e-12,0.234536252,-212.4733591,-1.060519394,-1.040621475,"NA",0,0.5,0.006637351376,0.00581444339,1,TRUE,FALSE,FALSE,0.2,0.8044444444,0,0,0,0,0,1.415534356e-15,8.065541575e-15,1.051603249e-12,5
"CONTD_50x200",9,50,200,25,40,20271040,TRUE,49,50,49,50,49,50,50,0,24,26,1.421,1.286,1.31,0,0,0,0,0,0,0,5,4,4,0.2239651427,-217.213238,-1.101135353,"1",-1.106657399,-1.088192678,-1.101135353,-1.100014888,0.6,0.4711111111,5,9,4,4,4,0.003132540792,0.7742429651,2.588498168,0.222514467,-218.61201,-1.108129035,-1.102594705,"4",0,0,0.6058312789,0.4629377392,0.8,FALSE,FALSE,FALSE,0.4,0.56,0,0,0,0,0,1.970645869e-15,8.275941367e-15,1.364242053e-12,0.2278804348,-214.6197228,-1.088161785,-1.102914322,"5",1,0,0.6096699773,0.5344505333,0.8,FALSE,FALSE,FALSE,0.6,0.4711111111,0,0,0,0,0,8.965050924e-15,1.309830453e-14,6.821210263e-12,0.2278804348,-214.6197228,-1.088161785,-1.102914322,"NA",1,0,0.6096699773,0.5344505333,0.8,FALSE,FALSE,FALSE,0.6,0.4711111111,0,0,0,0,0,8.965050924e-15,1.309830453e-14,6.821210263e-12,5
"CONTD_50x200",9,50,200,25,41,20271041,TRUE,49,50,49,50,49,50,50,0,24,26,1.424,1.633,1.463,0,0,0,0,0,0,0,5,4,4,0.2243518964,-224.0828251,-1.098648506,"5",-1.098648506,-1.083665726,-1.098648506,-1.098648506,0.2,0.7688888889,5,10,0,3,3,0.003984905316,0.004668462037,2.995731348,0.2321927688,-218.195805,-1.069205387,-1.098428644,"4",1,1,0.3960436598,0.5849212078,0.92,FALSE,FALSE,FALSE,0.2,0.7333333333,0,0,0,0,0,3.996802889e-15,9.260874906e-15,3.353761713e-12,0.230434604,-219.5318666,-1.075887406,-1.098648506,"5",1,0.5,0.007126113973,0.005851949109,1,TRUE,FALSE,FALSE,0.2,0.7688888889,0,0,0,0,0,1.637578961e-15,8.29954605e-15,1.449507181e-12,0.230434604,-219.5318666,-1.075887406,-1.098648506,"NA",1,0.5,0.007126113973,0.005851949109,1,TRUE,FALSE,FALSE,0.2,0.7688888889,1,1,0,0,0,1.637578961e-15,8.29954605e-15,1.449507181e-12,5
"CONTD_50x200",9,50,200,25,42,20271042,TRUE,49,50,49,50,49,50,50,0,24,26,1.418,1.299,1.318,0,0,0,0,0,0,0,5,4,4,0.2251124396,-219.8644248,-1.096388602,"1",-1.096388602,-1.089929009,-1.096388602,-1.096272287,0.6,0.5022222222,5,6,1,2,2,0.001683887366,0.2714228737,1.291577689,0.2273784139,-218.4951361,-1.089536979,-1.098062514,"4",1,0,0.6711165876,0.6201867563,0.76,FALSE,FALSE,FALSE,0.4,0.5422222222,0,0,0,0,0,1.609823386e-15,7.955833989e-15,9.379164112e-13,0.2277497057,-218.2528908,-1.088325768,-1.098239657,"5",1,0,0.6061269476,0.5153194467,0.8,FALSE,FALSE,FALSE,0.4,0.5377777778,0,0,0,0,0,1.609823386e-15,8.003462708e-15,1.278976924e-12,0.2277497057,-218.2528908,-1.088325768,-1.098239657,"NA",1,0,0.6061269476,0.5153194467,0.8,FALSE,FALSE,FALSE,0.4,0.5377777778,0,0,0,0,0,1.609823386e-15,8.003462708e-15,1.278976924e-12,5
"CONTD_50x200",9,50,200,25,43,20271043,TRUE,49,50,49,50,49,50,50,0,24,26,1.366,1.252,1.329,0,0,0,0,0,0,0,5,4,4,0.2251462825,-221.2364018,-1.095498428,"5",-1.108297696,-1.095498428,-1.095498428,-1.095498428,0.2,0.8,5,10,0,2,2,0.003359153953,0.003938457797,2.559163832,0.2283041215,-218.6966077,-1.082797196,-1.094648784,"4",1,1,0.6386576044,0.5666269034,0.8,FALSE,FALSE,FALSE,0,0.8577777778,0,0,0,0,0,3.941291737e-15,9.288052273e-15,2.557953849e-12,0.2251462825,-221.2364018,-1.095498428,-1.095498428,"5",0.7,0.5,0,0,1,TRUE,TRUE,TRUE,0.2,0.8,0,0,0,0,0,2.081668171e-15,8.223616567e-15,9.379164112e-13,0.2251462825,-221.2364018,-1.095498428,-1.095498428,"NA",0.7,0.5,0,0,1,TRUE,TRUE,TRUE,0.2,0.8,0,0,0,0,0,2.081668171e-15,8.223616567e-15,9.379164112e-13,5
"CONTD_50x200",9,50,200,25,44,20271044,TRUE,49,50,49,50,49,50,50,0,24,26,1.367,1.333,1.332,0,0,0,0,0,0,0,5,4,4,0.2209282469,-221.2584615,-1.109753808,"5",-1.119246255,-1.090811542,-1.109753808,-1.109753808,0.4,0.6666666667,5,10,0,5,5,0.004970642609,0.005807258172,3.787449543,0.2334474046,-211.5740673,-1.061323298,-1.1082089,"4",1,1,0.570182426,0.5521122199,0.84,FALSE,FALSE,FALSE,0.2,0.7066666667,0,0,0,0,0,7.716050021e-15,1.237305568e-14,5.172751116e-12,0.2260353129,-217.368291,-1.090297799,-1.109753808,"5",1,0.5,0.005966643108,0.004915937321,1,TRUE,FALSE,FALSE,0.4,0.6666666667,0,0,0,0,0,3.885780586e-15,9.276077499e-15,3.211653166e-12,0.2260353129,-217.368291,-1.090297799,-1.109753808,"NA",1,0.5,0.005966643108,0.004915937321,1,TRUE,FALSE,FALSE,0.4,0.6666666667,0,0,0,0,0,3.885780586e-15,9.276077499e-15,3.211653166e-12,5
"CONTD_50x200",9,50,200,25,45,20271045,TRUE,49,50,49,50,49,50,50,0,24,26,1.377,1.322,1.309,0,0,0,0,0,0,0,5,4,4,0.2226406976,-219.3450371,-1.103080878,"5",-1.105775777,-1.103080878,-1.103080878,-1.103080878,0.2,0.8088888889,5,9,0,1,1,0.0007034968355,0.0008234977499,0.5388382907,0.2226406976,-219.1403284,-1.102058958,-1.102058958,"4",1,1,0.4973518627,0.4614551161,0.88,FALSE,FALSE,TRUE,0.2,0.8088888889,0,0,0,0,0,6.32827124e-15,1.085836766e-14,4.803268894e-12,0.2219372007,-219.8838754,-1.105775777,-1.103080878,"5",0.1,0.5,0.0008234977499,0.0006965976349,1,TRUE,FALSE,FALSE,0.2,0.8088888889,0,0,0,0,0,3.16413562e-15,8.635906874e-15,2.728484105e-12,0.2219372007,-219.8838754,-1.105775777,-1.103080878,"NA",0.1,0.5,0.0008234977499,0.0006965976349,1,TRUE,FALSE,FALSE,0.2,0.8088888889,0,0,0,0,0,3.16413562e-15,8.635906874e-15,2.728484105e-12,5
"CONTD_50x200",9,50,200,25,46,20271046,TRUE,49,50,49,50,49,50,50,0,24,26,1.393,1.29,1.335,0,0,0,0,0,0,0,5,4,4,0.2296092902,-218.7460407,-1.078600758,"5",-1.09829346,-1.073019026,-1.078600758,-1.078600758,0.2,0.8088888889,5,10,0,5,5,0.005252749412,0.006196787653,3.937448807,0.2386430132,-212.0026402,-1.044876552,-1.077666506,"4",1,1,0.3954273334,0.417794134,0.92,FALSE,FALSE,FALSE,0.2,0.8222222222,0,0,0,0,0,2.803313137e-15,8.67396291e-15,2.557953849e-12,0.2312267564,-217.5524957,-1.072631339,-1.078600758,"5",1,0.5,0.001908161602,0.002464643027,1,TRUE,FALSE,FALSE,0.2,0.8088888889,0,0,0,0,0,2.553512957e-15,8.486569967e-15,2.103206498e-12,0.2312267564,-217.5524957,-1.072631339,-1.078600758,"NA",1,0.5,0.001908161602,0.002464643027,1,TRUE,FALSE,FALSE,0.2,0.8088888889,3,3,0,0,0,2.553512957e-15,8.486569967e-15,2.103206498e-12,5
"CONTD_50x200",9,50,200,25,47,20271047,TRUE,49,50,49,50,49,50,50,0,24,26,1.567,1.377,1.225,0,0,0,0,0,0,0,5,4,4,0.2166073772,-219.0203447,-1.125946818,"1",-1.126870572,-1.125053117,-1.126870572,-1.125053117,0.4,0.5466666667,5,10,5,0,5,4.468647674e-15,0.8098453175,0.1850163605,0.2225617813,-214.9580225,-1.105624636,-1.128732692,"4",1,0,0.8122516218,0.778017996,0.64,FALSE,FALSE,FALSE,0.4,0.6222222222,0,0,0,0,0,1.804112415e-15,8.193748865e-15,8.526512829e-13,0.2225617813,-215.0746672,-1.106207141,-1.12931581,"5",1,0,0.7037657793,0.815010944,0.72,FALSE,FALSE,FALSE,0.4,0.6222222222,0,0,0,0,0,1.804112415e-15,8.202007722e-15,8.526512829e-13,0.2225617813,-215.0746672,-1.106207141,-1.12931581,"NA",1,0,0.7037657793,0.815010944,0.72,FALSE,FALSE,FALSE,0.4,0.6222222222,2,2,0,2,2,0.001565175792,0.001831894904,1.201967259,5
"CONTD_50x200",9,50,200,25,48,20271048,TRUE,49,50,49,50,49,50,50,0,24,26,1.117,1.124,1.093,0,0,0,0,0,0,0,5,4,4,0.2272374792,-220.4056429,-1.088507377,"5",-1.093653374,-1.088507377,-1.088507377,-1.088507377,0.2,0.7377777778,5,10,0,3,3,0.001369883775,0.001611998906,1.028912494,0.2304931564,-217.9187217,-1.076070155,-1.088171149,"4",1,1,0.3930754114,0.4772129039,0.92,FALSE,FALSE,FALSE,0,0.7733333333,0,0,0,0,0,2.969846591e-15,8.778622277e-15,2.50111043e-12,0.2258675954,-221.4345554,-1.093653374,-1.088507377,"5",0.3,0.5,0.001611998906,0.00133213587,1,TRUE,FALSE,FALSE,0.2,0.7377777778,0,0,0,0,0,5.828670879e-15,1.046866714e-14,4.291678124e-12,0.2258675954,-221.4345554,-1.093653374,-1.088507377,"NA",0.3,0.5,0.001611998906,0.00133213587,1,TRUE,FALSE,FALSE,0.2,0.7377777778,2,2,0,2,2,0.003769389054,0.004429111157,2.815674134,5
"CONTD_50x200",9,50,200,25,49,20271049,TRUE,49,50,49,50,49,50,50,0,24,26,1.06,1.027,0.99,0,0,0,0,0,0,0,5,4,4,0.2221516988,-219.5474784,-1.109447117,"5",-1.109447117,-1.097307996,-1.109447117,-1.109447117,0,0.9155555556,5,10,0,4,4,0.003189376822,0.003730464207,2.427150333,0.2276366917,-215.3583194,-1.088494862,-1.109261599,"4",1,1,0.4916872242,0.4274468407,0.88,FALSE,FALSE,FALSE,0,0.9155555556,0,0,0,0,0,2.91433544e-15,8.463549936e-15,1.790567694e-12,0.2275072256,-215.4921912,-1.089165011,-1.109447117,"5",1,0.5,0.006264108087,0.004751854093,1,TRUE,FALSE,FALSE,0,0.9155555556,0,0,0,0,0,2.02615702e-15,8.106621975e-15,1.98951966e-12,0.2275072256,-215.4921912,-1.089165011,-1.109447117,"NA",1,0.5,0.006264108087,0.004751854093,1,TRUE,FALSE,FALSE,0,0.9155555556,0,0,0,0,0,2.02615702e-15,8.106621975e-15,1.98951966e-12,5
"CONTD_50x200",9,50,200,25,50,20271050,TRUE,49,50,49,50,49,50,50,0,24,26,1.099,1.005,0.985,0,0,0,0,0,0,0,5,4,4,0.2265874299,-217.4845394,-1.089169866,"5",-1.089169866,-1.070058672,-1.089169866,-1.089169866,0.2,0.6088888889,5,9,0,3,3,0.005148942629,0.006056623028,3.821170375,0.2303163865,-214.7989964,-1.07573694,-1.0896229,"4",0.4,0,0.3924498871,0.5186986264,0.92,FALSE,FALSE,FALSE,0,0.6755555556,0,0,0,0,0,1.082467449e-15,8.063603206e-15,5.684341886e-13,0.2265874299,-217.4845394,-1.089169866,-1.089169866,"5",0.2,0.5,0,0,1,TRUE,TRUE,TRUE,0.2,0.6088888889,0,0,0,0,0,1.471045508e-15,8.182137387e-15,7.389644452e-13,0.2265874299,-217.4845394,-1.089169866,-1.089169866,"NA",0.2,0.5,0,0,1,TRUE,TRUE,TRUE,0.2,0.6088888889,3,3,0,0,0,1.471045508e-15,8.182137387e-15,7.389644452e-13,5
